step,exact,kimi,srd,srd_f
1,5.57337,5.57351,5.57337,5.57337
2,5.42969,5.43367,5.4298,5.42981
3,5.33206,5.33051,5.33248,5.33252
4,5.24077,5.23778,5.24134,5.24136
5,5.13656,5.13421,5.13554,5.13551
6,5.06111,5.05556,5.06118,5.06112
7,5.13371,5.01975,5.12591,5.12634
8,5.00073,4.98458,4.99922,4.99929
9,4.96361,4.94688,4.96308,4.96302
10,4.83826,4.82199,4.83722,4.83723
11,4.90406,4.89009,4.90264,4.90216
12,4.81473,4.81525,4.81573,4.81572
13,4.76526,4.7609,4.76515,4.76571
14,4.67817,4.65322,4.67607,4.67634
15,4.73886,4.72151,4.73735,4.73771
16,4.68581,4.67444,4.68486,4.68519
17,4.68437,4.67739,4.68429,4.68447
18,4.58306,4.57081,4.58265,4.58318
19,4.66317,4.65392,4.66075,4.6602
20,4.62757,4.62206,4.62806,4.62866
21,4.64091,4.66175,4.65984,4.66333
22,4.58172,4.57357,4.58396,4.60028
23,4.59246,4.59054,4.59539,4.61171
24,4.60833,4.60057,4.60552,4.6063
25,4.59657,4.59066,4.59589,4.59887
26,4.60747,4.58692,4.60564,4.6104
27,4.60557,4.59255,4.605,4.60681
28,4.74106,4.5442,4.62267,4.58536
29,4.58841,4.54919,4.57658,4.58743
30,4.58254,4.54164,4.56723,4.58291
31,4.61927,4.57972,4.61639,4.6146
32,4.57272,4.53846,4.57794,4.5911
33,4.59592,4.5494,4.58055,4.59507
34,4.60548,4.54376,4.59463,4.57133
35,4.58845,4.54383,4.56696,4.57265
36,4.58226,4.55208,4.56191,4.56943
37,4.5455,4.54144,4.54918,4.55946
38,4.58334,4.56689,4.57937,4.58746
39,4.54284,4.51826,4.51933,4.53208
40,4.52467,4.52512,4.52891,4.54423
41,4.5059,4.48722,4.50006,4.50374
42,4.53412,4.52145,4.52421,4.5313
43,4.52099,4.50911,4.51829,4.52203
44,4.53556,4.53154,4.53505,4.53685
45,4.53608,4.5249,4.52913,4.53752
46,4.50738,4.50369,4.50739,4.50575
47,4.5514,4.54771,4.54848,4.54922
48,4.49033,4.4793,4.47767,4.47981
49,4.49833,4.49188,4.49479,4.50291
50,4.53153,4.52614,4.52953,4.53125
51,4.54523,4.55049,4.54635,4.5468
52,4.57722,4.57676,4.57501,4.58117
53,4.53755,4.5282,4.53172,4.53443
54,4.56407,4.54755,4.56132,4.5602
55,4.51265,4.50485,4.50897,4.51124
56,4.49929,4.48433,4.49022,4.49974
57,4.48147,4.47829,4.48756,4.48511
58,4.50282,4.50399,4.50872,4.51023
59,4.50663,4.5103,4.50605,4.50571
60,4.54331,4.54593,4.54811,4.54289
61,4.51163,4.51308,4.51736,4.51781
62,4.53924,4.54072,4.54494,4.54086
63,4.51917,4.5137,4.52478,4.52203
64,4.5254,4.52596,4.52559,4.52433
65,4.51653,4.52127,4.52019,4.52668
66,4.50862,4.5102,4.50357,4.50775
67,4.51648,4.51448,4.52112,4.51519
68,4.53043,4.53091,4.52904,4.53023
69,4.48336,4.48777,4.48471,4.49199
70,4.60975,4.52308,4.52121,4.52364
71,4.54383,4.53659,4.53555,4.53201
72,4.53554,4.52682,4.52864,4.52293
73,4.50756,4.49794,4.49894,4.49831
74,4.53611,4.50728,4.50922,4.50754
75,4.53009,4.505,4.51379,4.518
76,4.50796,4.4963,4.49761,4.49993
77,4.51939,4.50487,4.51066,4.50603
78,4.48637,4.4737,4.48296,4.4902
79,4.53215,4.53221,4.53854,4.54195
80,4.47032,4.47649,4.47266,4.46919
81,4.52701,4.52425,4.51619,4.52162
82,4.51875,4.51418,4.51562,4.51271
83,4.52847,4.52729,4.52838,4.52809
84,4.4858,4.4815,4.48261,4.48776
85,4.47056,4.47001,4.46919,4.47238
86,4.45899,4.45557,4.45415,4.45137
87,4.51415,4.50789,4.50931,4.51
88,4.4893,4.48663,4.48536,4.4918
89,4.51946,4.51789,4.51859,4.51223
90,4.53472,4.53509,4.53366,4.54119
91,4.49239,4.49121,4.49212,4.48707
92,4.52621,4.52785,4.52438,4.52387
93,4.49572,4.49802,4.49468,4.49265
94,4.49077,4.48836,4.49068,4.49006
95,4.51242,4.50854,4.50761,4.51314
96,4.51193,4.50695,4.50906,4.51489
97,4.51965,4.49581,4.49903,4.50448
98,4.49061,4.49178,4.49015,4.49414
99,4.49555,4.49378,4.49163,4.49905
100,4.53341,4.53009,4.53016,4.53278
101,4.52717,4.52625,4.52269,4.52648
102,4.50243,4.49603,4.49742,4.49743
103,4.50591,4.50846,4.50782,4.50815
104,4.49709,4.49767,4.49917,4.497
105,4.50961,4.50665,4.50559,4.50379
106,4.50926,4.51101,4.51381,4.51875
107,4.49216,4.48643,4.48801,4.48651
108,4.54514,4.50847,4.50957,4.51045
109,4.50516,4.50376,4.5056,4.50692
110,4.50508,4.51045,4.50698,4.50642
111,4.48877,4.48421,4.4879,4.49936
112,4.47741,4.47249,4.47005,4.47049
113,4.49638,4.49805,4.49735,4.49882
114,4.52734,4.50228,4.50037,4.50565
115,4.5296,4.52215,4.52218,4.527
116,4.4874,4.48239,4.48412,4.48679
117,4.51844,4.49287,4.49426,4.49625
118,4.47858,4.4755,4.47214,4.47698
119,4.586,4.56222,4.5584,4.56608
120,4.49692,4.47794,4.47671,4.481
121,4.49827,4.49893,4.4952,4.49641
122,4.48508,4.49553,4.49848,4.50008
123,4.49021,4.48668,4.49137,4.49043
124,4.51139,4.5,4.49713,4.49692
125,4.50644,4.49988,4.50142,4.49992
126,4.50689,4.50607,4.50511,4.50457
127,4.51681,4.50055,4.50152,4.49952
128,4.50502,4.50889,4.51075,4.51217
129,4.49809,4.49852,4.49643,4.49865
130,4.46725,4.46063,4.46234,4.46023
131,4.51257,4.50906,4.51223,4.50844
132,4.4987,4.49454,4.49627,4.50103
133,4.47362,4.46606,4.46879,4.46963
134,4.50234,4.49955,4.49891,4.49856
135,4.51772,4.52129,4.51879,4.51748
136,4.50915,4.51007,4.50628,4.50506
137,4.50116,4.49916,4.50098,4.49673
138,4.5017,4.49575,4.49922,4.50187
139,4.47417,4.47198,4.47572,4.47357
140,4.46118,4.45754,4.45844,4.45885
141,4.5017,4.48423,4.48891,4.48566
142,4.49036,4.49089,4.48788,4.48878
143,4.51826,4.50671,4.50971,4.50888
144,4.49441,4.49416,4.49671,4.49664
145,4.49466,4.49421,4.49459,4.49723
146,4.50929,4.50667,4.50781,4.50607
147,4.50794,4.51171,4.50943,4.50943
148,4.51326,4.51303,4.5134,4.51447
149,4.50247,4.50252,4.50425,4.50601
150,4.4982,4.49975,4.49822,4.50095
151,4.48931,4.48299,4.48464,4.4842
152,4.47837,4.47607,4.47924,4.47715
153,4.51103,4.5124,4.51089,4.51018
154,4.50961,4.50477,4.50597,4.51078
155,4.52487,4.52484,4.52189,4.52549
156,4.51878,4.51841,4.51757,4.51733
157,4.46349,4.46086,4.46134,4.46221
158,4.50512,4.50545,4.50569,4.5048
159,4.51444,4.51367,4.51293,4.51362
160,4.49934,4.49889,4.49845,4.49929
161,4.48802,4.48675,4.48535,4.486
162,4.50582,4.50789,4.50789,4.50876
163,4.47633,4.47657,4.47746,4.47524
164,4.47607,4.47661,4.47601,4.47623
165,4.51234,4.51313,4.51014,4.50912
166,4.48616,4.48361,4.48436,4.48487
167,4.49256,4.48593,4.49146,4.49566
168,4.48395,4.48624,4.4804,4.483
169,4.51708,4.5142,4.51591,4.51753
170,4.50068,4.50162,4.50099,4.49994
171,4.49319,4.48995,4.49434,4.49082
172,4.50643,4.50689,4.50781,4.50501
173,4.50078,4.50111,4.50078,4.50432
174,4.48279,4.48299,4.48064,4.48315
175,4.48999,4.48655,4.4894,4.48933
176,4.49697,4.49448,4.49615,4.49565
177,4.45842,4.46284,4.46138,4.45946
178,4.49404,4.48696,4.48763,4.48832
179,4.48529,4.47464,4.47678,4.4787
180,4.4974,4.49582,4.49691,4.49762
181,4.48057,4.47862,4.4796,4.48008
182,4.50774,4.51412,4.51207,4.51207
183,4.50015,4.49734,4.49763,4.49996
184,4.4618,4.46153,4.46177,4.46308
185,4.52334,4.52237,4.52112,4.52219
186,4.49953,4.5004,4.49948,4.49844
187,4.50429,4.50234,4.50428,4.50601
188,4.48055,4.47712,4.48077,4.48127
189,4.51425,4.50661,4.50614,4.50801
190,4.51587,4.51599,4.51526,4.51619
191,4.48068,4.47763,4.47889,4.47907
192,4.47269,4.47276,4.47503,4.47303
193,4.52959,4.52455,4.52704,4.52535
194,4.50209,4.49868,4.49828,4.49995
195,4.48062,4.48343,4.48071,4.47972
196,4.48335,4.48634,4.48309,4.48631
197,4.47998,4.47788,4.48358,4.48012
198,4.50398,4.49948,4.49901,4.50255
199,4.51439,4.51281,4.51328,4.51216
200,4.47226,4.46967,4.47036,4.46873
201,4.49538,4.49393,4.49242,4.49327
202,4.46108,4.46372,4.46657,4.46573
203,4.49201,4.49072,4.49063,4.48855
204,4.50986,4.5097,4.50911,4.51123
205,4.51188,4.5093,4.50997,4.51165
206,4.54696,4.5296,4.53239,4.53185
207,4.47955,4.47797,4.47864,4.47825
208,4.48571,4.48517,4.48619,4.48657
209,4.50129,4.49706,4.49833,4.49846
210,4.51002,4.51368,4.51472,4.51325
211,4.48801,4.48529,4.48386,4.4858
212,4.46125,4.46271,4.46236,4.46239
213,4.47698,4.47656,4.47612,4.47671
214,4.46816,4.4647,4.46451,4.46513
215,4.49495,4.49622,4.4952,4.49397
216,4.49039,4.48642,4.48787,4.48929
217,4.48446,4.48576,4.48139,4.48246
218,4.47143,4.46841,4.47221,4.46888
219,4.48672,4.48477,4.48538,4.48372
220,4.50075,4.49791,4.49975,4.49983
221,4.47233,4.47011,4.4713,4.47218
222,4.48077,4.49828,4.4799,4.47957
223,4.50365,4.50073,4.5028,4.50279
224,4.46941,4.46746,4.46694,4.46641
225,4.47805,4.47878,4.47596,4.47478
226,4.50095,4.49752,4.49943,4.50093
227,4.47495,4.4755,4.47599,4.47636
228,4.52194,4.5223,4.52209,4.52309
229,4.50345,4.50111,4.50188,4.50273
230,4.50376,4.505,4.50498,4.50644
231,4.4779,4.47741,4.47603,4.47702
232,4.4845,4.48276,4.48301,4.48344
233,4.4903,4.49012,4.48902,4.48787
234,4.47195,4.4717,4.47234,4.47307
235,4.48738,4.48876,4.48883,4.48916
236,4.49133,4.49063,4.49292,4.49437
237,4.46958,4.46957,4.47105,4.46744
238,4.46493,4.4663,4.46489,4.46341
239,4.48566,4.48337,4.48446,4.48332
240,4.48236,4.47947,4.48027,4.48159
241,4.49515,4.4964,4.49596,4.49615
242,4.46384,4.4641,4.46353,4.46312
243,4.48507,4.4824,4.48384,4.48395
244,4.48596,4.48553,4.48509,4.48539
245,4.4898,4.48593,4.48945,4.48888
246,4.47531,4.47561,4.47591,4.47335
247,4.5036,4.50344,4.50196,4.5014
248,4.4907,4.48984,4.49,4.49042
249,4.47576,4.47708,4.4754,4.47464
250,4.48788,4.49443,4.48811,4.48751
251,4.49727,4.49554,4.49683,4.49406
252,4.48654,4.48672,4.48722,4.48499
253,4.48386,4.48422,4.48464,4.48157
254,4.51146,4.5161,4.50928,4.50845
255,4.47425,4.47354,4.47296,4.47524
256,4.51038,4.5639,4.50801,4.5092
257,4.48813,4.48892,4.48816,4.4876
258,4.48693,4.48367,4.48544,4.48627
259,4.49916,4.49607,4.4971,4.50043
260,4.50057,4.49902,4.4987,4.50018
261,4.48723,4.48867,4.48785,4.48767
262,4.47161,4.47047,4.46905,4.46902
263,4.50122,4.50041,4.50154,4.50226
264,4.47253,4.47507,4.47312,4.47179
265,4.48522,4.48903,4.48519,4.48492
266,4.46935,4.46898,4.47028,4.47193
267,4.49627,4.49515,4.49519,4.49516
268,4.4767,4.47724,4.47809,4.4779
269,4.49318,4.49245,4.49281,4.49436
270,4.4847,4.48327,4.48383,4.48363
271,4.50189,4.51091,4.50023,4.50161
272,4.48683,4.48695,4.48609,4.48732
273,4.48847,4.48886,4.49,4.48769
274,4.50055,4.49895,4.50097,4.4987
275,4.49167,4.49127,4.4924,4.4909
276,4.50053,4.51855,4.50098,4.49888
277,4.48758,4.48614,4.48612,4.48686
278,4.4982,4.49797,4.49876,4.49772
279,4.46619,4.46426,4.46558,4.46594
280,4.50797,4.50912,4.50866,4.50974
281,4.47854,4.47761,4.47699,4.47779
282,4.49065,4.48606,4.4894,4.49025
283,4.45522,4.4581,4.45518,4.45984
284,4.47741,4.47717,4.47564,4.47831
285,4.46933,4.47349,4.46885,4.46855
286,4.48098,4.483,4.48156,4.48143
287,4.48611,4.48677,4.48652,4.48375
288,4.49357,4.50668,4.49211,4.49252
289,4.47487,4.47489,4.47518,4.47525
290,4.46125,4.46199,4.45951,4.46103
291,4.46396,4.46203,4.46273,4.46199
292,4.47841,4.47634,4.47707,4.47583
293,4.52919,4.52833,4.52773,4.52841
294,4.47413,4.47322,4.47357,4.47452
295,4.46065,4.4638,4.46067,4.46181
296,4.47407,4.47475,4.47354,4.47435
297,4.48605,4.49423,4.48709,4.48774
298,4.49615,4.4948,4.49639,4.49614
299,4.49228,4.4941,4.4901,4.49283
300,4.5004,4.50251,4.49801,4.49664
301,4.50671,4.50968,4.50472,4.50725
302,4.47954,4.48145,4.47692,4.47734
303,4.50757,4.50741,4.50386,4.50657
304,4.48723,4.48859,4.48783,4.48838
305,4.49072,4.48761,4.48754,4.48915
306,4.48935,4.49227,4.48972,4.49057
307,4.48464,4.48244,4.48324,4.48154
308,4.47861,4.4787,4.47899,4.47963
309,4.49018,4.49282,4.49049,4.49119
310,4.47268,4.47128,4.47175,4.47177
311,4.51266,4.51059,4.51032,4.51267
312,4.48339,4.48365,4.48322,4.48173
313,4.4869,4.48497,4.48471,4.4851
314,4.48386,4.48239,4.48235,4.48482
315,4.49919,4.49947,4.49924,4.50008
316,4.47988,4.47702,4.47852,4.47932
317,4.4872,4.48355,4.4873,4.48578
318,4.46989,4.46749,4.47116,4.46914
319,4.47806,4.47622,4.47711,4.47647
320,4.48687,4.49843,4.4868,4.48541
321,4.48717,4.48772,4.48829,4.48862
322,4.49086,4.4877,4.49182,4.49269
323,4.49337,4.49185,4.49156,4.49541
324,4.48556,4.48571,4.48558,4.48445
325,4.46869,4.4689,4.46955,4.46924
326,4.4811,4.4844,4.4808,4.48275
327,4.4811,4.48215,4.48116,4.48205
328,4.48995,4.49558,4.49037,4.49331
329,4.46972,4.46896,4.46751,4.4715
330,4.49937,4.50097,4.49903,4.4989
331,4.4992,4.49734,4.49896,4.49863
332,4.4788,4.47956,4.47795,4.48001
333,4.46801,4.47151,4.46725,4.46947
334,4.44393,4.44528,4.44618,4.44613
335,4.47878,4.47738,4.47743,4.47718
336,4.47112,4.4706,4.47018,4.47009
337,4.51386,4.51323,4.51013,4.51149
338,4.4834,4.49202,4.48356,4.48374
339,4.48907,4.48726,4.48662,4.48664
340,4.4762,4.488,4.47632,4.47719
341,4.48653,4.48882,4.48527,4.50234
342,4.48526,4.4846,4.4839,4.4843
343,4.47479,4.47439,4.47442,4.47372
344,4.49826,4.49687,4.49739,4.49841
345,4.47129,4.47332,4.4712,4.47209
346,4.49298,4.49071,4.49252,4.49275
347,4.46623,4.46654,4.46583,4.46582
348,4.46792,4.46379,4.46795,4.46764
349,4.48185,4.48179,4.48161,4.48186
350,4.486,4.4865,4.48757,4.48944
351,4.47247,4.47296,4.47186,4.47254
352,4.48061,4.48049,4.48173,4.48142
353,4.47536,4.47018,4.47572,4.47482
354,4.46213,4.46383,4.4618,4.46249
355,4.45665,4.45365,4.45569,4.4582
356,4.51012,4.51034,4.51119,4.51115
357,4.50041,4.49728,4.50073,4.50081
358,4.50237,4.50216,4.50313,4.50299
359,4.48245,4.48326,4.48119,4.47945
360,4.49129,4.48598,4.49118,4.49153
361,4.47435,4.47459,4.47435,4.47443
362,4.47989,4.47885,4.48008,4.47841
363,4.47369,4.47204,4.47391,4.47092
364,4.48118,4.48206,4.48125,4.48173
365,4.48311,4.48034,4.48224,4.48236
366,4.47095,4.47088,4.4698,4.46651
367,4.47079,4.47136,4.46962,4.46957
368,4.49497,4.49578,4.49229,4.51786
369,4.47482,4.47587,4.47283,4.47555
370,4.4992,4.50548,4.4981,4.49932
371,4.47083,4.47174,4.46755,4.46862
372,4.47599,4.47548,4.47553,4.47396
373,4.4769,4.47573,4.47579,4.47445
374,4.49263,4.49341,4.49186,4.49213
375,4.4792,4.47738,4.47657,4.48308
376,4.47468,4.47743,4.47289,4.47311
377,4.48759,4.48564,4.48539,4.48632
378,4.48311,4.48333,4.4833,4.48474
379,4.45109,4.45145,4.44883,4.45009
380,4.48606,4.48642,4.48429,4.48354
381,4.46973,4.46616,4.46825,4.46648
382,4.47241,4.47152,4.47084,4.47408
383,4.48668,4.48348,4.48748,4.48867
384,4.49108,4.48727,4.49176,4.49128
385,4.48392,4.47831,4.48364,4.48365
386,4.48825,4.48552,4.48882,4.4884
387,4.46356,4.46262,4.46151,4.4615
388,4.46291,4.46299,4.46297,4.45914
389,4.48682,4.48368,4.48599,4.48684
390,4.48431,4.48531,4.48622,4.48594
391,4.49555,4.49666,4.49508,4.49596
392,4.46657,4.46622,4.4648,4.46656
393,4.49301,4.49441,4.49303,4.49263
394,4.46459,4.46521,4.46507,4.46461
395,4.45573,4.456,4.45494,4.45767
396,4.47989,4.47939,4.47938,4.4797
397,4.50978,4.51094,4.50736,4.50895
398,4.47491,4.47811,4.47401,4.47521
399,4.476,4.47506,4.47609,4.47694
400,4.49187,4.49162,4.48912,4.49074
401,4.46608,4.46784,4.4674,4.46393
402,4.47688,4.47797,4.47531,4.47538
403,4.48978,4.48875,4.48761,4.48961
404,4.46312,4.4616,4.46274,4.46562
405,4.47627,4.47448,4.47487,4.47422
406,4.45702,4.45817,4.45791,4.45766
407,4.46061,4.46055,4.45945,4.45839
408,4.52907,4.52928,4.52665,4.53392
409,4.47025,4.46931,4.46894,4.46956
410,4.496,4.49363,4.49374,4.49622
411,4.48423,4.48461,4.48318,4.48507
412,4.46574,4.46257,4.46622,4.46344
413,4.47763,4.48056,4.47734,4.47845
414,4.47175,4.46935,4.47205,4.46997
415,4.47089,4.47093,4.47302,4.47158
416,4.50578,4.50024,4.50472,4.50447
417,4.46978,4.47093,4.47286,4.46898
418,4.4647,4.46728,4.46669,4.46511
419,4.46243,4.46227,4.4637,4.46662
420,4.47175,4.46893,4.471,4.47137
421,4.49004,4.48897,4.4889,4.48686
422,4.47309,4.47088,4.47122,4.47068
423,4.47856,4.47729,4.47864,4.47818
424,4.50748,4.5047,4.50523,4.5077
425,4.47384,4.47229,4.47514,4.47413
426,4.47872,4.4778,4.47774,4.48038
427,4.50221,4.49861,4.49724,4.5023
428,4.4776,4.47898,4.47611,4.47749
429,4.48674,4.48652,4.48526,4.48726
430,4.45933,4.4558,4.45799,4.45811
431,4.49093,4.48889,4.49061,4.49048
432,4.49607,4.4975,4.49682,4.49721
433,4.46372,4.46526,4.46241,4.46372
434,4.48165,4.48226,4.47966,4.4801
435,4.46155,4.46098,4.46067,4.46077
436,4.46827,4.4704,4.46634,4.46603
437,4.49658,4.49648,4.49493,4.49807
438,4.49222,4.49224,4.4901,4.49275
439,4.47861,4.47611,4.47761,4.47956
440,4.48189,4.48122,4.48224,4.48237
441,4.49511,4.49363,4.4949,4.49397
442,4.46623,4.46646,4.46655,4.46634
443,4.48947,4.48912,4.48949,4.4902
444,4.48208,4.48149,4.48174,4.48112
445,4.48282,4.48278,4.48166,4.48053
446,4.47162,4.47167,4.47069,4.46892
447,4.46321,4.46259,4.46377,4.46107
448,4.46792,4.46786,4.46679,4.46613
449,4.49895,4.4962,4.49798,4.49738
450,4.48152,4.47919,4.48241,4.48143
451,4.44737,4.44537,4.44699,4.44682
452,4.46417,4.46303,4.46522,4.49332
453,4.46819,4.47039,4.46904,4.46725
454,4.46172,4.46009,4.45987,4.48621
455,4.49315,4.49279,4.49476,4.49887
456,4.48653,4.48611,4.48815,4.48566
457,4.45818,4.45724,4.45744,4.45756
458,4.45699,4.45571,4.45637,4.49449
459,4.49692,4.49658,4.49551,4.49712
460,4.4925,4.49182,4.49267,4.52975
461,4.49754,4.4977,4.49446,4.49289
462,4.49395,4.49373,4.49435,4.50997
463,4.48669,4.48291,4.48501,4.48182
464,4.46988,4.46773,4.46936,4.47019
465,4.46838,4.4691,4.4694,4.46692
466,4.48011,4.48115,4.4806,4.47967
467,4.4918,4.4916,4.4912,4.49348
468,4.47418,4.47474,4.47422,4.47835
469,4.4868,4.48693,4.48555,4.5255
470,4.48537,4.48412,4.48235,4.48401
471,4.46305,4.46494,4.46287,4.4617
472,4.4863,4.48373,4.48547,4.48391
473,4.48018,4.48084,4.4809,4.4845
474,4.47851,4.47916,4.47739,4.50115
475,4.46773,4.46919,4.46846,4.46942
476,4.47877,4.47726,4.47825,4.49381
477,4.46431,4.46335,4.46532,4.47185
478,4.47197,4.47387,4.47224,4.51286
479,4.47761,4.47676,4.47823,4.48296
480,4.48325,4.48335,4.48285,4.50208
481,4.50721,4.50817,4.50772,4.56265
482,4.51527,4.51438,4.51371,4.55636
483,4.48085,4.47853,4.47924,4.52985
484,4.47216,4.47177,4.47204,4.55203
485,4.48587,4.48595,4.48634,4.51573
486,4.46991,4.46827,4.47021,4.50068
487,4.48289,4.48263,4.48208,4.52332
488,4.46614,4.46574,4.46532,4.49014
489,4.47329,4.47438,4.47359,4.50998
490,4.47494,4.47461,4.47627,4.49087
491,4.48716,4.48748,4.48517,4.49699
492,4.48003,4.48157,4.47923,4.48134
493,4.48423,4.48397,4.48186,4.51405
494,4.48382,4.48201,4.48256,4.49998
495,4.47653,4.47655,4.47486,4.49108
496,4.48687,4.48458,4.48448,4.48662
497,4.48687,4.48691,4.48719,4.48584
498,4.47261,4.4746,4.4739,4.48337
499,4.4969,4.49825,4.49651,4.49814
500,4.46507,4.46577,4.46659,4.48075
501,4.4675,4.4699,4.46842,4.48477
502,4.47757,4.47967,4.47773,4.48178
503,4.47295,4.47438,4.47215,4.47549
504,4.48082,4.48012,4.47778,4.47867
505,4.47191,4.47016,4.47246,4.47565
506,4.4615,4.45977,4.46078,4.46145
507,4.47751,4.47453,4.47425,4.48419
508,4.47888,4.47961,4.47691,4.48329
509,4.46409,4.46264,4.4625,4.46511
510,4.46992,4.47052,4.4723,4.48152
511,4.47233,4.47171,4.47091,4.47466
512,4.47571,4.47627,4.4744,4.48201
513,4.48879,4.48677,4.48705,4.49131
514,4.48387,4.48101,4.48205,4.48712
515,4.46564,4.46429,4.46647,4.47272
516,4.48652,4.48544,4.48719,4.49036
517,4.47951,4.47803,4.47905,4.49168
518,4.48554,4.48655,4.48576,4.48732
519,4.4605,4.46298,4.46062,4.46311
520,4.4554,4.45508,4.45557,4.45868
521,4.49452,4.49497,4.4925,4.49146
522,4.47489,4.47564,4.47162,4.47497
523,4.50054,4.49917,4.49914,4.5
524,4.46889,4.46925,4.46821,4.46925
525,4.47617,4.47511,4.47616,4.47666
526,4.50262,4.50197,4.50091,4.51426
527,4.48143,4.48491,4.48027,4.48094
528,4.46797,4.46893,4.46763,4.48508
529,4.47601,4.47616,4.47486,4.4772
530,4.48508,4.48269,4.48336,4.48557
531,4.49191,4.49112,4.4903,4.49234
532,4.49131,4.49173,4.49078,4.50536
533,4.49777,4.49654,4.49743,4.52673
534,4.46284,4.46123,4.46261,4.46423
535,4.46341,4.46651,4.46371,4.46554
536,4.48708,4.48614,4.48856,4.49501
537,4.4794,4.48051,4.47842,4.48057
538,4.49822,4.49853,4.49855,4.50201
539,4.49288,4.49205,4.49338,4.52748
540,4.47369,4.47209,4.47325,4.47202
541,4.46471,4.46517,4.46337,4.46846
542,4.48525,4.48424,4.48385,4.48435
543,4.48781,4.48693,4.48498,4.4904
544,4.46366,4.46474,4.46408,4.46505
545,4.46612,4.46586,4.4669,4.46956
546,4.47494,4.47435,4.47398,4.4772
547,4.4761,4.47484,4.47506,4.47359
548,4.45853,4.45615,4.45701,4.45895
549,4.46873,4.46845,4.46866,4.471
550,4.4991,4.5003,4.49782,4.5049
551,4.47316,4.47228,4.47421,4.46884
552,4.48042,4.47871,4.47957,4.47907
553,4.49585,4.49593,4.49381,4.49975
554,4.47911,4.47762,4.47855,4.47696
555,4.49215,4.49269,4.49084,4.49535
556,4.47498,4.47445,4.47441,4.47982
557,4.47818,4.47773,4.47843,4.48531
558,4.47607,4.47694,4.47621,4.47662
559,4.49668,4.49553,4.49563,4.49709
560,4.48511,4.48403,4.48508,4.48642
561,4.47899,4.47892,4.48007,4.47744
562,4.47114,4.4702,4.47132,4.47495
563,4.48973,4.49139,4.49165,4.49174
564,4.4807,4.48064,4.48111,4.48501
565,4.47826,4.47707,4.47583,4.48018
566,4.46407,4.46431,4.46502,4.45954
567,4.46584,4.46301,4.46569,4.46491
568,4.48107,4.482,4.47911,4.48128
569,4.46656,4.4659,4.46545,4.46892
570,4.49204,4.4929,4.49167,4.49504
571,4.4899,4.48737,4.48873,4.49382
572,4.47268,4.46982,4.47271,4.4725
573,4.47601,4.47428,4.47367,4.47961
574,4.468,4.46706,4.46654,4.46976
575,4.47957,4.48101,4.48017,4.48471
576,4.4779,4.48015,4.47719,4.47666
577,4.47319,4.47404,4.47281,4.47206
578,4.46782,4.46918,4.46738,4.47198
579,4.46792,4.46549,4.46504,4.46867
580,4.47005,4.46898,4.46884,4.46974
581,4.47462,4.47302,4.47409,4.47468
582,4.46513,4.46413,4.46367,4.46609
583,4.46901,4.46731,4.46641,4.46877
584,4.47249,4.4795,4.47141,4.47129
585,4.47604,4.47594,4.47647,4.47901
586,4.4946,4.4949,4.49522,4.49487
587,4.47653,4.48621,4.47542,4.47796
588,4.47743,4.47548,4.47894,4.47782
589,4.47885,4.49433,4.47819,4.47475
590,4.46993,4.46927,4.46924,4.47063
591,4.47369,4.47507,4.47357,4.47332
592,4.47439,4.47364,4.47457,4.47398
593,4.47987,4.50149,4.47891,4.48
594,4.48111,4.48645,4.48,4.48444
595,4.46903,4.47109,4.46875,4.46942
596,4.46896,4.47582,4.46853,4.46671
597,4.4871,4.49608,4.48643,4.48665
598,4.44394,4.4446,4.44397,4.44509
599,4.48312,4.48276,4.48185,4.48279
600,4.4839,4.49725,4.48277,4.48593
601,4.49648,4.51991,4.49733,4.49452
602,4.48717,4.48601,4.48762,4.49146
603,4.48042,4.49419,4.47859,4.48332
604,4.46684,4.47064,4.46889,4.4657
605,4.48769,4.52949,4.48869,4.49181
606,4.47765,4.47955,4.47662,4.4793
607,4.45202,4.46551,4.4527,4.45058
608,4.48897,4.48636,4.48724,4.49078
609,4.44608,4.44928,4.44703,4.44553
610,4.47117,4.47084,4.47083,4.47561
611,4.47435,4.47896,4.47534,4.4776
612,4.46943,4.46891,4.46779,4.47173
613,4.46732,4.47157,4.46695,4.4671
614,4.46379,4.46813,4.46424,4.4648
615,4.47265,4.47305,4.47003,4.47155
616,4.48136,4.4805,4.48134,4.48019
617,4.46831,4.46981,4.46803,4.4667
618,4.48065,4.4866,4.48076,4.4786
619,4.48764,4.48698,4.4856,4.48892
620,4.4774,4.48094,4.47641,4.47932
621,4.49023,4.48761,4.48956,4.48969
622,4.48693,4.48712,4.48548,4.48678
623,4.4682,4.46751,4.46572,4.46757
624,4.4746,4.47323,4.47369,4.47274
625,4.48052,4.47756,4.50365,4.47952
626,4.47163,4.47523,4.47265,4.47041
627,4.48503,4.48501,5.62232,4.4831
628,4.48363,4.48363,4.57018,4.485
629,4.48774,4.49085,4.48963,4.48906
630,4.46795,4.46801,4.48026,4.46867
631,4.46488,4.46484,4.56582,4.46661
632,4.47727,4.47545,4.49395,4.47997
633,4.47596,4.47455,4.53495,4.47538
634,4.47062,4.47592,4.52944,4.47302
635,4.46943,4.47369,4.48503,4.46978
636,4.5005,4.50387,4.50858,4.50172
637,4.48181,4.47949,4.49909,4.48294
638,4.46932,4.46984,4.47571,4.47123
639,4.46898,4.46666,4.49951,4.46783
640,4.47462,4.47579,4.47694,4.47734
641,4.46704,4.46533,4.47541,4.46627
642,4.47162,4.46949,4.47982,4.474
643,4.47223,4.47109,4.47148,4.47365
644,4.47661,4.47685,4.47664,4.47792
645,4.48465,4.48262,4.4814,4.48858
646,4.47854,4.48046,4.48023,4.47724
647,4.45468,4.45925,4.45264,4.45373
648,4.46825,4.46949,4.51242,4.46598
649,4.47694,4.4756,4.48013,4.47861
650,4.46432,4.46744,4.46795,4.4653
651,4.47794,4.47317,4.55323,4.47554
652,4.46109,4.46452,4.54455,4.4641
653,4.4801,4.48237,4.5081,4.48093
654,4.44946,4.45504,4.45628,4.44921
655,4.46891,4.46967,4.4901,4.46793
656,4.45235,4.44758,4.465,4.45292
657,4.48423,4.48338,4.48328,4.48288
658,4.4937,4.49364,4.5033,4.49344
659,4.46534,4.46308,4.46306,4.46491
660,4.44852,4.46435,4.46676,4.45026
661,4.47678,4.47181,4.47997,4.47712
662,4.48362,4.48052,4.49179,4.48499
663,4.49591,4.50099,4.52463,4.49709
664,4.49611,4.49817,4.49655,4.49706
665,4.45919,4.4614,4.47125,4.45932
666,4.45814,4.45751,4.46584,4.45855
667,4.491,4.49304,4.49205,4.4924
668,4.47325,4.47023,4.48056,4.47308
669,4.48833,4.48786,4.4875,4.4884
670,4.47811,4.47654,4.47808,4.47826
671,4.46555,4.46381,4.46146,4.46695
672,4.49781,4.49821,4.49697,4.49674
673,4.47385,4.47295,4.47135,4.47346
674,4.47948,4.47923,4.48478,4.48171
675,4.47376,4.47516,4.47924,4.47519
676,4.4853,4.485,4.49604,4.48582
677,4.47229,4.47029,4.47868,4.47371
678,4.47521,4.47432,4.47744,4.47828
679,4.46402,4.46803,4.46058,4.46646
680,4.48112,4.48204,4.48218,4.47799
681,4.4738,4.47172,4.47489,4.47565
682,4.47062,4.47392,4.47026,4.46895
683,4.484,4.48135,4.4897,4.48381
684,4.46705,4.46827,4.46879,4.46687
685,4.49259,4.49174,4.48987,4.49163
686,4.47069,4.46758,4.46676,4.47044
687,4.46076,4.46537,4.46045,4.45912
688,4.47212,4.47044,4.4979,4.46997
689,4.45284,4.45755,4.45384,4.45185
690,4.4884,4.48633,4.49162,4.48691
691,4.46862,4.47307,4.46965,4.47192
692,4.48149,4.47953,4.50489,4.48148
693,4.4692,4.46362,4.46928,4.47011
694,4.48206,4.48176,4.47991,4.48289
695,4.48536,4.48489,4.47887,4.48613
696,4.49547,4.49708,4.49784,4.49712
697,4.45269,4.45244,4.45179,4.45463
698,4.47635,4.47687,4.48181,4.47486
699,4.47997,4.48063,4.47999,4.48207
700,4.48092,4.47812,4.48064,4.48187
701,4.47938,4.48123,4.48327,4.47759
702,4.47007,4.47007,4.47025,4.47198
703,4.48506,4.48282,4.48481,4.48804
704,4.46476,4.46724,4.46321,4.46602
705,4.46948,4.46946,4.47203,4.46725
706,4.47803,4.48051,4.48096,4.47805
707,4.4475,4.44747,4.44614,4.4486
708,4.4702,4.46987,4.47364,4.46505
709,4.47759,4.47883,4.47855,4.47777
710,4.46068,4.46257,4.46425,4.46376
711,4.46804,4.46603,4.48671,4.47129
712,4.47682,4.47735,4.47942,4.47437
713,4.48292,4.4831,4.48327,4.48722
714,4.47878,4.47982,4.47632,4.47704
715,4.47292,4.47584,4.47967,4.4743
716,4.46466,4.46382,4.48315,4.46405
717,4.4678,4.46779,4.46818,4.46684
718,4.47487,4.47411,4.47314,4.47452
719,4.46463,4.46594,4.46777,4.46588
720,4.46948,4.4743,4.47224,4.47188
721,4.4895,4.48796,4.48872,4.48843
722,4.48892,4.49092,4.48915,4.488
723,4.48336,4.48278,4.48384,4.488
724,4.47964,4.47691,4.47978,4.4822
725,4.46574,4.46468,4.4671,4.46448
726,4.46124,4.45963,4.46339,4.4604
727,4.46409,4.46614,4.47228,4.46236
728,4.47644,4.47237,4.47504,4.47816
729,4.46235,4.46328,4.46072,4.46005
730,4.47583,4.47593,4.47153,4.47419
731,4.47673,4.47606,4.47575,4.47509
732,4.45497,4.45251,4.45737,4.45666
733,4.46887,4.46803,4.48556,4.46977
734,4.46515,4.46839,4.46502,4.46309
735,4.45342,4.45395,4.45736,4.45295
736,4.48037,4.48163,4.49247,4.48126
737,4.48215,4.4821,4.5315,4.48122
738,4.47039,4.47028,4.46695,4.47074
739,4.45141,4.45249,4.4575,4.45036
740,4.50945,4.51012,4.5212,4.51123
741,4.49399,4.49407,4.49551,4.49403
742,4.47752,4.47796,4.48544,4.47431
743,4.46769,4.469,4.48617,4.46901
744,4.47494,4.47699,4.47805,4.47231
745,4.47162,4.4721,4.47086,4.4712
746,4.48239,4.48263,4.48505,4.48183
747,4.46627,4.46635,4.47026,4.46481
748,4.47927,4.48032,4.48505,4.48127
749,4.4836,4.4848,4.4829,4.48455
750,4.48899,4.48911,4.48905,4.50813
751,4.46307,4.46453,4.4641,4.46289
752,4.4842,4.48395,4.48844,4.48399
753,4.47146,4.47376,4.4711,4.47187
754,4.46894,4.47073,4.46734,4.46719
755,4.47288,4.47426,4.4748,4.47182
756,4.47151,4.47259,4.47372,4.47262
757,4.46596,4.46534,4.4669,4.46477
758,4.46942,4.47029,4.473,4.47216
759,4.4785,4.47743,4.48152,4.47672
760,4.464,4.46247,4.4624,4.46439
761,4.46492,4.46526,4.46175,4.46663
762,4.49719,4.49899,4.50235,4.50009
763,4.47204,4.47173,4.47015,4.47271
764,4.46584,4.46411,4.46516,4.46454
765,4.47623,4.47428,4.47509,4.47472
766,4.45808,4.46156,4.45529,4.45758
767,4.47427,4.47096,4.47426,4.47456
768,4.4787,4.47754,4.48372,4.48106
769,4.46209,4.45891,4.46374,4.46284
770,4.47121,4.47086,4.46685,4.46962
771,4.47362,4.4751,4.4761,4.47289
772,4.48409,4.48357,4.4855,4.48549
773,4.46925,4.4687,4.47103,4.46995
774,4.48776,4.48647,4.49422,4.48918
775,4.47369,4.47641,4.47395,4.47584
776,4.48249,4.48169,4.48146,4.4844
777,4.47874,4.47778,4.48176,4.47889
778,4.46029,4.46118,4.45803,4.45972
779,4.45757,4.45516,4.45712,4.45337
780,4.48934,4.49158,4.49064,4.48908
781,4.48097,4.48009,4.47875,4.4795
782,4.47242,4.47314,4.47515,4.47496
783,4.48099,4.48205,4.4838,4.4793
784,4.47056,4.46985,4.47085,4.47207
785,4.47089,4.47415,4.47668,4.47125
786,4.48848,4.48871,4.4905,4.48811
787,4.48819,4.48888,4.49424,4.48778
788,4.47436,4.47878,4.48382,4.4749
789,4.48494,4.48415,4.4846,4.48607
790,4.47361,4.47074,4.47122,4.47248
791,4.46883,4.47232,4.46929,4.4701
792,4.49095,4.49174,4.49205,4.49036
793,4.46547,4.46664,4.46807,4.46524
794,4.48658,4.48378,4.48431,4.48721
795,4.46231,4.46303,4.46319,4.46204
796,4.47745,4.47428,4.4742,4.47914
797,4.482,4.47781,4.48103,4.48227
798,4.47686,4.47672,4.47736,4.4778
799,4.47555,4.47485,4.47557,4.4765
800,4.48516,4.48115,4.48312,4.48579
801,4.48907,4.48642,4.48772,4.48808
802,4.48023,4.47996,4.50176,4.4782
803,4.46484,4.46241,4.45982,4.46441
804,4.47414,4.47489,4.47217,4.47649
805,4.49119,4.48954,4.49364,4.48975
806,4.47435,4.47256,4.47653,4.47429
807,4.46826,4.46837,4.47082,4.46738
808,4.4844,4.48461,4.48794,4.5061
809,4.47268,4.47135,4.47855,4.47388
810,4.48428,4.48314,4.48551,4.4834
811,4.46928,4.46835,4.46714,4.47002
812,4.48554,4.48446,4.48388,4.4839
813,4.46356,4.46251,4.46279,4.4731
814,4.48208,4.48135,4.48469,4.4835
815,4.47388,4.47523,4.47294,4.47256
816,4.47832,4.47734,4.48031,4.47755
817,4.47015,4.4699,4.47499,4.46893
818,4.47554,4.47819,4.47707,4.47809
819,4.46081,4.46491,4.46154,4.4574
820,4.46644,4.46715,4.46899,4.4659
821,4.46841,4.46797,4.46835,4.4746
822,4.46326,4.46181,4.46214,4.46376
823,4.485,4.48387,4.48322,4.48944
824,4.46917,4.47002,4.46889,4.46829
825,4.47077,4.4704,4.47127,4.47165
826,4.49482,4.49315,4.49544,4.4952
827,4.46581,4.46594,4.46235,4.46127
828,4.49377,4.49263,4.49088,4.49389
829,4.46627,4.46643,4.46537,4.46893
830,4.47585,4.47642,4.47808,4.47665
831,4.4682,4.46897,4.47109,4.46791
832,4.47264,4.47335,4.47643,4.47896
833,4.47052,4.46971,4.46886,4.46967
834,4.47852,4.47962,4.47939,4.47908
835,4.45822,4.45755,4.4595,4.48575
836,4.48246,4.48385,4.48135,4.48515
837,4.47286,4.4712,4.47309,4.47118
838,4.47468,4.47284,4.48025,4.47499
839,4.45576,4.45524,4.45853,4.46035
840,4.45106,4.45122,4.45201,4.45406
841,4.4794,4.48022,4.47946,4.47998
842,4.46426,4.46378,4.46457,4.47063
843,4.48376,4.48384,4.48552,4.48411
844,4.45858,4.45957,4.46048,4.45691
845,4.47595,4.47438,4.4776,4.47569
846,4.48668,4.48636,4.48578,4.48926
847,4.48254,4.48101,4.48254,4.53158
848,4.48579,4.48795,4.48791,4.49
849,4.46263,4.46058,4.46182,4.46269
850,4.48008,4.48248,4.48138,4.48134
851,4.47264,4.47303,4.47256,4.47635
852,4.47794,4.47615,4.4745,4.47595
853,4.47036,4.46973,4.47068,4.47245
854,4.48798,4.48787,4.48574,4.48748
855,4.46049,4.46034,4.46372,4.46073
856,4.49727,4.4983,4.49506,4.50521
857,4.47182,4.47228,4.47274,4.47505
858,4.46666,4.46539,4.46652,4.4653
859,4.47994,4.48082,4.47678,4.5489
860,4.46602,4.46635,4.46702,4.48304
861,4.47122,4.46927,4.47194,4.47266
862,4.4695,4.46945,4.47139,4.48695
863,4.47684,4.47912,4.48211,4.4803
864,4.46674,4.46841,4.46595,4.46976
865,4.47179,4.47228,4.47467,4.47139
866,4.47721,4.47794,4.47735,4.48029
867,4.48535,4.48353,4.48691,4.48433
868,4.46327,4.46412,4.46352,4.46391
869,4.47746,4.47732,4.47775,4.48035
870,4.46163,4.46077,4.46226,4.46128
871,4.49762,4.49683,4.49826,4.50034
872,4.46842,4.46933,4.47114,4.47005
873,4.47174,4.47368,4.47247,4.47141
874,4.46103,4.46216,4.46061,4.46137
875,4.46889,4.46514,4.46702,4.47166
876,4.47253,4.47143,4.47153,4.4739
877,4.47417,4.47423,4.47265,4.47352
878,4.47151,4.4711,4.47187,4.47034
879,4.48237,4.48342,4.48316,4.4845
880,4.45473,4.45389,4.45369,4.45447
881,4.47419,4.47362,4.47266,4.47318
882,4.47986,4.48078,4.47982,4.48098
883,4.47265,4.47286,4.47274,4.47146
884,4.46801,4.46707,4.46998,4.46916
885,4.46283,4.46104,4.46358,4.46036
886,4.49259,4.49322,4.4931,4.49716
887,4.47662,4.47681,4.47632,4.47673
888,4.47508,4.47362,4.47528,4.47738
889,4.47786,4.47788,4.47699,4.47852
890,4.46255,4.46179,4.46314,4.46334
891,4.4717,4.47059,4.47087,4.46961
892,4.46562,4.46432,4.46272,4.46675
893,4.46487,4.46627,4.46549,4.46821
894,4.47183,4.47312,4.4723,4.47231
895,4.47225,4.47224,4.47164,4.47232
896,4.468,4.46735,4.46818,4.46913
897,4.47842,4.47761,4.48049,4.47828
898,4.47015,4.4715,4.47157,4.471
899,4.45086,4.45068,4.45045,4.45094
900,4.47281,4.46929,4.47225,4.47186
901,4.47575,4.47349,4.47449,4.47716
902,4.48379,4.48314,4.48276,4.48727
903,4.47871,4.48005,4.48118,4.48377
904,4.46736,4.46691,4.46697,4.46809
905,4.46773,4.46716,4.46781,4.46892
906,4.47738,4.47604,4.47548,4.47724
907,4.48792,4.48854,4.48936,4.48877
908,4.48111,4.48127,4.4814,4.48028
909,4.46831,4.47009,4.46926,4.46948
910,4.48508,4.48788,4.48517,4.4874
911,4.45662,4.45718,4.45504,4.45578
912,4.47573,4.47473,4.47501,4.47599
913,4.45704,4.45501,4.45526,4.45698
914,4.47396,4.47519,4.47404,4.47373
915,4.46499,4.46693,4.46516,4.46527
916,4.45625,4.45489,4.45489,4.45633
917,4.46312,4.46154,4.46246,4.46378
918,4.48244,4.48214,4.48303,4.48145
919,4.45855,4.46967,4.45863,4.45873
920,4.46233,4.46109,4.46336,4.46102
921,4.47077,4.47202,4.47084,4.47246
922,4.46892,4.46876,4.471,4.4712
923,4.46559,4.46564,4.46442,4.46271
924,4.46635,4.47718,4.46632,4.46824
925,4.4942,4.49283,4.49462,4.49699
926,4.4712,4.47108,4.47083,4.47242
927,4.49645,4.49483,4.49552,4.49703
928,4.46164,4.46351,4.46227,4.46238
929,4.46675,4.49072,4.46471,4.46626
930,4.48292,4.50269,4.48222,4.4847
931,4.47198,4.59163,4.47215,4.47254
932,4.48408,4.4857,4.48191,4.48525
933,4.45707,4.45764,4.45632,4.45672
934,4.4841,4.48374,4.48326,4.48512
935,4.47168,4.47538,4.46935,4.47039
936,4.46698,4.46842,4.46711,4.46756
937,4.46832,4.47066,4.46831,4.4702
938,4.48081,4.48058,4.4856,4.48255
939,4.4575,4.45569,4.45801,4.45634
940,4.47344,4.47306,4.47452,4.47478
941,4.48122,4.48059,4.4817,4.4818
942,4.47246,4.47113,4.47335,4.47401
943,4.46983,4.47078,4.46999,4.46943
944,4.49679,4.49654,4.49641,4.49677
945,4.48339,4.48301,4.48509,4.48241
946,4.48166,4.48271,4.48089,4.48374
947,4.47085,4.47139,4.47322,4.47115
948,4.48729,4.48666,4.48579,4.48921
949,4.47644,4.47724,4.47647,4.4747
950,4.46504,4.46602,4.46678,4.46326
951,4.45769,4.4775,4.45767,4.45848
952,4.47405,4.47512,4.47405,4.474
953,4.46835,4.47119,4.46759,4.46841
954,4.46795,4.46807,4.46618,4.46709
955,4.44935,4.44963,4.45083,4.45141
956,4.4718,4.47248,4.47255,4.47107
957,4.48118,4.47957,4.48179,4.48172
958,4.48466,4.48374,4.48654,4.48463
959,4.48169,4.48292,4.48106,4.48231
960,4.46007,4.46397,4.45948,4.45999
961,4.44988,4.45075,4.44974,4.44983
962,4.47782,4.47469,4.47766,4.47836
963,4.48817,4.48483,4.48795,4.48983
964,4.47599,4.47313,4.4732,4.47754
965,4.46589,4.46407,4.46509,4.46553
966,4.47404,4.47208,4.47419,4.47387
967,4.48119,4.48024,4.48033,4.48206
968,4.46212,4.46537,4.46129,4.46088
969,4.47735,4.47497,4.47644,4.47871
970,4.4669,4.46571,4.4654,4.46657
971,4.47445,4.47423,4.47663,4.47541
972,4.48032,4.47838,4.48005,4.47909
973,4.48585,4.48203,4.48669,4.48623
974,4.46844,4.46802,4.4699,4.46833
975,4.46689,4.46686,4.46395,4.46579
976,4.46893,4.46941,4.46779,4.46787
977,4.46231,4.46119,4.46252,4.46398
978,4.4751,4.47647,4.47359,4.47347
979,4.4626,4.46096,4.46395,4.46293
980,4.47767,4.47933,4.47995,4.47748
981,4.46481,4.46779,4.46726,4.46731
982,4.47424,4.495,4.47436,4.47546
983,4.48492,4.48176,4.48469,4.48494
984,4.47342,4.4735,4.47248,4.47257
985,4.47705,4.47351,4.47663,4.47767
986,4.47397,4.47591,4.4747,4.47397
987,4.47499,4.47206,4.47497,4.47487
988,4.46654,4.46277,4.46662,4.46854
989,4.48241,4.48291,4.48067,4.48145
990,4.48138,4.47761,4.48157,4.48318
991,4.46247,4.46246,4.4604,4.46219
992,4.46479,4.46707,4.46548,4.4643
993,4.47049,4.4683,4.46959,4.47109
994,4.45854,4.45863,4.45899,4.46026
995,4.47688,4.47582,4.47602,4.47695
996,4.48723,4.49113,4.4899,4.48928
997,4.45914,4.46211,4.45906,4.45956
998,4.46508,4.46721,4.4652,4.46669
999,4.47147,4.47283,4.47268,4.4747
1000,4.48376,4.4848,4.48393,4.48536
1001,4.47082,4.47166,4.47204,4.4708
1002,4.47045,4.47369,4.47342,4.47053
1003,4.46881,4.47056,4.47022,4.46827
1004,4.4681,4.46834,4.4687,4.46865
1005,4.47971,4.48137,4.47834,4.47959
1006,4.49763,4.49909,4.49543,4.49687
1007,4.4722,4.46846,4.47103,4.47413
1008,4.46996,4.46979,4.46983,4.46804
1009,4.47802,4.47883,4.4778,4.4765
1010,4.44952,4.45254,4.45132,4.45096
1011,4.46711,4.46831,4.46877,4.46722
1012,4.47093,4.47087,4.47004,4.47022
1013,4.47077,4.47284,4.47,4.47132
1014,4.45174,4.45414,4.45185,4.45082
1015,4.48101,4.4826,4.47854,4.48087
1016,4.47059,4.47368,4.47171,4.46979
1017,4.48457,4.4837,4.48394,4.48566
1018,4.49742,4.49452,4.49738,4.49576
1019,4.47469,4.47454,4.47371,4.47688
1020,4.47215,4.47177,4.47169,4.47321
1021,4.47005,4.46741,4.46848,4.47023
1022,4.48892,4.48832,4.48889,4.48661
1023,4.47077,4.47338,4.47063,4.4732
1024,4.47643,4.4756,4.47718,4.47925
1025,4.45469,4.45516,4.45588,4.45364
1026,4.47508,4.47524,4.47461,4.47376
1027,4.47931,4.47873,4.47891,4.47766
1028,4.46352,4.46495,4.46293,4.46366
1029,4.45996,4.46038,4.45872,4.45792
1030,4.46554,4.46442,4.46517,4.46552
1031,4.46262,4.4631,4.4648,4.46284
1032,4.46613,4.46718,4.46694,4.46651
1033,4.46988,4.47208,4.46987,4.46868
1034,4.46559,4.46487,4.46724,4.46616
1035,4.47728,4.47657,4.47814,4.47776
1036,4.46031,4.4602,4.45951,4.46098
1037,4.46848,4.46838,4.47171,4.46998
1038,4.46422,4.46302,4.46447,4.46558
1039,4.45298,4.45356,4.45244,4.45305
1040,4.47386,4.4726,4.47466,4.47552
1041,4.46494,4.46613,4.4649,4.46371
1042,4.49226,4.4959,4.49066,4.49501
1043,4.48678,4.48555,4.48663,4.48861
1044,4.45357,4.4557,4.45262,4.45329
1045,4.48501,4.48622,4.48424,4.48317
1046,4.44878,4.44961,4.45053,4.44826
1047,4.48934,4.49174,4.49134,4.49012
1048,4.4965,4.49527,4.49771,4.4965
1049,4.4844,4.4821,4.48243,4.48489
1050,4.46714,4.47006,4.4669,4.46751
1051,4.47202,4.47254,4.47218,4.47206
1052,4.4709,4.46954,4.46941,4.47081
1053,4.48973,4.48781,4.4879,4.4885
1054,4.4706,4.47239,4.4703,4.4699
1055,4.46831,4.46513,4.46855,4.46941
1056,4.49472,4.49477,4.49439,4.49621
1057,4.47451,4.47641,4.47462,4.47488
1058,4.47875,4.47938,4.4785,4.48054
1059,4.46487,4.4668,4.46644,4.46647
1060,4.47267,4.47582,4.47145,4.47406
1061,4.45943,4.45954,4.45949,4.45889
1062,4.47971,4.47987,4.4801,4.48164
1063,4.48482,4.48215,4.48477,4.48431
1064,4.46842,4.46848,4.46807,4.4685
1065,4.46394,4.46422,4.46394,4.4643
1066,4.46974,4.47038,4.46879,4.47021
1067,4.48228,4.48196,4.48158,4.48289
1068,4.45921,4.45748,4.45973,4.45924
1069,4.46971,4.46996,4.47111,4.47087
1070,4.46184,4.46182,4.46101,4.46271
1071,4.43817,4.43908,4.43988,4.43838
1072,4.47975,4.47793,4.48015,4.48099
1073,4.46674,4.46535,4.46751,4.46697
1074,4.43593,4.43825,4.43681,4.43638
1075,4.46135,4.45819,4.45986,4.45983
1076,4.46867,4.46913,4.4698,4.4675
1077,4.47383,4.47646,4.4762,4.4741
1078,4.4781,4.47949,4.47839,4.47788
1079,4.49959,4.49884,4.50089,4.49912
1080,4.46504,4.46658,4.46435,4.4649
1081,4.47524,4.47576,4.47542,4.47697
1082,4.47196,4.47001,4.47061,4.47108
1083,4.47451,4.47403,4.47441,4.47506
1084,4.47755,4.47707,4.47761,4.47711
1085,4.47372,4.47653,4.47606,4.47492
1086,4.46849,4.46675,4.46758,4.46834
1087,4.47439,4.4738,4.47475,4.47357
1088,4.47223,4.47312,4.47139,4.47183
1089,4.45466,4.45632,4.4551,4.45445
1090,4.47859,4.4802,4.47938,4.47916
1091,4.44842,4.44978,4.44937,4.44972
1092,4.47281,4.47508,4.47195,4.47417
1093,4.47544,4.47376,4.47524,4.47595
1094,4.48044,4.48103,4.47928,4.48007
1095,4.46606,4.46586,4.46586,4.46689
1096,4.49547,4.49414,4.49503,4.49673
1097,4.46524,4.46342,4.46251,4.46469
1098,4.47985,4.47964,4.48019,4.47967
1099,4.48212,4.48036,4.47917,4.48179
1100,4.4737,4.47346,4.47399,4.47387
1101,4.46661,4.46827,4.46635,4.46746
1102,4.46772,4.46764,4.46805,4.46724
1103,4.47735,4.47732,4.47688,4.47737
1104,4.45799,4.4578,4.45881,4.45816
1105,4.46511,4.46517,4.46414,4.46695
1106,4.46786,4.46621,4.46727,4.46852
1107,4.48452,4.48359,4.4839,4.48537
1108,4.4624,4.46265,4.46287,4.46287
1109,4.48038,4.47988,4.48,4.48108
1110,4.45986,4.46135,4.45998,4.46178
1111,4.47358,4.47302,4.47358,4.47379
1112,4.4735,4.47348,4.47299,4.47392
1113,4.47279,4.47235,4.47357,4.47156
1114,4.47017,4.47169,4.47206,4.47325
1115,4.47622,4.47644,4.47687,4.47714
1116,4.48189,4.48271,4.48334,4.48387
1117,4.48111,4.4825,4.48264,4.4837
1118,4.4627,4.46211,4.46057,4.46217
1119,4.46782,4.46761,4.46662,4.4681
1120,4.46585,4.46547,4.46616,4.46658
1121,4.47225,4.47196,4.47263,4.47253
1122,4.45696,4.45698,4.45556,4.45629
1123,4.4611,4.46231,4.46247,4.46166
1124,4.4668,4.46747,4.46817,4.46551
1125,4.46468,4.46488,4.46417,4.46526
1126,4.46869,4.46945,4.46984,4.47016
1127,4.46647,4.46728,4.46551,4.46603
1128,4.47646,4.47683,4.47811,4.4771
1129,4.4855,4.48693,4.48644,4.4871
1130,4.48041,4.4808,4.48168,4.48211
1131,4.47626,4.47568,4.47589,4.47679
1132,4.47536,4.4736,4.47455,4.47571
1133,4.46708,4.46594,4.46694,4.46559
1134,4.47539,4.47522,4.47584,4.47414
1135,4.46715,4.46719,4.46753,4.46672
1136,4.45829,4.45888,4.45865,4.45855
1137,4.45429,4.45413,4.45394,4.45585
1138,4.47185,4.47088,4.47103,4.47132
1139,4.47094,4.47147,4.46977,4.47065
1140,4.48295,4.48287,4.48223,4.48336
1141,4.46258,4.46198,4.46131,4.46129
1142,4.47389,4.47366,4.47356,4.47382
1143,4.46737,4.46845,4.46535,4.46671
1144,4.46325,4.46371,4.46514,4.46281
1145,4.46866,4.46809,4.46864,4.46843
1146,4.46915,4.4694,4.46956,4.46806
1147,4.47632,4.47662,4.47564,4.47626
1148,4.45094,4.45242,4.45088,4.45023
1149,4.47557,4.47518,4.47534,4.47628
1150,4.48148,4.48072,4.48228,4.48391
1151,4.4638,4.46342,4.46356,4.46409
1152,4.48535,4.48494,4.48497,4.48568
1153,4.46787,4.46826,4.46797,4.46792
1154,4.46326,4.46309,4.46229,4.46353
1155,4.47158,4.47055,4.47056,4.47124
1156,4.46345,4.46394,4.46272,4.46368
1157,4.46888,4.46759,4.46677,4.46722
1158,4.47305,4.47334,4.47387,4.47454
1159,4.47612,4.47524,4.47489,4.47683
1160,4.45493,4.45302,4.45392,4.45381
1161,4.46734,4.46615,4.46686,4.46788
1162,4.48558,4.48639,4.48666,4.48731
1163,4.47804,4.47591,4.47746,4.47636
1164,4.46787,4.46868,4.46794,4.46827
1165,4.47714,4.47639,4.47888,4.47741
1166,4.46826,4.46746,4.46874,4.46811
1167,4.49244,4.4918,4.49247,4.49332
1168,4.47425,4.47472,4.47454,4.4725
1169,4.48884,4.48907,4.48807,4.48928
1170,4.47981,4.48005,4.48213,4.48065
1171,4.47369,4.47425,4.47377,4.47405
1172,4.47276,4.47036,4.47229,4.47345
1173,4.48149,4.48232,4.48205,4.48267
1174,4.45677,4.45747,4.45796,4.45874
1175,4.46875,4.46964,4.46935,4.47084
1176,4.4604,4.46125,4.46002,4.46123
1177,4.47323,4.47209,4.47208,4.47381
1178,4.47311,4.47516,4.47271,4.47437
1179,4.46363,4.46438,4.46358,4.46249
1180,4.47073,4.47005,4.47141,4.47121
1181,4.47237,4.47124,4.47304,4.47245
1182,4.45029,4.46536,4.45054,4.44964
1183,4.45857,4.45928,4.45832,4.459
1184,4.46394,4.46349,4.46425,4.46403
1185,4.45485,4.45619,4.45561,4.4557
1186,4.48306,4.48207,4.48177,4.48313
1187,4.45655,4.45541,4.45568,4.45649
1188,4.4779,4.47599,4.47665,4.47743
1189,4.46627,4.46615,4.46573,4.46512
1190,4.46236,4.46248,4.46083,4.46229
1191,4.47692,4.47789,4.47788,4.47901
1192,4.50266,4.50163,4.50187,4.50017
1193,4.46114,4.46142,4.46019,4.46032
1194,4.46542,4.46592,4.46689,4.46781
1195,4.47503,4.47655,4.47603,4.47424
1196,4.46251,4.45929,4.46202,4.46238
1197,4.47194,4.47358,4.47265,4.47272
1198,4.47272,4.47297,4.47267,4.4736
1199,4.47091,4.47038,4.47233,4.47197
1200,4.46344,4.46137,4.4623,4.46417
1201,4.46946,4.46835,4.46943,4.46963
1202,4.46581,4.46476,4.46441,4.46567
1203,4.47817,4.4791,4.47842,4.47748
1204,4.46852,4.47046,4.47014,4.46883
1205,4.45194,4.45405,4.45399,4.45282
1206,4.44741,4.44482,4.4462,4.44693
1207,4.46137,4.4605,4.46065,4.46479
1208,4.46334,4.46336,4.46313,4.46491
1209,4.47449,4.47264,4.47396,4.47583
1210,4.47903,4.47825,4.47903,4.47806
1211,4.48087,4.47904,4.47875,4.48084
1212,4.47848,4.47805,4.47979,4.48029
1213,4.48545,4.4845,4.48611,4.48494
1214,4.46709,4.465,4.46667,4.46725
1215,4.47849,4.47785,4.47755,4.47782
1216,4.47377,4.47231,4.47278,4.47442
1217,4.47042,4.47194,4.47094,4.4707
1218,4.48068,4.48039,4.48015,4.48146
1219,4.4685,4.46899,4.46777,4.46861
1220,4.48831,4.48663,4.48703,4.48891
1221,4.48055,4.48137,4.48056,4.48276
1222,4.46049,4.46261,4.46191,4.46215
1223,4.46791,4.46748,4.46899,4.46888
1224,4.47568,4.47582,4.47428,4.47552
1225,4.46871,4.46813,4.46816,4.46804
1226,4.45678,4.45281,4.45567,4.45576
1227,4.46082,4.45968,4.46064,4.46077
1228,4.47497,4.47508,4.47599,4.47377
1229,4.48727,4.48739,4.48748,4.4852
1230,4.47537,4.47603,4.47758,4.47501
1231,4.47748,4.47749,4.4775,4.47668
1232,4.47611,4.47651,4.47753,4.47626
1233,4.46842,4.46819,4.47048,4.46838
1234,4.46703,4.46599,4.46868,4.46807
1235,4.47432,4.47507,4.47475,4.47543
1236,4.47676,4.47488,4.47595,4.47635
1237,4.47388,4.47291,4.47507,4.47596
1238,4.45736,4.45823,4.45646,4.45673
1239,4.46436,4.46306,4.46393,4.46426
1240,4.45828,4.45959,4.45857,4.45813
1241,4.47496,4.47749,4.47572,4.47552
1242,4.4681,4.46626,4.4669,4.46795
1243,4.477,4.47495,4.47578,4.47556
1244,4.47547,4.47429,4.4749,4.47462
1245,4.47481,4.47317,4.47438,4.4793
1246,4.47383,4.47178,4.47238,4.47532
1247,4.48248,4.48351,4.48138,4.4817
1248,4.46932,4.47114,4.46924,4.47105
1249,4.46926,4.46944,4.47006,4.46774
1250,4.46494,4.46499,4.46466,4.46445
1251,4.45879,4.4577,4.45895,4.46075
1252,4.46774,4.46743,4.46773,4.46818
1253,4.47118,4.47246,4.47242,4.47228
1254,4.46884,4.46914,4.46945,4.47118
1255,4.47488,4.47445,4.4742,4.47631
1256,4.48818,4.48615,4.48609,4.48754
1257,4.47167,4.47123,4.47162,4.47089
1258,4.46876,4.46987,4.46813,4.4688
1259,4.4643,4.46442,4.46287,4.46313
1260,4.46294,4.4613,4.46212,4.46186
1261,4.46408,4.46358,4.46377,4.46495
1262,4.46488,4.46434,4.46373,4.4615
1263,4.48162,4.47938,4.47852,4.47883
1264,4.48575,4.48438,4.48441,4.48175
1265,4.45814,4.45825,4.45973,4.46073
1266,4.472,4.47128,4.47147,4.46993
1267,4.48224,4.48207,4.48351,4.48261
1268,4.46969,4.46994,4.47027,4.47125
1269,4.46796,4.46821,4.46828,4.46801
1270,4.46976,4.46929,4.4697,4.47001
1271,4.46477,4.4657,4.46573,4.46642
1272,4.47303,4.47434,4.4735,4.47221
1273,4.46633,4.46381,4.4657,4.46695
1274,4.46807,4.46785,4.46835,4.46866
1275,4.47734,4.47426,4.47643,4.47679
1276,4.47244,4.47143,4.4721,4.47166
1277,4.45868,4.45779,4.45666,4.45607
1278,4.47242,4.47096,4.47203,4.47498
1279,4.49419,4.49012,4.49241,4.49451
1280,4.45722,4.45682,4.45671,4.45668
1281,4.46835,4.46934,4.46867,4.46766
1282,4.48237,4.48193,4.48285,4.48252
1283,4.48473,4.48294,4.48525,4.48652
1284,4.47598,4.47596,4.47605,4.47614
1285,4.46204,4.46054,4.4621,4.46246
1286,4.47333,4.47593,4.47492,4.47422
1287,4.46556,4.46675,4.46492,4.46644
1288,4.46617,4.46656,4.46621,4.46671
1289,4.46758,4.46688,4.46779,4.46864
1290,4.4774,4.47432,4.47846,4.47674
1291,4.4771,4.4741,4.47577,4.47362
1292,4.47354,4.4753,4.47484,4.47429
1293,4.4544,4.45131,4.45341,4.4535
1294,4.47974,4.47995,4.4786,4.4802
1295,4.47848,4.47782,4.47829,4.4782
1296,4.46808,4.46932,4.46798,4.46817
1297,4.46545,4.4659,4.46475,4.46608
1298,4.4832,4.48329,4.48456,4.48313
1299,4.4783,4.47831,4.47773,4.47727
1300,4.47274,4.47374,4.47226,4.47404
1301,4.46993,4.47139,4.46891,4.47029
1302,4.45117,4.44901,4.45137,4.45001
1303,4.46916,4.46798,4.46927,4.4692
1304,4.46529,4.46439,4.46376,4.46549
1305,4.47244,4.47314,4.47361,4.47331
1306,4.48494,4.48428,4.48563,4.48512
1307,4.4612,4.46085,4.4602,4.46028
1308,4.47185,4.47101,4.47252,4.4719
1309,4.47137,4.47159,4.47147,4.47171
1310,4.47234,4.47135,4.47176,4.47106
1311,4.46543,4.46449,4.46457,4.46615
1312,4.46202,4.46334,4.4614,4.46195
1313,4.4681,4.46627,4.4676,4.4688
1314,4.48582,4.48685,4.48581,4.48762
1315,4.46376,4.46217,4.46276,4.46493
1316,4.45282,4.45315,4.45276,4.45247
1317,4.47106,4.47055,4.47199,4.47172
1318,4.49051,4.48875,4.48954,4.49172
1319,4.46681,4.46493,4.46636,4.46675
1320,4.46263,4.465,4.46427,4.46453
1321,4.4708,4.47132,4.47011,4.47081
1322,4.48125,4.47841,4.48036,4.48181
1323,4.4647,4.46602,4.46375,4.46551
1324,4.47364,4.4741,4.47335,4.47498
1325,4.47326,4.47323,4.47289,4.47394
1326,4.46767,4.46441,4.46715,4.46636
1327,4.46788,4.4685,4.47014,4.46909
1328,4.47414,4.47331,4.47419,4.47414
1329,4.47094,4.47145,4.47126,4.47138
1330,4.47251,4.47224,4.47229,4.47348
1331,4.47098,4.47301,4.47117,4.47135
1332,4.45151,4.45045,4.45103,4.452
1333,4.46691,4.46878,4.46626,4.46632
1334,4.47177,4.47311,4.47309,4.47291
1335,4.45631,4.45424,4.45685,4.45591
1336,4.46394,4.46374,4.46453,4.46441
1337,4.47062,4.47168,4.47054,4.47199
1338,4.45817,4.45796,4.45833,4.45932
1339,4.47527,4.47427,4.47508,4.4745
1340,4.46498,4.46595,4.46488,4.46708
1341,4.46075,4.46358,4.46147,4.46175
1342,4.46144,4.46072,4.46172,4.46301
1343,4.45493,4.45545,4.45456,4.45374
1344,4.47092,4.47048,4.4682,4.47006
1345,4.4692,4.46864,4.46974,4.47111
1346,4.45966,4.46045,4.46138,4.46009
1347,4.44996,4.45304,4.45156,4.45064
1348,4.46843,4.46953,4.46916,4.4689
1349,4.45178,4.45252,4.45258,4.45102
1350,4.4771,4.47677,4.4773,4.47626
1351,4.48675,4.4855,4.4853,4.48522
1352,4.45771,4.45744,4.45926,4.45764
1353,4.46048,4.46063,4.45971,4.46032
1354,4.47036,4.47091,4.46989,4.47196
1355,4.4737,4.47432,4.47392,4.47334
1356,4.48134,4.4817,4.48184,4.48162
1357,4.47901,4.47783,4.47869,4.47928
1358,4.47335,4.4727,4.47201,4.47392
1359,4.48037,4.47808,4.47909,4.47982
1360,4.48052,4.4813,4.48153,4.48066
1361,4.46906,4.47143,4.46896,4.46949
1362,4.48264,4.48222,4.48224,4.48175
1363,4.47764,4.47594,4.47747,4.47812
1364,4.45823,4.45683,4.45707,4.45712
1365,4.46284,4.46382,4.46289,4.46333
1366,4.46302,4.46331,4.46219,4.4622
1367,4.46664,4.46529,4.46633,4.46529
1368,4.47076,4.47093,4.4709,4.47099
1369,4.46387,4.46386,4.46389,4.4652
1370,4.47488,4.47415,4.47413,4.47559
1371,4.4801,4.48014,4.48098,4.48149
1372,4.45612,4.45622,4.45697,4.45832
1373,4.45948,4.45987,4.46078,4.46006
1374,4.47762,4.47709,4.47775,4.47758
1375,4.4615,4.46016,4.46056,4.46162
1376,4.47788,4.47616,4.47683,4.47802
1377,4.48237,4.47979,4.48074,4.4819
1378,4.47291,4.47216,4.47124,4.4716
1379,4.47607,4.47726,4.47504,4.47551
1380,4.47112,4.47131,4.4701,4.47113
1381,4.4793,4.47551,4.47703,4.47754
1382,4.46713,4.4678,4.46715,4.46683
1383,4.46582,4.46739,4.46755,4.46856
1384,4.45646,4.45789,4.4572,4.45765
1385,4.47714,4.47708,4.47574,4.47768
1386,4.46844,4.46878,4.4676,4.4693
1387,4.45593,4.455,4.45429,4.4558
1388,4.47365,4.47467,4.47239,4.4717
1389,4.47466,4.4755,4.4741,4.47513
1390,4.47296,4.47196,4.47281,4.47235
1391,4.46769,4.46877,4.46696,4.46927
1392,4.48408,4.48399,4.48579,4.48488
1393,4.48446,4.48518,4.48635,4.48568
1394,4.45843,4.45853,4.45875,4.45832
1395,4.47344,4.47426,4.47244,4.47352
1396,4.46633,4.46712,4.46775,4.4668
1397,4.47734,4.47586,4.47835,4.47754
1398,4.47277,4.47221,4.47375,4.47371
1399,4.45944,4.46251,4.45997,4.45919
1400,4.47362,4.47282,4.47472,4.47309
1401,4.45809,4.45725,4.45822,4.45798
1402,4.46651,4.46462,4.46572,4.46568
1403,4.46878,4.4676,4.4688,4.46857
1404,4.47077,4.47173,4.47076,4.47024
1405,4.47857,4.48072,4.47931,4.47915
1406,4.47282,4.47149,4.47344,4.47525
1407,4.46397,4.46567,4.46542,4.46411
1408,4.46227,4.4611,4.46191,4.4626
1409,4.47907,4.47766,4.47975,4.4788
1410,4.46408,4.46469,4.46551,4.46323
1411,4.46836,4.46838,4.46937,4.46987
1412,4.46116,4.46094,4.45979,4.4593
1413,4.46028,4.46104,4.46005,4.46204
1414,4.46737,4.46547,4.46552,4.46693
1415,4.47785,4.47549,4.47686,4.4782
1416,4.47579,4.47372,4.47513,4.47438
1417,4.46099,4.45994,4.45977,4.46088
1418,4.46096,4.46111,4.45949,4.45886
1419,4.46622,4.46629,4.46759,4.46817
1420,4.46798,4.46883,4.46894,4.46843
1421,4.46763,4.46813,4.46724,4.46784
1422,4.46471,4.4655,4.46533,4.46582
1423,4.48638,4.48539,4.48583,4.48585
1424,4.45515,4.45492,4.45555,4.45636
1425,4.4428,4.44595,4.44384,4.44326
1426,4.47386,4.47144,4.47221,4.47284
1427,4.466,4.46403,4.46432,4.46456
1428,4.4602,4.46001,4.46032,4.46096
1429,4.46763,4.46824,4.46714,4.469
1430,4.50264,4.50141,4.50231,4.50067
1431,4.47647,4.4765,4.47569,4.47719
1432,4.47463,4.47547,4.47363,4.47414
1433,4.46476,4.46451,4.46517,4.46473
1434,4.48533,4.48597,4.48464,4.48633
1435,4.47614,4.47689,4.47518,4.47574
1436,4.46423,4.46434,4.46273,4.4642
1437,4.46653,4.46665,4.46659,4.46453
1438,4.47579,4.47644,4.4768,4.47687
1439,4.46055,4.45993,4.46075,4.46119
1440,4.47389,4.47469,4.47365,4.47491
1441,4.46819,4.46589,4.4661,4.46775
1442,4.47264,4.47248,4.47329,4.47018
1443,4.48184,4.48118,4.48338,4.48493
1444,4.4683,4.4646,4.46542,4.46495
1445,4.47002,4.46986,4.47041,4.47043
1446,4.48597,4.48451,4.48449,4.48155
1447,4.45688,4.45697,4.45804,4.45783
1448,4.46307,4.46319,4.46384,4.46184
1449,4.48139,4.48233,4.48366,4.48139
1450,4.46181,4.45993,4.46141,4.46095
1451,4.46301,4.46163,4.46302,4.46571
1452,4.4747,4.47522,4.47374,4.47638
1453,4.47233,4.4722,4.47244,4.47174
1454,4.48316,4.48335,4.48323,4.48153
1455,4.47294,4.47387,4.47192,4.4735
1456,4.48213,4.47991,4.48209,4.48342
1457,4.45712,4.45647,4.45722,4.45674
1458,4.48046,4.48072,4.48011,4.48054
1459,4.48338,4.48347,4.48434,4.48293
1460,4.47279,4.47397,4.47455,4.47476
1461,4.45465,4.45536,4.45416,4.45367
1462,4.47029,4.46921,4.46805,4.46857
1463,4.46825,4.46891,4.47044,4.47084
1464,4.46874,4.4689,4.47022,4.46957
1465,4.46796,4.46775,4.46865,4.46803
1466,4.47351,4.47495,4.47592,4.47303
1467,4.45049,4.44992,4.45206,4.45036
1468,4.46802,4.46879,4.46807,4.46563
1469,4.46796,4.46857,4.46817,4.46707
1470,4.47091,4.47172,4.47148,4.46991
1471,4.46078,4.45899,4.45923,4.462
1472,4.48781,4.48607,4.48613,4.48816
1473,4.48116,4.4808,4.47964,4.4805
1474,4.46341,4.46269,4.46354,4.46522
1475,4.48224,4.48036,4.48183,4.482
1476,4.47178,4.47141,4.46941,4.47063
1477,4.4649,4.46857,4.4679,4.4669
1478,4.4759,4.47456,4.47405,4.47974
1479,4.4634,4.46349,4.4637,4.46486
1480,4.45342,4.45262,4.45253,4.45531
1481,4.46176,4.46185,4.46005,4.46715
1482,4.47088,4.46886,4.46909,4.47143
1483,4.47589,4.47487,4.47599,4.476
1484,4.46456,4.46343,4.46278,4.46178
1485,4.47587,4.47573,4.47519,4.47645
1486,4.45953,4.46092,4.45741,4.45941
1487,4.46994,4.46738,4.46846,4.46969
1488,4.47189,4.47092,4.47121,4.47218
1489,4.46,4.45966,4.46014,4.4618
1490,4.4787,4.47516,4.4788,4.47609
1491,4.47119,4.4715,4.47101,4.47345
1492,4.46213,4.46216,4.46188,4.46289
1493,4.47645,4.47534,4.4757,4.47598
1494,4.47253,4.47496,4.47228,4.47358
1495,4.47106,4.47042,4.46969,4.47068
1496,4.46201,4.46085,4.4624,4.46185
1497,4.46964,4.46951,4.47083,4.46992
1498,4.45687,4.45549,4.45753,4.45714
1499,4.46426,4.46445,4.46528,4.46492
1500,4.4707,4.47053,4.47093,4.4725
1501,4.46011,4.4604,4.46133,4.46022
1502,4.45867,4.45897,4.45983,4.45691
1503,4.46963,4.46996,4.47054,4.46855
1504,4.47591,4.47347,4.47498,4.47661
1505,4.46282,4.46325,4.4647,4.46347
1506,4.46002,4.46135,4.46106,4.46041
1507,4.47537,4.47305,4.47412,4.47348
1508,4.48227,4.48359,4.48274,4.48159
1509,4.48146,4.47947,4.48155,4.48429
1510,4.47575,4.47388,4.47558,4.47514
1511,4.45976,4.45974,4.45849,4.45996
1512,4.45831,4.4573,4.45932,4.45874
1513,4.47993,4.47802,4.47989,4.48071
1514,4.45817,4.45883,4.4583,4.45814
1515,4.47125,4.47214,4.47144,4.47219
1516,4.47477,4.47442,4.47418,4.47753
1517,4.45486,4.45493,4.45613,4.45415
1518,4.4728,4.47319,4.47359,4.4737
1519,4.46167,4.46117,4.46174,4.46195
1520,4.46198,4.46292,4.46174,4.45907
1521,4.4684,4.46814,4.46839,4.46723
1522,4.45459,4.45661,4.45581,4.45465
1523,4.47294,4.47319,4.47264,4.47395
1524,4.46845,4.46746,4.46798,4.4685
1525,4.48258,4.48116,4.48003,4.47632
1526,4.46986,4.46965,4.46939,4.47044
1527,4.48358,4.48183,4.48364,4.48098
1528,4.46961,4.46768,4.46806,4.46993
1529,4.47749,4.47541,4.47612,4.47623
1530,4.47624,4.47646,4.47588,4.47385
1531,4.47268,4.47355,4.472,4.47043
1532,4.48548,4.4847,4.48435,4.48558
1533,4.46636,4.46597,4.46644,4.4632
1534,4.47254,4.47156,4.47087,4.47234
1535,4.47243,4.47211,4.4719,4.47266
1536,4.46477,4.46331,4.46224,4.46655
1537,4.47101,4.47026,4.47058,4.4634
1538,4.46156,4.46334,4.46153,4.46318
1539,4.46158,4.4615,4.46147,4.46006
1540,4.45624,4.45684,4.45595,4.45622
1541,4.46631,4.46413,4.4647,4.4681
1542,4.47278,4.4718,4.47164,4.47
1543,4.46871,4.46799,4.4679,4.46709
1544,4.47105,4.47045,4.47167,4.47031
1545,4.4699,4.47019,4.46965,4.47012
1546,4.47626,4.47641,4.47627,4.47704
1547,4.47676,4.47662,4.47743,4.47297
1548,4.46665,4.46724,4.46714,4.46629
1549,4.46992,4.47018,4.46976,4.46955
1550,4.45216,4.453,4.45277,4.45396
1551,4.46559,4.46526,4.46567,4.46724
1552,4.46363,4.46398,4.4629,4.46208
1553,4.47899,4.47691,4.47778,4.47657
1554,4.45891,4.45874,4.45779,4.46005
1555,4.4758,4.47631,4.47694,4.47848
1556,4.47952,4.47892,4.47824,4.47517
1557,4.4665,4.46731,4.46701,4.46742
1558,4.47209,4.47148,4.47211,4.47389
1559,4.47014,4.47035,4.47082,4.47252
1560,4.47436,4.4744,4.47453,4.4699
1561,4.47041,4.47007,4.46976,4.47256
1562,4.47506,4.47435,4.47374,4.47211
1563,4.47417,4.47263,4.47299,4.47033
1564,4.45887,4.45837,4.46017,4.46093
1565,4.46292,4.46212,4.46235,4.46466
1566,4.48077,4.47915,4.48077,4.48089
1567,4.46717,4.4672,4.46684,4.46611
1568,4.4687,4.46862,4.46859,4.46903
1569,4.46771,4.46666,4.46728,4.46955
1570,4.47558,4.47501,4.47446,4.47732
1571,4.48571,4.4851,4.48504,4.48217
1572,4.45956,4.46005,4.45943,4.4636
1573,4.46461,4.46555,4.46477,4.46669
1574,4.46255,4.46309,4.46373,4.4656
1575,4.46679,4.46695,4.46813,4.46472
1576,4.4606,4.46054,4.45998,4.45828
1577,4.46372,4.46501,4.46445,4.4616
1578,4.47217,4.47254,4.47229,4.47325
1579,4.47043,4.47003,4.46968,4.47319
1580,4.45958,4.45945,4.46004,4.46487
1581,4.47498,4.47448,4.47552,4.468
1582,4.45842,4.45884,4.45937,4.45862
1583,4.48086,4.48079,4.47924,4.47972
1584,4.47716,4.47578,4.47538,4.47774
1585,4.47478,4.47477,4.47417,4.47191
1586,4.46491,4.46291,4.46471,4.46498
1587,4.45885,4.45886,4.46096,4.45513
1588,4.45896,4.45934,4.45771,4.46423
1589,4.4697,4.46932,4.46948,4.4707
1590,4.46497,4.46475,4.46504,4.46521
1591,4.46869,4.46834,4.46822,4.469
1592,4.46496,4.46547,4.46482,4.4619
1593,4.46182,4.46171,4.46181,4.45962
1594,4.46508,4.46675,4.46531,4.46217
1595,4.47548,4.47442,4.47417,4.47468
1596,4.45907,4.4578,4.45777,4.4579
1597,4.48263,4.48235,4.48329,4.48014
1598,4.46511,4.46433,4.46562,4.46977
1599,4.47224,4.47131,4.47208,4.46992
1600,4.49397,4.49348,4.49419,4.49214
1601,4.46196,4.46258,4.46109,4.46647
1602,4.45828,4.45775,4.4579,4.45658
1603,4.47559,4.47412,4.47563,4.47663
1604,4.46334,4.46222,4.46301,4.46253
1605,4.47212,4.4733,4.4735,4.47358
1606,4.47209,4.47115,4.47019,4.47139
1607,4.44943,4.4502,4.44973,4.44401
1608,4.47413,4.47583,4.47551,4.47707
1609,4.46977,4.47045,4.46972,4.46962
1610,4.47928,4.47961,4.47846,4.47526
1611,4.46827,4.46618,4.46779,4.4701
1612,4.46585,4.46461,4.46464,4.46233
1613,4.46271,4.46115,4.46262,4.46312
1614,4.46309,4.46387,4.46314,4.46385
1615,4.45489,4.45422,4.45483,4.45473
1616,4.46669,4.46564,4.46734,4.468
1617,4.46242,4.46261,4.46198,4.46422
1618,4.46243,4.46097,4.46069,4.46221
1619,4.4697,4.47016,4.46936,4.47231
1620,4.4633,4.46279,4.4633,4.46363
1621,4.48873,4.48727,4.48801,4.48942
1622,4.47939,4.4783,4.48074,4.48007
1623,4.47673,4.47659,4.47653,4.4766
1624,4.45612,4.45576,4.4563,4.45548
1625,4.47364,4.47411,4.4732,4.47376
1626,4.47219,4.47335,4.47205,4.47417
1627,4.46662,4.46604,4.46473,4.48408
1628,4.46275,4.46358,4.4628,4.46274
1629,4.48461,4.48556,4.48461,4.48547
1630,4.47065,4.46997,4.47037,4.4699
1631,4.45253,4.45276,4.45347,4.45321
1632,4.45987,4.45962,4.45957,4.4601
1633,4.47934,4.47879,4.47946,4.48096
1634,4.459,4.45944,4.46025,4.46081
1635,4.46614,4.46493,4.46493,4.50566
1636,4.4766,4.47591,4.47702,4.47909
1637,4.46999,4.46965,4.46942,4.48353
1638,4.4641,4.46403,4.46391,4.46656
1639,4.4552,4.45454,4.45516,4.45568
1640,4.47201,4.4715,4.4722,4.47275
1641,4.46746,4.46594,4.46807,4.46906
1642,4.47493,4.47469,4.47513,4.47557
1643,4.46731,4.46633,4.46611,4.46807
1644,4.45464,4.45406,4.4539,4.45599
1645,4.46063,4.45851,4.46048,4.47781
1646,4.46589,4.46419,4.46668,4.46633
1647,4.47264,4.46599,4.46555,4.46323
1648,4.47381,4.47193,4.4725,4.47617
1649,4.46018,4.46048,4.4603,4.457
1650,4.44897,4.44944,4.44988,4.45271
1651,4.48026,4.47774,4.4792,4.47975
1652,4.45958,4.45994,4.45919,4.45698
1653,4.52558,4.46072,4.4616,4.46301
1654,4.4942,4.46716,4.46899,4.48037
1655,4.48706,4.46164,4.46306,4.46325
1656,4.47802,4.47738,4.47751,4.48704
1657,4.50771,4.46624,4.46594,4.47012
1658,4.48325,4.47868,4.47796,4.47894
1659,4.48193,4.4787,4.48077,4.48035
1660,4.46967,4.46891,4.46965,4.50027
1661,4.5143,4.48438,4.48488,4.48666
1662,4.50092,4.47619,4.47737,4.47999
1663,4.52994,4.47174,4.47074,4.46699
1664,4.67695,4.45844,4.45907,4.46081
1665,4.49771,4.46327,4.46063,4.48627
1666,4.59118,4.47667,4.47714,4.49936
1667,4.6503,4.45383,4.45396,4.45713
1668,4.52782,4.45045,4.45193,4.4515
1669,4.58239,4.47587,4.47527,4.47818
1670,4.55574,4.46805,4.46836,4.46906
1671,4.56252,4.45043,4.45041,4.45198
1672,4.53936,4.46331,4.46426,4.46535
1673,4.53715,4.47165,4.4711,4.47672
1674,4.52403,4.46165,4.46114,4.47786
1675,4.5215,4.46714,4.46645,4.46923
1676,4.53866,4.46569,4.46534,4.46799
1677,4.53779,4.46303,4.46351,4.46259
1678,4.53073,4.4609,4.4601,4.46229
1679,4.56877,4.47575,4.47625,4.47619
1680,4.52036,4.47828,4.47768,4.47784
1681,4.519,4.47522,4.475,4.47767
1682,4.53321,4.4802,4.4806,4.4838
1683,4.53526,4.47318,4.47439,4.48606
1684,4.49762,4.46489,4.46566,4.47447
1685,4.49469,4.46881,4.46916,4.47103
1686,4.49617,4.48237,4.48165,4.48448
1687,4.49138,4.45755,4.4568,4.45966
1688,4.51072,4.46921,4.46997,4.46924
1689,4.50182,4.47014,4.47118,4.47257
1690,4.51808,4.46768,4.46873,4.46865
1691,4.49258,4.45893,4.45849,4.4621
1692,4.48882,4.45906,4.45965,4.4599
1693,4.48253,4.45976,4.4606,4.46089
1694,4.47577,4.46375,4.46242,4.46224
1695,4.47275,4.46456,4.4656,4.46576
1696,4.4771,4.46473,4.46652,4.4683
1697,4.49122,4.45695,4.4554,4.45794
1698,4.48468,4.47612,4.47656,4.47781
1699,4.5119,4.48443,4.48356,4.48148
1700,4.4661,4.45629,4.45764,4.45488
1701,4.48537,4.47214,4.47413,4.47442
1702,4.4737,4.45952,4.45953,4.46764
1703,4.4884,4.47652,4.47699,4.47693
1704,4.48728,4.45971,4.45983,4.46054
1705,4.50171,4.47484,4.47541,4.47477
1706,4.48712,4.48168,4.48214,4.4823
1707,4.48337,4.47308,4.47374,4.47214
1708,4.48483,4.46332,4.46384,4.46229
1709,4.47428,4.45033,4.45055,4.45049
1710,4.47494,4.45983,4.4591,4.46288
1711,4.49415,4.4786,4.47883,4.4801
1712,4.46831,4.4629,4.46273,4.46295
1713,4.45801,4.45447,4.45429,4.45396
1714,4.46922,4.46142,4.46095,4.46289
1715,4.48232,4.46552,4.46403,4.46858
1716,4.44894,4.45506,4.45387,4.45302
1717,4.47864,4.47275,4.47297,4.47478
1718,4.46698,4.46633,4.46564,4.46564
1719,4.4884,4.46684,4.46812,4.46918
1720,4.47602,4.46508,4.46625,4.46853
1721,4.47674,4.48055,4.47984,4.47883
1722,4.47948,4.47364,4.47356,4.4746
1723,4.4825,4.47589,4.47554,4.47924
1724,4.4489,4.44719,4.44639,4.44543
1725,4.47403,4.46092,4.46257,4.46557
1726,4.48246,4.47229,4.47189,4.47653
1727,4.48468,4.47948,4.48043,4.48451
1728,4.44435,4.45202,4.4513,4.45069
1729,4.46855,4.46507,4.46539,4.46691
1730,4.48661,4.47809,4.47962,4.47967
1731,4.46999,4.46637,4.46526,4.4648
1732,4.47309,4.4707,4.46914,4.46885
1733,4.47395,4.47124,4.4708,4.47156
1734,4.48362,4.48534,4.48433,4.48739
1735,4.48941,4.48209,4.48117,4.48338
1736,4.46652,4.45712,4.4572,4.45605
1737,4.46556,4.46417,4.46411,4.46471
1738,4.47241,4.47101,4.4701,4.46946
1739,4.46477,4.46157,4.46228,4.463
1740,4.49313,4.46576,4.4659,4.46517
1741,4.47394,4.46949,4.47093,4.4727
1742,4.46966,4.45861,4.45951,4.46215
1743,4.48081,4.47249,4.47418,4.46829
1744,4.4812,4.47516,4.47547,4.47641
1745,4.46326,4.46206,4.46304,4.46316
1746,4.47046,4.47176,4.47248,4.47288
1747,4.47695,4.47766,4.47884,4.47953
1748,4.4708,4.46661,4.46563,4.46838
1749,4.45668,4.45759,4.45796,4.45843
1750,4.46109,4.45782,4.45764,4.45768
1751,4.49589,4.49383,4.4942,4.49508
1752,4.47882,4.4748,4.47525,4.47898
1753,4.49617,4.47147,4.47214,4.47066
1754,4.50307,4.48098,4.48307,4.4818
1755,4.46248,4.45649,4.45859,4.45755
1756,4.47887,4.47605,4.47769,4.47957
1757,4.47939,4.48033,4.48066,4.48223
1758,4.46645,4.46249,4.46377,4.4628
1759,4.46845,4.46134,4.46136,4.46565
1760,4.46744,4.46429,4.46459,4.46613
1761,4.4673,4.4634,4.46259,4.4638
1762,4.48303,4.48125,4.48091,4.4837
1763,4.46971,4.46706,4.46758,4.46441
1764,4.45669,4.45508,4.45446,4.45413
1765,4.4596,4.45932,4.45899,4.45945
1766,4.48045,4.47608,4.47639,4.47861
1767,4.47576,4.47036,4.4689,4.47231
1768,4.46741,4.4541,4.45425,4.45394
1769,4.45737,4.45863,4.45808,4.45918
1770,4.47455,4.46838,4.46917,4.46997
1771,4.46696,4.46412,4.46378,4.46245
1772,4.45686,4.45838,4.45726,4.45941
1773,4.47233,4.47199,4.47173,4.47239
1774,4.47421,4.47402,4.47409,4.4738
1775,4.46212,4.46448,4.46428,4.46515
1776,4.47191,4.46927,4.46729,4.46984
1777,4.46941,4.46809,4.4671,4.46836
1778,4.47734,4.47904,4.4783,4.47929
1779,4.46228,4.45872,4.45868,4.45767
1780,4.48119,4.46833,4.4694,4.46961
1781,4.4745,4.46818,4.46914,4.46733
1782,4.46999,4.46585,4.46685,4.46776
1783,4.47268,4.47229,4.47195,4.47247
1784,4.46006,4.45862,4.45906,4.45882
1785,4.47339,4.47627,4.47499,4.476
1786,4.47219,4.46641,4.468,4.46677
1787,4.47156,4.46729,4.46598,4.46649
1788,4.473,4.47326,4.47283,4.4732
1789,4.45772,4.46134,4.46048,4.46115
1790,4.46371,4.46037,4.46033,4.45922
1791,4.47726,4.47602,4.47631,4.47451
1792,4.4745,4.47106,4.47177,4.47225
1793,4.47173,4.47103,4.47096,4.4751
1794,4.47549,4.4694,4.47156,4.47116
1795,4.46187,4.45876,4.45932,4.45705
1796,4.45793,4.4543,4.45438,4.45303
1797,4.47179,4.47266,4.47272,4.47474
1798,4.46312,4.46054,4.4616,4.4621
1799,4.46064,4.45674,4.45596,4.45449
1800,4.4756,4.47296,4.47414,4.47508
1801,4.47038,4.46753,4.46649,4.46755
1802,4.45569,4.45871,4.45846,4.45787
1803,4.45953,4.46338,4.46227,4.46329
1804,4.47962,4.47758,4.47792,4.47861
1805,4.45627,4.45432,4.45512,4.4555
1806,4.49677,4.47423,4.47594,4.47812
1807,4.48975,4.48735,4.48718,4.48834
1808,4.46632,4.46386,4.46346,4.46262
1809,4.4833,4.48089,4.48207,4.4812
1810,4.48401,4.48777,4.48743,4.48791
1811,4.48102,4.47723,4.47748,4.47903
1812,4.46875,4.46632,4.46584,4.46537
1813,4.46835,4.46858,4.46907,4.47117
1814,4.4659,4.46292,4.46253,4.46296
1815,4.48106,4.47533,4.47543,4.47659
1816,4.47653,4.47782,4.47843,4.47755
1817,4.46038,4.46224,4.46196,4.46149
1818,4.46991,4.46963,4.47105,4.46988
1819,4.46303,4.4631,4.46272,4.46353
1820,4.46415,4.46316,4.46337,4.4642
1821,4.46619,4.46033,4.46071,4.46108
1822,4.47099,4.46912,4.47013,4.46763
1823,4.47226,4.47095,4.47084,4.47201
1824,4.47797,4.477,4.47894,4.48005
1825,4.46189,4.46304,4.46209,4.4645
1826,4.47317,4.46848,4.46716,4.46645
1827,4.4536,4.45323,4.45341,4.45551
1828,4.47152,4.47192,4.47037,4.46946
1829,4.47154,4.46749,4.46713,4.46755
1830,4.45539,4.45741,4.45714,4.45712
1831,4.46752,4.46266,4.46313,4.46349
1832,4.47043,4.46798,4.4684,4.4691
1833,4.47038,4.4695,4.47023,4.47259
1834,4.47281,4.47085,4.47096,4.4712
1835,4.4573,4.45607,4.45447,4.45524
1836,4.47384,4.47283,4.47247,4.47218
1837,4.46124,4.46065,4.46131,4.45916
1838,4.45803,4.45779,4.45779,4.45884
1839,4.48089,4.47864,4.47931,4.47904
1840,4.47898,4.47745,4.47743,4.4769
1841,4.47141,4.47289,4.47294,4.47276
1842,4.47181,4.47352,4.47488,4.47297
1843,4.46737,4.46422,4.46464,4.46363
1844,4.47282,4.47015,4.47045,4.46915
1845,4.4704,4.47535,4.47494,4.47448
1846,4.4742,4.47329,4.47335,4.4723
1847,4.47086,4.4701,4.47025,4.46894
1848,4.46732,4.46284,4.46385,4.462
1849,4.48058,4.47811,4.47887,4.48054
1850,4.46238,4.46266,4.46197,4.46231
1851,4.48684,4.4863,4.48606,4.48703
1852,4.46506,4.46603,4.4654,4.46546
1853,4.46871,4.46751,4.46845,4.46896
1854,4.4665,4.46242,4.46219,4.46327
1855,4.48869,4.48466,4.48537,4.48477
1856,4.46957,4.47,4.47059,4.46968
1857,4.46454,4.46324,4.46384,4.46219
1858,4.46885,4.4733,4.47254,4.47047
1859,4.46333,4.46163,4.46255,4.46522
1860,4.46371,4.46043,4.46044,4.46037
1861,4.47499,4.47664,4.47659,4.47622
1862,4.46602,4.46341,4.46392,4.46552
1863,4.4587,4.45866,4.45862,4.46012
1864,4.45972,4.46119,4.46148,4.46094
1865,4.47572,4.47451,4.47663,4.47442
1866,4.47601,4.47689,4.47745,4.47919
1867,4.47221,4.46986,4.46918,4.47307
1868,4.46288,4.46166,4.46159,4.4595
1869,4.48539,4.48122,4.48252,4.48443
1870,4.46492,4.46099,4.46207,4.46235
1871,4.45779,4.45665,4.45696,4.45521
1872,4.45905,4.45835,4.45841,4.46105
1873,4.47417,4.47152,4.4714,4.47279
1874,4.46069,4.46149,4.46169,4.45959
1875,4.47703,4.47796,4.47791,4.47915
1876,4.46122,4.45812,4.45791,4.45952
1877,4.4881,4.48304,4.4842,4.48406
1878,4.47,4.46724,4.46864,4.46912
1879,4.4535,4.45308,4.45334,4.45361
1880,4.46932,4.47028,4.46913,4.46678
1881,4.46653,4.4663,4.46638,4.46845
1882,4.47128,4.47108,4.47136,4.47
1883,4.46392,4.46089,4.45962,4.46139
1884,4.46231,4.46246,4.46089,4.46019
1885,4.47653,4.47616,4.47591,4.47559
1886,4.46152,4.46383,4.46274,4.46263
1887,4.45499,4.45393,4.45295,4.45474
1888,4.46615,4.4649,4.46509,4.46319
1889,4.46065,4.46114,4.45973,4.46324
1890,4.47979,4.47763,4.47879,4.47751
1891,4.46462,4.46146,4.46119,4.46048
1892,4.47412,4.47342,4.47494,4.47395
1893,4.4713,4.47102,4.47149,4.47235
1894,4.47504,4.47312,4.4746,4.48058
1895,4.47461,4.47608,4.47643,4.47585
1896,4.47389,4.47416,4.47413,4.47549
1897,4.45848,4.45671,4.4569,4.46032
1898,4.47735,4.47705,4.47594,4.47228
1899,4.45923,4.4615,4.4607,4.46071
1900,4.46565,4.46516,4.46476,4.46472
1901,4.45094,4.44878,4.44905,4.44864
1902,4.47231,4.47086,4.47089,4.47326
1903,4.46275,4.46189,4.46199,4.46105
1904,4.47892,4.4751,4.47607,4.47652
1905,4.45379,4.4528,4.45397,4.45177
1906,4.4674,4.46713,4.46755,4.47037
1907,4.47379,4.47383,4.47442,4.47303
1908,4.46364,4.46117,4.46195,4.46399
1909,4.44343,4.44482,4.44507,4.44574
1910,4.46837,4.46816,4.46905,4.47064
1911,4.46722,4.46786,4.46846,4.46846
1912,4.46771,4.46783,4.46906,4.4714
1913,4.48501,4.48367,4.48371,4.48417
1914,4.46259,4.46201,4.46314,4.46323
1915,4.46977,4.46665,4.46719,4.46771
1916,4.46922,4.46793,4.4685,4.46869
1917,4.46837,4.46833,4.46724,4.46848
1918,4.4583,4.45985,4.45956,4.45956
1919,4.45893,4.46268,4.46221,4.46207
1920,4.47198,4.47332,4.47247,4.47449
1921,4.47108,4.4716,4.4716,4.47271
1922,4.46559,4.46487,4.46479,4.46655
1923,4.46835,4.46648,4.46665,4.46769
1924,4.46714,4.4645,4.46523,4.46444
1925,4.46781,4.4665,4.46563,4.46602
1926,4.48445,4.48343,4.48344,4.48497
1927,4.48149,4.48152,4.47999,4.47783
1928,4.47227,4.4769,4.47584,4.47836
1929,4.4624,4.46352,4.46362,4.46321
1930,4.46699,4.46585,4.46625,4.46537
1931,4.48018,4.47816,4.47893,4.47945
1932,4.47469,4.47311,4.47305,4.47508
1933,4.46157,4.45976,4.46008,4.46105
1934,4.47243,4.47463,4.47437,4.47208
1935,4.474,4.47029,4.46992,4.46974
1936,4.46048,4.46088,4.45983,4.46163
1937,4.46751,4.46486,4.46484,4.46797
1938,4.47063,4.46823,4.4681,4.46863
1939,4.44995,4.44948,4.44806,4.4472
1940,4.47109,4.47029,4.47031,4.47182
1941,4.45229,4.45023,4.45032,4.44889
1942,4.46766,4.46627,4.46633,4.46671
1943,4.45902,4.45676,4.4579,4.45805
1944,4.48345,4.48249,4.48368,4.48635
1945,4.45471,4.45424,4.4541,4.45498
1946,4.47826,4.47566,4.47613,4.47742
1947,4.46588,4.46584,4.46712,4.46739
1948,4.45383,4.45493,4.45547,4.45332
1949,4.46814,4.46663,4.46537,4.47012
1950,4.48899,4.48438,4.4862,4.48741
1951,4.46156,4.45858,4.45874,4.46165
1952,4.47427,4.47241,4.47293,4.47449
1953,4.46301,4.46155,4.46177,4.46194
1954,4.46088,4.46016,4.46217,4.45801
1955,4.46588,4.46687,4.4669,4.46703
1956,4.46715,4.46857,4.46997,4.47085
1957,4.46263,4.46293,4.46288,4.46412
1958,4.47654,4.47654,4.47686,4.47693
1959,4.45575,4.45647,4.45571,4.45766
1960,4.46997,4.47058,4.47096,4.46691
1961,4.4694,4.46849,4.46768,4.46189
1962,4.44745,4.4453,4.44541,4.44982
1963,4.46288,4.46269,4.46199,4.45668
1964,4.46441,4.46567,4.46433,4.46361
1965,4.48046,4.4783,4.47933,4.48093
1966,4.4623,4.46156,4.46134,4.46373
1967,4.48254,4.47917,4.47966,4.47912
1968,4.46591,4.46626,4.46667,4.46666
1969,4.46438,4.46294,4.46254,4.46234
1970,4.46993,4.46801,4.46706,4.46914
1971,4.45574,4.45426,4.45289,4.45316
1972,4.4748,4.47503,4.47605,4.4746
1973,4.47436,4.47434,4.47431,4.47565
1974,4.47566,4.4766,4.47636,4.47772
1975,4.46226,4.46088,4.46221,4.46224
1976,4.47504,4.47197,4.47172,4.47431
1977,4.48046,4.47882,4.47744,4.47941
1978,4.46777,4.47023,4.46971,4.47002
1979,4.47199,4.46099,4.46171,4.45978
1980,4.46745,4.46789,4.46653,4.46908
1981,4.47191,4.47214,4.47095,4.46959
1982,4.46761,4.46511,4.4644,4.46467
1983,4.47636,4.47621,4.47503,4.47622
1984,4.45897,4.4564,4.45566,4.45721
1985,4.46392,4.46307,4.46521,4.46429
1986,4.46518,4.46578,4.46607,4.46501
1987,4.45706,4.461,4.46254,4.46221
1988,4.46552,4.46545,4.46463,4.46491
1989,4.46659,4.4639,4.46308,4.46392
1990,4.46021,4.46057,4.46137,4.46095
1991,4.47041,4.47147,4.47235,4.47292
1992,4.48286,4.478,4.47888,4.47694
1993,4.47819,4.47782,4.47928,4.47806
1994,4.4636,4.46534,4.46573,4.46433
1995,4.47354,4.47066,4.47157,4.47227
1996,4.48782,4.48356,4.48386,4.48454
1997,4.45868,4.45658,4.45717,4.45714
1998,4.45634,4.45772,4.45768,4.45707
1999,4.47289,4.47236,4.47218,4.46976
2000,4.46864,4.46906,4.47073,4.47071
2001,4.48451,4.48108,4.48193,4.4833
2002,4.47738,4.4739,4.47272,4.47277
2003,4.45903,4.45941,4.45887,4.46079
2004,4.4806,4.47875,4.47888,4.48045
2005,4.46482,4.46514,4.46567,4.46511
2006,4.4686,4.46788,4.46764,4.47053
2007,4.47174,4.47172,4.47211,4.47284
2008,4.47477,4.47195,4.47171,4.46986
2009,4.46707,4.46251,4.46257,4.46378
2010,4.46996,4.46649,4.46714,4.46721
2011,4.47041,4.46754,4.46821,4.46374
2012,4.45911,4.45972,4.46006,4.4599
2013,4.46245,4.46251,4.46511,4.45993
2014,4.45642,4.4555,4.45588,4.45607
2015,4.47142,4.47079,4.47254,4.46964
2016,4.49317,4.48001,4.48084,4.47906
2017,4.47501,4.4753,4.47413,4.47491
2018,4.45371,4.45276,4.45421,4.45254
2019,4.46682,4.46628,4.46829,4.46789
2020,4.45874,4.45914,4.45867,4.46014
2021,4.46454,4.46186,4.46201,4.46187
2022,4.46339,4.46494,4.46479,4.46531
2023,4.47585,4.47393,4.47339,4.47298
2024,4.46097,4.45798,4.46014,4.45833
2025,4.48662,4.48936,4.4913,4.49153
2026,4.49139,4.48677,4.48756,4.49443
2027,4.46889,4.46927,4.47033,4.47277
2028,4.47578,4.47613,4.47678,4.47521
2029,4.4659,4.46837,4.46687,4.46586
2030,4.46629,4.46622,4.46743,4.46648
2031,4.47545,4.47073,4.47156,4.47181
2032,4.45847,4.4574,4.45709,4.45987
2033,4.46463,4.46407,4.46348,4.46357
2034,4.45394,4.45601,4.45593,4.45494
2035,4.45585,4.45546,4.45584,4.45773
2036,4.46556,4.47642,4.46369,4.46454
2037,4.4722,4.47416,4.47208,4.47258
2038,4.45685,4.46092,4.45788,4.45752
2039,4.47257,4.46847,4.46765,4.46917
2040,4.46105,4.46553,4.46502,4.46527
2041,4.4618,4.46281,4.46138,4.45875
2042,4.48481,4.48953,4.48765,4.48462
2043,4.46623,4.46181,4.46639,4.46524
2044,4.4623,4.46827,4.46741,4.46576
2045,4.46394,4.46487,4.46211,4.46345
2046,4.47469,4.47136,4.47073,4.47207
2047,4.48111,4.48162,4.48084,4.47718
2048,4.46461,4.46432,4.46275,4.46246
2049,4.46517,4.46874,4.46786,4.46412
2050,4.45173,4.45539,4.45401,4.45448
2051,4.46276,4.45942,4.46157,4.46219
2052,4.46256,4.4624,4.46136,4.4621
2053,4.45887,4.45896,4.45736,4.45808
2054,4.47313,4.50157,4.4755,4.47773
2055,4.48223,4.4809,4.48141,4.48206
2056,4.47057,4.4707,4.47009,4.4703
2057,4.46201,4.46136,4.46152,4.46032
2058,4.47444,4.4733,4.47368,4.47293
2059,4.46276,4.4625,4.4631,4.46724
2060,4.46346,4.45876,4.45997,4.45851
2061,4.46534,4.46276,4.4631,4.46669
2062,4.47049,4.46852,4.46831,4.48169
2063,4.47213,4.46716,4.46763,4.47044
2064,4.47385,4.47316,4.47472,4.47603
2065,4.47545,4.47292,4.47462,4.47277
2066,4.47498,4.47131,4.47152,4.47364
2067,4.46515,4.46363,4.46568,4.46494
2068,4.47244,4.47075,4.47166,4.47173
2069,4.45692,4.45849,4.45924,4.45827
2070,4.4597,4.46036,4.45983,4.4653
2071,4.46792,4.46564,4.46386,4.47102
2072,4.45665,4.45566,4.45415,4.45339
2073,4.45566,4.45458,4.45517,4.45507
2074,4.46939,4.49294,4.46964,4.46511
2075,4.46103,4.46252,4.46357,4.46488
2076,4.47798,4.48221,4.47729,4.47716
2077,4.47234,4.47244,4.47107,4.46954
2078,4.46551,4.4644,4.46486,4.46612
2079,4.47258,4.4719,4.47039,4.46962
2080,4.47706,4.47672,4.47515,4.47411
2081,4.47481,4.47885,4.47382,4.47204
2082,4.46594,4.46332,4.46526,4.46321
2083,4.46804,4.47248,4.46956,4.47137
2084,4.47617,4.51712,4.47147,4.47014
2085,4.46179,4.46129,4.46009,4.45763
2086,4.45614,4.45993,4.45829,4.45784
2087,4.4628,4.48801,4.45994,4.45992
2088,4.4767,4.47794,4.47626,4.47522
2089,4.4622,4.58263,4.46077,4.46089
2090,4.4696,4.47517,4.46612,4.48285
2091,4.47058,4.46889,4.47166,4.47342
2092,4.46317,4.45872,4.46043,4.46032
2093,4.46909,4.46648,4.46848,4.46833
2094,4.46124,4.46423,4.46078,4.46207
2095,4.47604,4.48031,4.47923,4.47647
2096,4.45991,4.46295,4.46133,4.4652
2097,4.47731,4.47844,4.47898,4.47651
2098,4.47548,4.47469,4.4744,4.48428
2099,4.46583,4.4699,4.46468,4.46296
2100,4.47276,4.46857,4.47216,4.46997
2101,4.46625,4.47204,4.46418,4.46475
2102,4.46098,4.46546,4.46053,4.46247
2103,4.4762,4.47417,4.47334,4.48821
2104,4.47369,4.47679,4.47307,4.47241
2105,4.47552,4.47384,4.4749,4.47315
2106,4.45803,4.46193,4.46024,4.46245
2107,4.47646,4.47376,4.47616,4.47179
2108,4.48322,4.4809,4.48274,4.48221
2109,4.45364,4.46223,4.45397,4.44995
2110,4.47281,4.4759,4.47471,4.47412
2111,4.47452,4.46857,4.47183,4.47466
2112,4.47329,4.47423,4.47279,4.47092
2113,4.46234,4.46553,4.46431,4.46096
2114,4.47105,4.46477,4.46998,4.46537
2115,4.48505,4.47188,4.47404,4.4752
2116,4.47026,4.46596,4.46452,4.4688
2117,4.46404,4.46557,4.4658,4.46645
2118,4.46549,4.46524,4.46612,4.46449
2119,4.46224,4.46199,4.46151,4.46287
2120,4.46379,4.46141,4.46372,4.4634
2121,4.47507,4.47653,4.47699,4.47879
2122,4.46923,4.46373,4.46594,4.46699
2123,4.45998,4.46114,4.46115,4.46081
2124,4.4629,4.46591,4.46646,4.46347
2125,4.46366,4.46491,4.4646,4.46711
2126,4.47481,4.47683,4.47603,4.47971
2127,4.48217,4.4829,4.48104,4.48463
2128,4.47108,4.46796,4.46732,4.46929
2129,4.45828,4.46242,4.45956,4.45879
2130,4.46802,4.46657,4.46661,4.46613
2131,4.46343,4.46208,4.46262,4.46298
2132,4.46822,4.47045,4.46954,4.47084
2133,4.47742,4.478,4.47647,4.4774
2134,4.47275,4.47716,4.47852,4.47914
2135,4.44828,4.44895,4.44942,4.4476
2136,4.47399,4.51292,4.47428,4.47451
2137,4.4537,4.4612,4.45482,4.45554
2138,4.47211,4.472,4.47269,4.47161
2139,4.4651,4.46396,4.46069,4.46318
2140,4.47447,4.47356,4.47333,4.47377
2141,4.4792,4.47748,4.47532,4.47539
2142,4.48081,4.47656,4.47833,4.47606
2143,4.45928,4.46532,4.46158,4.46125
2144,4.46814,4.46678,4.46658,4.46449
2145,4.47523,4.46637,4.47164,4.4711
2146,4.4738,4.471,4.47227,4.46975
2147,4.46645,4.46771,4.46804,4.46648
2148,4.46862,4.46628,4.46779,4.4665
2149,4.47769,4.47634,4.47476,4.47894
2150,4.46865,4.46672,4.46714,4.46744
2151,4.46688,4.46679,4.46683,4.46944
2152,4.46344,4.4639,4.46443,4.46549
2153,4.47843,4.48133,4.47943,4.4796
2154,4.46254,4.46387,4.46231,4.46545
2155,4.46639,4.46625,4.46762,4.46688
2156,4.46465,4.45857,4.46452,4.46328
2157,4.46534,4.45961,4.46307,4.46577
2158,4.47564,4.47578,4.47602,4.47837
2159,4.4772,4.47584,4.47705,4.47906
2160,4.4583,4.45723,4.45891,4.46372
2161,4.47106,4.46864,4.46702,4.46914
2162,4.45772,4.46259,4.45985,4.45871
2163,4.47881,4.47933,4.47515,4.47513
2164,4.45964,4.46007,4.45749,4.45695
2165,4.4534,4.45661,4.45403,4.45393
2166,4.46968,4.45951,4.46674,4.47132
2167,4.46011,4.46381,4.4599,4.46123
2168,4.4536,4.45641,4.45416,4.45624
2169,4.4707,4.46919,4.47103,4.4694
2170,4.47157,4.47098,4.4707,4.47026
2171,4.44858,4.44658,4.44957,4.44944
2172,4.4695,4.47159,4.47061,4.47222
2173,4.45455,4.45627,4.4557,4.45505
2174,4.478,4.48113,4.47987,4.4779
2175,4.46584,4.49345,4.46744,4.4671
2176,4.45206,4.4498,4.4509,4.44995
2177,4.46524,4.46575,4.46384,4.46465
2178,4.48655,4.48864,4.48635,4.48732
2179,4.45907,4.46166,4.46024,4.46031
2180,4.46632,4.46858,4.46733,4.46636
2181,4.46902,4.4694,4.46649,4.46622
2182,4.46401,4.46263,4.46221,4.46464
2183,4.45935,4.45593,4.45813,4.45965
2184,4.47157,4.47207,4.47189,4.47316
2185,4.46643,4.4653,4.46594,4.46513
2186,4.45642,4.45555,4.45596,4.45664
2187,4.46609,4.468,4.46722,4.46766
2188,4.46338,4.46387,4.46418,4.4636
2189,4.47212,4.47054,4.47392,4.47554
2190,4.48727,4.48954,4.48851,4.48749
2191,4.48013,4.47786,4.48023,4.4795
2192,4.4783,4.47972,4.47752,4.47518
2193,4.46384,4.46619,4.46408,4.46459
2194,4.45723,4.4612,4.46092,4.45979
2195,4.47874,4.47759,4.47785,4.47809
2196,4.47009,4.47153,4.46985,4.46806
2197,4.46086,4.46042,4.46002,4.46133
2198,4.46883,4.46722,4.46743,4.46756
2199,4.47628,4.47721,4.47799,4.47994
2200,4.47525,4.47573,4.47585,4.47835
2201,4.45833,4.46204,4.45953,4.46163
2202,4.46482,4.46478,4.46605,4.45995
2203,4.46798,4.46337,4.46575,4.46574
2204,4.47501,4.47483,4.47397,4.47569
2205,4.46346,4.46303,4.46342,4.46727
2206,4.46815,4.46415,4.46523,4.46948
2207,4.47537,4.47383,4.47541,4.47594
2208,4.45957,4.4571,4.45773,4.45723
2209,4.47504,4.47638,4.4758,4.47718
2210,4.46964,4.47196,4.46948,4.47057
2211,4.47396,4.47354,4.47297,4.4735
2212,4.46933,4.46901,4.46977,4.47149
2213,4.45894,4.4586,4.45826,4.45919
2214,4.46485,4.46428,4.46427,4.46379
2215,4.45823,4.46137,4.45918,4.45935
2216,4.46844,4.46596,4.46568,4.46689
2217,4.46902,4.46802,4.4701,4.47001
2218,4.46333,4.46314,4.46243,4.46234
2219,4.4784,4.47505,4.47856,4.47761
2220,4.4662,4.46544,4.46531,4.46941
2221,4.45505,4.45698,4.45537,4.4577
2222,4.47074,4.4726,4.47099,4.47097
2223,4.47235,4.46881,4.47032,4.4711
2224,4.47225,4.47327,4.47262,4.47073
2225,4.46388,4.46053,4.46163,4.46058
2226,4.45693,4.4597,4.45979,4.45908
2227,4.46722,4.468,4.46663,4.46583
2228,4.48203,4.48221,4.48131,4.48271
2229,4.45465,4.45486,4.45392,4.45637
2230,4.47696,4.47288,4.47151,4.4728
2231,4.46722,4.46629,4.46563,4.46648
2232,4.46737,4.46796,4.46606,4.47087
2233,4.46783,4.46119,4.46127,4.46397
2234,4.47084,4.47141,4.47032,4.46981
2235,4.46477,4.4646,4.4667,4.4649
2236,4.47348,4.4761,4.47442,4.47328
2237,4.47201,4.46864,4.46767,4.46931
2238,4.45509,4.45834,4.4601,4.45651
2239,4.47545,4.4734,4.47342,4.47326
2240,4.46442,4.45952,4.46227,4.46355
2241,4.4737,4.46947,4.47207,4.46988
2242,4.47629,4.47629,4.47842,4.47697
2243,4.47437,4.47338,4.47436,4.47361
2244,4.46056,4.45809,4.45862,4.45933
2245,4.46416,4.46447,4.46445,4.46292
2246,4.45627,4.46069,4.45907,4.45937
2247,4.46702,4.46381,4.46446,4.46504
2248,4.4591,4.45971,4.46102,4.46066
2249,4.45527,4.49228,4.45494,4.45413
2250,4.46827,4.46897,4.46853,4.47016
2251,4.46887,4.46788,4.47006,4.47061
2252,4.4613,4.46197,4.46139,4.45837
2253,4.47539,4.47511,4.47248,4.47351
2254,4.46056,4.45782,4.45753,4.45946
2255,4.46559,4.46363,4.46413,4.46443
2256,4.47072,4.46871,4.46855,4.47058
2257,4.47106,4.47049,4.47019,4.46886
2258,4.45845,4.45856,4.45881,4.45928
2259,4.46923,4.4963,4.46711,4.46949
2260,4.46049,4.45998,4.45942,4.45609
2261,4.48787,4.48516,4.48423,4.48715
2262,4.4622,4.46501,4.4643,4.46608
2263,4.48679,4.48903,4.4885,4.48791
2264,4.45801,4.45735,4.45587,4.45263
2265,4.47881,4.49409,4.4771,4.47744
2266,4.46708,4.46831,4.46737,4.46983
2267,4.46716,4.47023,4.46561,4.46767
2268,4.47328,4.4746,4.47334,4.47272
2269,4.46917,4.47517,4.47203,4.47533
2270,4.45298,4.45591,4.45276,4.45232
2271,4.47008,4.46928,4.46905,4.47112
2272,4.47584,4.47662,4.47414,4.47477
2273,4.47526,4.47235,4.47472,4.47497
2274,4.46662,4.46563,4.46616,4.46438
2275,4.47088,4.46798,4.4686,4.46759
2276,4.47238,4.4736,4.47179,4.47398
2277,4.46578,4.463,4.46146,4.46459
2278,4.45633,4.45851,4.45806,4.45835
2279,4.45874,4.46478,4.46162,4.46451
2280,4.46736,4.46843,4.46821,4.46728
2281,4.4659,4.46488,4.46563,4.46459
2282,4.4682,4.46467,4.46573,4.46442
2283,4.4691,4.47075,4.46948,4.46787
2284,4.48005,4.48243,4.48003,4.4829
2285,4.46811,4.46622,4.46631,4.46771
2286,4.46811,4.4666,4.46805,4.46915
2287,4.46784,4.46885,4.46821,4.47063
2288,4.46331,4.46157,4.46106,4.46083
2289,4.47445,4.47615,4.47609,4.47321
2290,4.46015,4.45668,4.45926,4.45764
2291,4.48192,4.4774,4.47869,4.47644
2292,4.47362,4.47292,4.47114,4.47257
2293,4.45911,4.46115,4.46014,4.46002
2294,4.47498,4.47408,4.47401,4.47184
2295,4.48001,4.47987,4.48112,4.48076
2296,4.47325,4.47035,4.4711,4.47046
2297,4.46531,4.46735,4.46673,4.46597
2298,4.45786,4.45538,4.45898,4.45574
2299,4.45595,4.45679,4.45822,4.45847
2300,4.46665,4.46542,4.46469,4.46622
2301,4.47869,4.47708,4.47568,4.47352
2302,4.4568,4.45452,4.45648,4.4532
2303,4.46436,4.46532,4.46565,4.46477
2304,4.46786,4.46506,4.46511,4.46389
2305,4.46713,4.46668,4.46457,4.45945
2306,4.47974,4.47672,4.47649,4.4767
2307,4.45868,4.45527,4.45739,4.45528
2308,4.4645,4.46496,4.4654,4.46642
2309,4.47698,4.47757,4.47699,4.47909
2310,4.46397,4.46288,4.46355,4.46567
2311,4.47266,4.47292,4.47223,4.47324
2312,4.45291,4.45242,4.45147,4.44823
2313,4.46618,4.4676,4.46482,4.46799
2314,4.47094,4.47123,4.47175,4.47466
2315,4.48599,4.4879,4.48638,4.4868
2316,4.46708,4.46748,4.46785,4.46604
2317,4.4776,4.4785,4.4766,4.47534
2318,4.46697,4.46623,4.46748,4.46368
2319,4.46695,4.46948,4.47016,4.47103
2320,4.46912,4.47229,4.47099,4.46893
2321,4.46743,4.46693,4.46627,4.46733
2322,4.47339,4.47054,4.47023,4.46946
2323,4.46075,4.45773,4.45799,4.45662
2324,4.46944,4.46837,4.469,4.47174
2325,4.482,4.48133,4.48202,4.48383
2326,4.46306,4.46341,4.4638,4.46408
2327,4.45803,4.45815,4.45887,4.45729
2328,4.4608,4.46037,4.46114,4.46004
2329,4.45751,4.45801,4.4581,4.45687
2330,4.47057,4.46996,4.47041,4.46921
2331,4.46914,4.47106,4.46982,4.47133
2332,4.46422,4.46373,4.46395,4.46421
2333,4.46808,4.46783,4.46697,4.46735
2334,4.46902,4.47009,4.47042,4.46971
2335,4.4865,4.50212,4.48711,4.48681
2336,4.46072,4.46093,4.4608,4.45992
2337,4.46444,4.46238,4.46319,4.46354
2338,4.45414,4.45039,4.45248,4.45143
2339,4.47024,4.4701,4.46968,4.47407
2340,4.46681,4.46965,4.47022,4.47133
2341,4.4641,4.46752,4.46584,4.46631
2342,4.45937,4.46001,4.45905,4.45802
2343,4.4717,4.47095,4.47089,4.46866
2344,4.46394,4.46692,4.46604,4.46624
2345,4.46781,4.4671,4.46934,4.46783
2346,4.46878,4.46793,4.46687,4.46817
2347,4.46692,4.46251,4.46226,4.46347
2348,4.46586,4.46946,4.46845,4.46923
2349,4.45967,4.49141,4.45808,4.46025
2350,4.46868,4.46543,4.4665,4.46275
2351,4.47785,4.47792,4.47814,4.47679
2352,4.46054,4.46071,4.46086,4.45943
2353,4.47257,4.47148,4.47238,4.46888
2354,4.46712,4.4661,4.4655,4.46439
2355,4.46523,4.4676,4.46665,4.46809
2356,4.45889,4.45457,4.45374,4.45306
2357,4.46586,4.46642,4.46599,4.45719
2358,4.45591,4.45534,4.45319,4.45789
2359,4.4704,4.46952,4.47051,4.47349
2360,4.46697,4.46904,4.47053,4.47074
2361,4.48671,4.4874,4.4867,4.49239
2362,4.479,4.47885,4.47797,4.47947
2363,4.45525,4.45575,4.45621,4.45123
2364,4.46721,4.47063,4.47058,4.46998
2365,4.46454,4.46261,4.46269,4.46354
2366,4.46346,4.46698,4.4676,4.46654
2367,4.46529,4.4647,4.46431,4.46312
2368,4.46897,4.46912,4.46837,4.46957
2369,4.46991,4.47059,4.46863,4.4726
2370,4.46518,4.46576,4.46675,4.46779
2371,4.47454,4.4766,4.47555,4.47812
2372,4.47146,4.4718,4.47297,4.47226
2373,4.45813,4.45653,4.45726,4.45435
2374,4.46893,4.46578,4.4665,4.46486
2375,4.45923,4.46116,4.46223,4.46199
2376,4.46759,4.46758,4.4674,4.46627
2377,4.46338,4.46492,4.46343,4.46343
2378,4.45714,4.45555,4.45711,4.45707
2379,4.46833,4.46915,4.46929,4.47129
2380,4.45685,4.45833,4.45815,4.45244
2381,4.48049,4.47526,4.47635,4.47701
2382,4.4744,4.47269,4.4729,4.47268
2383,4.48217,4.47992,4.48206,4.48386
2384,4.46449,4.46483,4.46405,4.45942
2385,4.46715,4.46634,4.46634,4.46734
2386,4.4491,4.45198,4.4496,4.4484
2387,4.4628,4.46258,4.46372,4.46213
2388,4.47295,4.47033,4.46849,4.46901
2389,4.46384,4.4622,4.46394,4.46142
2390,4.46242,4.46069,4.46086,4.4637
2391,4.46931,4.4697,4.47074,4.46173
2392,4.46425,4.46794,4.46711,4.46311
2393,4.46287,4.46212,4.46288,4.46266
2394,4.46754,4.46909,4.46815,4.46722
2395,4.47799,4.47974,4.47826,4.478
2396,4.46711,4.47132,4.47136,4.47351
2397,4.47055,4.46926,4.46999,4.47521
2398,4.48062,4.4771,4.4767,4.47559
2399,4.4555,4.45657,4.45633,4.45686
2400,4.4676,4.46536,4.46544,4.46461
2401,4.4769,4.47859,4.4774,4.47937
2402,4.46584,4.46829,4.46875,4.47433
2403,4.46698,4.46751,4.4673,4.46386
2404,4.46563,4.46687,4.46745,4.46536
2405,4.45784,4.4615,4.46153,4.46086
2406,4.46556,4.46392,4.46319,4.46398
2407,4.46542,4.46496,4.46471,4.46482
2408,4.45476,4.45304,4.45352,4.45282
2409,4.46977,4.47106,4.4707,4.46789
2410,4.47733,4.47532,4.47413,4.47587
2411,4.48537,4.48308,4.48447,4.48303
2412,4.46073,4.46411,4.46429,4.46621
2413,4.46316,4.46622,4.46662,4.46555
2414,4.47301,4.47455,4.47238,4.47215
2415,4.46054,4.4635,4.46278,4.46212
2416,4.47325,4.47293,4.47202,4.47086
2417,4.46359,4.46278,4.46304,4.46011
2418,4.46375,4.46345,4.46459,4.46382
2419,4.46043,4.45927,4.46065,4.45737
2420,4.46236,4.45841,4.45755,4.46408
2421,4.47669,4.47438,4.47377,4.4715
2422,4.46119,4.46716,4.46466,4.46658
2423,4.47589,4.4749,4.4754,4.47275
2424,4.46072,4.45881,4.45789,4.45783
2425,4.46363,4.45877,4.45931,4.46048
2426,4.4555,4.45608,4.45601,4.453
2427,4.4655,4.46367,4.46555,4.46969
2428,4.46808,4.46834,4.46872,4.4681
2429,4.47506,4.47559,4.47597,4.4726
2430,4.46467,4.46533,4.46465,4.46419
2431,4.47625,4.47583,4.47492,4.47871
2432,4.46604,4.46957,4.46844,4.46827
2433,4.47548,4.47379,4.47441,4.47507
2434,4.46873,4.46391,4.46496,4.4645
2435,4.45706,4.46058,4.4597,4.46134
2436,4.48729,4.49,4.49022,4.48955
2437,4.4676,4.46465,4.4664,4.45537
2438,4.46807,4.46835,4.46795,4.46989
2439,4.46315,4.46552,4.46577,4.46878
2440,4.46318,4.4611,4.46061,4.44378
2441,4.4491,4.45077,4.45074,4.45375
2442,4.45588,4.4572,4.45684,4.46124
2443,4.46597,4.46657,4.4671,4.47331
2444,4.46265,4.4637,4.46348,4.46685
2445,4.46974,4.46941,4.46926,4.47498
2446,4.47413,4.47703,4.47693,4.47401
2447,4.45666,4.45629,4.4567,4.45037
2448,4.46403,4.46367,4.46483,4.46658
2449,4.46604,4.46736,4.46848,4.47267
2450,4.47242,4.47024,4.46956,4.46811
2451,4.47601,4.47954,4.47697,4.47534
2452,4.4592,4.45984,4.46028,4.45804
2453,4.4542,4.4544,4.45351,4.4561
2454,4.45812,4.4583,4.45865,4.46083
2455,4.45663,4.4554,4.45671,4.45554
2456,4.47998,4.47686,4.47605,4.47747
2457,4.47016,4.46952,4.47165,4.47181
2458,4.47029,4.46632,4.46579,4.46328
2459,4.47109,4.46339,4.46477,4.46114
2460,4.47358,4.47084,4.47066,4.4645
2461,4.46467,4.46336,4.4632,4.46234
2462,4.47392,4.47415,4.47477,4.47287
2463,4.46266,4.46034,4.46247,4.45887
2464,4.46044,4.46028,4.45974,4.45801
2465,4.44875,4.4451,4.44771,4.44607
2466,4.46128,4.46182,4.46123,4.45676
2467,4.46151,4.46141,4.46047,4.46159
2468,4.48048,4.48267,4.48143,4.47987
2469,4.49568,4.49523,4.49713,4.49596
2470,4.46494,4.46207,4.46271,4.46224
2471,4.47331,4.47288,4.47301,4.47456
2472,4.46531,4.46241,4.46427,4.46296
2473,4.4622,4.46537,4.46476,4.46429
2474,4.47226,4.46996,4.47048,4.46966
2475,4.4948,4.49453,4.49376,4.48945
2476,4.46862,4.46768,4.4685,4.46729
2477,4.47131,4.46859,4.46716,4.46793
2478,4.44677,4.44761,4.44849,4.44768
2479,4.45705,4.46111,4.46043,4.46058
2480,4.46379,4.46366,4.46253,4.46239
2481,4.45967,4.45895,4.45981,4.45888
2482,4.46214,4.46248,4.46198,4.46196
2483,4.46844,4.46865,4.46803,4.46789
2484,4.46483,4.46127,4.46109,4.4633
2485,4.47387,4.47176,4.47126,4.47227
2486,4.48336,4.48253,4.48415,4.48381
2487,4.46091,4.46159,4.46138,4.46091
2488,4.49414,4.48981,4.49154,4.48638
2489,4.46496,4.46763,4.46548,4.46483
2490,4.46166,4.46055,4.46026,4.45269
2491,4.45895,4.45696,4.45775,4.4603
2492,4.47121,4.47208,4.47203,4.47396
2493,4.46298,4.46267,4.46157,4.45958
2494,4.48329,4.48055,4.47963,4.47786
2495,4.47285,4.47331,4.47392,4.47179
2496,4.45621,4.45963,4.45915,4.44597
2497,4.47785,4.47813,4.47779,4.48024
2498,4.46403,4.46741,4.46612,4.46844
2499,4.47055,4.46803,4.46918,4.46923
2500,4.45946,4.45965,4.46019,4.46144
2501,4.46676,4.46649,4.46487,4.45913
2502,4.47723,4.47584,4.47418,4.4785
2503,4.47481,4.47403,4.47255,4.46909
2504,4.47487,4.47341,4.4747,4.4685
2505,4.46831,4.467,4.46781,4.46063
2506,4.45178,4.45302,4.4523,4.45049
2507,4.46589,4.46352,4.46214,4.46657
2508,4.46405,4.46482,4.46388,4.4654
2509,4.46786,4.4689,4.46856,4.46015
2510,4.46427,4.46445,4.46491,4.46761
2511,4.46263,4.45988,4.46083,4.46149
2512,4.48109,4.479,4.47985,4.47871
2513,4.45802,4.45577,4.4567,4.44947
2514,4.47193,4.47311,4.47339,4.47316
2515,4.48172,4.4792,4.48001,4.48571
2516,4.4549,4.45544,4.45419,4.448
2517,4.47591,4.47438,4.47489,4.4725
2518,4.47455,4.47621,4.47589,4.47318
2519,4.47153,4.46854,4.46968,4.47375
2520,4.47286,4.4729,4.47341,4.4725
2521,4.47008,4.46861,4.46827,4.47027
2522,4.47381,4.47374,4.47361,4.46166
2523,4.45501,4.45479,4.45486,4.46103
2524,4.47381,4.47114,4.47199,4.46666
2525,4.48394,4.48327,4.48289,4.47485
2526,4.45893,4.45942,4.46043,4.45647
2527,4.46464,4.46325,4.46261,4.45776
2528,4.46914,4.46537,4.46666,4.46627
2529,4.469,4.46792,4.4679,4.47074
2530,4.46637,4.46743,4.46601,4.47138
2531,4.46057,4.45871,4.46007,4.46264
2532,4.4672,4.46658,4.46621,4.4681
2533,4.47158,4.47003,4.46989,4.47909
2534,4.46808,4.46937,4.46779,4.46776
2535,4.46397,4.46331,4.46468,4.46102
2536,4.47705,4.47569,4.47608,4.4723
2537,4.46618,4.46502,4.46406,4.46236
2538,4.46491,4.46406,4.46344,4.46488
2539,4.4664,4.46591,4.46556,4.46256
2540,4.47192,4.47001,4.47245,4.46876
2541,4.46195,4.46164,4.46117,4.46424
2542,4.46149,4.46225,4.46269,4.45833
2543,4.44925,4.45146,4.44968,4.45241
2544,4.4762,4.47541,4.47633,4.48011
2545,4.46374,4.46249,4.46411,4.45572
2546,4.46278,4.46095,4.46177,4.46648
2547,4.47328,4.47045,4.4714,4.47
2548,4.46088,4.45968,4.45949,4.45924
2549,4.46045,4.45972,4.45919,4.45716
2550,4.46132,4.45748,4.45831,4.46163
2551,4.4565,4.45635,4.4566,4.4555
2552,4.46558,4.46613,4.46488,4.46744
2553,4.45436,4.4509,4.4515,4.45159
2554,4.46868,4.46824,4.46834,4.4662
2555,4.45129,4.4516,4.45227,4.45264
2556,4.46133,4.46053,4.46103,4.46062
2557,4.47074,4.47109,4.47011,4.47052
2558,4.4509,4.45098,4.45136,4.45081
2559,4.46971,4.46987,4.47098,4.46791
2560,4.48118,4.48272,4.48248,4.47992
2561,4.46788,4.46644,4.46595,4.46461
2562,4.47504,4.47581,4.47497,4.47174
2563,4.47972,4.47831,4.47734,4.47614
2564,4.46405,4.4655,4.46408,4.46794
2565,4.47418,4.47524,4.47523,4.47756
2566,4.46035,4.4609,4.45986,4.45372
2567,4.47254,4.47283,4.47421,4.47641
2568,4.46534,4.46387,4.46425,4.45622
2569,4.46832,4.46726,4.46846,4.46681
2570,4.47083,4.46899,4.47015,4.47111
2571,4.46556,4.46524,4.4655,4.47043
2572,4.46287,4.46111,4.46176,4.46426
2573,4.47142,4.47089,4.47045,4.46839
2574,4.45859,4.45973,4.45795,4.45312
2575,4.48533,4.48229,4.48324,4.51059
2576,4.45511,4.4546,4.45463,4.45735
2577,4.46643,4.46779,4.46671,4.47231
2578,4.45872,4.45717,4.4576,4.46261
2579,4.46769,4.46536,4.46525,4.46611
2580,4.4547,4.45349,4.45707,4.45439
2581,4.46809,4.46852,4.46767,4.46825
2582,4.47606,4.47321,4.47407,4.47282
2583,4.44348,4.44504,4.44279,4.44526
2584,4.47969,4.48038,4.4803,4.48074
2585,4.47984,4.48076,4.48082,4.47931
2586,4.47014,4.47173,4.47212,4.47106
2587,4.46522,4.4692,4.46583,4.46933
2588,4.47091,4.4726,4.47169,4.46927
2589,4.46499,4.46615,4.463,4.4644
2590,4.4636,4.46501,4.46625,4.46355
2591,4.46642,4.4654,4.46698,4.46709
2592,4.46692,4.4652,4.46595,4.46638
2593,4.45541,4.45684,4.45637,4.4536
2594,4.47039,4.47087,4.47011,4.47329
2595,4.47769,4.47847,4.47766,4.47966
2596,4.46556,4.46556,4.46393,4.46461
2597,4.45063,4.45161,4.45188,4.45765
2598,4.45906,4.46286,4.46126,4.45728
2599,4.46416,4.46206,4.46281,4.4651
2600,4.46507,4.46528,4.46554,4.4649
2601,4.45786,4.45602,4.45657,4.45507
2602,4.49265,4.49046,4.49056,4.4871
2603,4.47401,4.47171,4.47247,4.47055
2604,4.48257,4.4819,4.48141,4.48013
2605,4.46169,4.46038,4.45835,4.463
2606,4.46009,4.45959,4.45887,4.45826
2607,4.48107,4.48083,4.48295,4.48189
2608,4.47694,4.47629,4.47667,4.47457
2609,4.45853,4.45737,4.45812,4.45903
2610,4.44413,4.44683,4.44448,4.44566
2611,4.47488,4.47281,4.47301,4.47464
2612,4.48889,4.48822,4.48994,4.48875
2613,4.46239,4.46461,4.46373,4.46412
2614,4.46172,4.46231,4.46134,4.45918
2615,4.45496,4.45734,4.45666,4.45714
2616,4.47184,4.46887,4.46975,4.46994
2617,4.47891,4.47598,4.47788,4.47547
2618,4.48854,4.48545,4.48714,4.48723
2619,4.46424,4.46596,4.46632,4.46584
2620,4.47928,4.47931,4.47978,4.48059
2621,4.4692,4.46853,4.46844,4.46958
2622,4.46786,4.46913,4.46827,4.46974
2623,4.47133,4.46918,4.46908,4.4695
2624,4.46431,4.46389,4.4644,4.46563
2625,4.44899,4.44983,4.44892,4.44807
2626,4.46285,4.46293,4.46295,4.461
2627,4.46373,4.46514,4.46453,4.4625
2628,4.46137,4.4615,4.46118,4.46244
2629,4.47835,4.4777,4.47588,4.47492
2630,4.45671,4.4574,4.45542,4.44896
2631,4.46769,4.46421,4.46562,4.463
2632,4.47814,4.47726,4.47998,4.47816
2633,4.47991,4.47809,4.47839,4.47383
2634,4.46804,4.46806,4.46907,4.46549
2635,4.45075,4.45167,4.45342,4.45228
2636,4.47231,4.47,4.46986,4.47186
2637,4.46331,4.46564,4.46392,4.46201
2638,4.46201,4.46116,4.45995,4.45931
2639,4.47437,4.4764,4.47394,4.47867
2640,4.46405,4.46205,4.4628,4.46119
2641,4.47139,4.47066,4.47207,4.46768
2642,4.46823,4.46728,4.46746,4.46842
2643,4.4718,4.47291,4.47318,4.4689
2644,4.46621,4.46428,4.46363,4.46622
2645,4.47484,4.47571,4.4742,4.47947
2646,4.45599,4.45458,4.4558,4.45241
2647,4.47267,4.47262,4.47345,4.46845
2648,4.47152,4.47192,4.47081,4.4716
2649,4.4609,4.45958,4.46072,4.45919
2650,4.47247,4.47307,4.47171,4.47647
2651,4.46783,4.46882,4.47135,4.46842
2652,4.46465,4.46552,4.46494,4.46455
2653,4.46137,4.46055,4.46097,4.46145
2654,4.46997,4.47008,4.46926,4.46808
2655,4.46408,4.46445,4.46509,4.4627
2656,4.45436,4.45612,4.45438,4.44612
2657,4.46506,4.46483,4.46598,4.46324
2658,4.46411,4.46403,4.46366,4.45877
2659,4.46344,4.46391,4.4652,4.46057
2660,4.46438,4.46454,4.46595,4.47285
2661,4.44916,4.44734,4.44817,4.44722
2662,4.45818,4.46098,4.46176,4.4622
2663,4.46252,4.46256,4.46119,4.46336
2664,4.46705,4.46808,4.4682,4.46914
2665,4.46937,4.47389,4.47271,4.47004
2666,4.46912,4.46862,4.46891,4.46979
2667,4.45311,4.45347,4.45272,4.45317
2668,4.46291,4.46385,4.46358,4.45947
2669,4.46262,4.46052,4.46121,4.45915
2670,4.46226,4.46292,4.46257,4.45715
2671,4.4645,4.46339,4.4643,4.45811
2672,4.46278,4.4645,4.46343,4.46509
2673,4.47479,4.47379,4.4741,4.46982
2674,4.47073,4.47055,4.4704,4.46555
2675,4.46918,4.46932,4.46817,4.46473
2676,4.46808,4.46766,4.46725,4.46963
2677,4.47052,4.47127,4.47128,4.47157
2678,4.4739,4.47372,4.47366,4.46935
2679,4.48003,4.47976,4.48011,4.47755
2680,4.46856,4.47264,4.47057,4.47064
2681,4.45888,4.46137,4.46046,4.4572
2682,4.46957,4.47127,4.47182,4.46589
2683,4.47266,4.47188,4.47203,4.46718
2684,4.46875,4.46761,4.46739,4.46529
2685,4.48648,4.48395,4.48414,4.48382
2686,4.47254,4.47383,4.47181,4.47298
2687,4.45962,4.4612,4.46287,4.46244
2688,4.46463,4.46394,4.46403,4.46076
2689,4.47443,4.47341,4.4734,4.47255
2690,4.46563,4.46508,4.46439,4.47054
2691,4.47045,4.47038,4.4692,4.46531
2692,4.46584,4.46454,4.46588,4.46308
2693,4.46629,4.46592,4.46423,4.46134
2694,4.45979,4.46111,4.4607,4.46054
2695,4.465,4.46482,4.4647,4.46705
2696,4.46316,4.46373,4.46312,4.46591
2697,4.47019,4.46787,4.46812,4.46647
2698,4.46788,4.46603,4.46622,4.46221
2699,4.46373,4.46056,4.45984,4.46022
2700,4.46965,4.47042,4.47032,4.46871
2701,4.47012,4.47122,4.47252,4.47016
2702,4.46576,4.46448,4.46431,4.46382
2703,4.47486,4.47371,4.47577,4.47789
2704,4.46069,4.45944,4.46067,4.4565
2705,4.47506,4.47122,4.47239,4.47391
2706,4.45389,4.45376,4.45729,4.45531
2707,4.46299,4.46242,4.46289,4.47021
2708,4.46902,4.46844,4.46647,4.46955
2709,4.46719,4.46863,4.4673,4.46497
2710,4.45878,4.46135,4.46164,4.46355
2711,4.45896,4.46003,4.46054,4.46282
2712,4.47396,4.47503,4.47334,4.47989
2713,4.48096,4.47867,4.47812,4.47131
2714,4.47201,4.47243,4.47245,4.47238
2715,4.47452,4.47556,4.47636,4.47198
2716,4.4669,4.46854,4.46762,4.46216
2717,4.46971,4.46882,4.46887,4.46889
2718,4.46787,4.46784,4.46827,4.4677
2719,4.46041,4.45807,4.45781,4.45003
2720,4.46831,4.46688,4.46574,4.46474
2721,4.47151,4.4726,4.47347,4.46601
2722,4.47745,4.47791,4.47736,4.4808
2723,4.47535,4.47532,4.47458,4.47526
2724,4.46686,4.46921,4.4673,4.4557
2725,4.45961,4.45884,4.45872,4.45569
2726,4.4637,4.46231,4.46164,4.46714
2727,4.46372,4.46618,4.4657,4.46207
2728,4.46441,4.46443,4.46459,4.46237
2729,4.45968,4.46035,4.46141,4.46606
2730,4.46157,4.46079,4.46066,4.45927
2731,4.46757,4.4691,4.46906,4.47233
2732,4.46766,4.47029,4.46973,4.46401
2733,4.46967,4.46906,4.46754,4.46961
2734,4.46453,4.46352,4.46305,4.45775
2735,4.4666,4.46769,4.46678,4.46427
2736,4.46499,4.46691,4.46681,4.47127
2737,4.45754,4.45741,4.45709,4.4581
2738,4.4714,4.47155,4.47087,4.46867
2739,4.46248,4.46146,4.46112,4.46803
2740,4.47119,4.47317,4.47379,4.47465
2741,4.47125,4.47256,4.47284,4.47946
2742,4.46456,4.46214,4.46239,4.46609
2743,4.46032,4.45952,4.46138,4.46451
2744,4.46326,4.46391,4.46443,4.46142
2745,4.47824,4.47611,4.47644,4.47399
2746,4.46184,4.46494,4.46517,4.46454
2747,4.47345,4.47294,4.4727,4.46766
2748,4.4656,4.46414,4.46524,4.4681
2749,4.45296,4.45564,4.45486,4.45063
2750,4.45211,4.45374,4.45423,4.45457
2751,4.45943,4.46148,4.46228,4.46098
2752,4.46953,4.46595,4.46594,4.46258
2753,4.46473,4.46446,4.46447,4.46955
2754,4.46803,4.46578,4.46692,4.46409
2755,4.47939,4.48056,4.48055,4.48475
2756,4.47174,4.47251,4.47272,4.4707
2757,4.47334,4.47177,4.47237,4.47465
2758,4.45384,4.45496,4.45447,4.45168
2759,4.46043,4.46196,4.46206,4.46302
2760,4.467,4.46723,4.46638,4.46312
2761,4.46261,4.46334,4.46371,4.46509
2762,4.47123,4.47082,4.47003,4.4698
2763,4.45948,4.46081,4.4614,4.46336
2764,4.46565,4.4645,4.46514,4.46628
2765,4.47555,4.47237,4.47232,4.46811
2766,4.46723,4.46661,4.46553,4.46406
2767,4.47706,4.47404,4.47358,4.47563
2768,4.46103,4.46233,4.46125,4.45946
2769,4.46452,4.46231,4.46313,4.45985
2770,4.46216,4.46376,4.46304,4.46249
2771,4.46407,4.46114,4.4629,4.46216
2772,4.47642,4.4743,4.47424,4.47502
2773,4.46633,4.46497,4.46446,4.4618
2774,4.46297,4.46314,4.46382,4.46262
2775,4.45956,4.45748,4.4569,4.4602
2776,4.46177,4.46027,4.46178,4.45938
2777,4.45559,4.45563,4.45521,4.4523
2778,4.47274,4.47027,4.47188,4.47134
2779,4.45803,4.45808,4.45856,4.45606
2780,4.46618,4.46369,4.4654,4.46269
2781,4.46782,4.46503,4.46529,4.46273
2782,4.46817,4.46571,4.46716,4.45985
2783,4.47339,4.47309,4.47151,4.47237
2784,4.45989,4.46159,4.46037,4.46494
2785,4.4621,4.4634,4.4629,4.46833
2786,4.46495,4.46251,4.46276,4.46464
2787,4.46883,4.46984,4.46835,4.46784
2788,4.46076,4.46029,4.46044,4.46189
2789,4.46899,4.46869,4.46745,4.47295
2790,4.46022,4.46138,4.46186,4.46428
2791,4.45842,4.45777,4.45937,4.46185
2792,4.46699,4.46824,4.46628,4.46463
2793,4.477,4.47563,4.47634,4.4726
2794,4.47276,4.47024,4.47222,4.46894
2795,4.46814,4.46726,4.46749,4.4683
2796,4.46454,4.46458,4.4653,4.46251
2797,4.45371,4.45295,4.45309,4.45475
2798,4.45967,4.45779,4.45743,4.46242
2799,4.45959,4.45847,4.45763,4.46176
2800,4.46392,4.46179,4.46242,4.45783
2801,4.48786,4.48349,4.48513,4.4844
2802,4.47496,4.47372,4.4741,4.47561
2803,4.47438,4.47572,4.47487,4.46929
2804,4.44333,4.44246,4.44278,4.44209
2805,4.47563,4.47603,4.4753,4.47369
2806,4.46237,4.45709,4.45861,4.45457
2807,4.44945,4.44872,4.44854,4.44426
2808,4.46718,4.46644,4.46636,4.46258
2809,4.4714,4.4706,4.47091,4.47332
2810,4.47192,4.47399,4.47242,4.47422
2811,4.46776,4.46831,4.46559,4.46263
2812,4.46608,4.46682,4.46516,4.46362
2813,4.4668,4.46316,4.46432,4.46384
2814,4.44626,4.4471,4.44677,4.44281
2815,4.46194,4.4615,4.46136,4.46411
2816,4.45405,4.45388,4.45533,4.44921
2817,4.46591,4.46557,4.46556,4.46331
2818,4.46394,4.46384,4.46503,4.46799
2819,4.48303,4.48425,4.48422,4.48804
2820,4.46933,4.46917,4.46964,4.47366
2821,4.47034,4.47153,4.47026,4.46606
2822,4.47397,4.4762,4.47452,4.47094
2823,4.44934,4.44899,4.44975,4.45629
2824,4.4698,4.46861,4.46805,4.46477
2825,4.47827,4.47854,4.47802,4.47273
2826,4.45976,4.4628,4.46105,4.45911
2827,4.47096,4.46953,4.47011,4.47082
2828,4.45633,4.45604,4.45687,4.45212
2829,4.46128,4.45967,4.46055,4.46279
2830,4.46428,4.46376,4.46353,4.4648
2831,4.47725,4.479,4.47826,4.47499
2832,4.46374,4.46216,4.46282,4.45802
2833,4.4562,4.45617,4.45655,4.45529
2834,4.46408,4.46378,4.46379,4.45959
2835,4.4644,4.46494,4.46561,4.47376
2836,4.47076,4.46847,4.46877,4.47189
2837,4.47506,4.475,4.47506,4.4748
2838,4.47575,4.47457,4.47534,4.47144
2839,4.46402,4.46326,4.46362,4.4598
2840,4.46166,4.46167,4.46128,4.45797
2841,4.4652,4.46307,4.46341,4.46706
2842,4.45989,4.46046,4.46039,4.45963
2843,4.46394,4.46314,4.46469,4.46784
2844,4.48029,4.48031,4.48022,4.47666
2845,4.45905,4.45862,4.45701,4.45299
2846,4.47515,4.47186,4.47282,4.47403
2847,4.48469,4.48089,4.4805,4.48387
2848,4.46997,4.47251,4.47239,4.47036
2849,4.46127,4.46159,4.46183,4.45536
2850,4.47693,4.47544,4.47531,4.47487
2851,4.46581,4.46814,4.46935,4.46384
2852,4.46415,4.46172,4.46137,4.45981
2853,4.46332,4.46206,4.46195,4.45663
2854,4.47347,4.47201,4.47199,4.4703
2855,4.46675,4.46811,4.46842,4.4668
2856,4.47479,4.47386,4.47487,4.47355
2857,4.46634,4.46613,4.46591,4.46527
2858,4.4542,4.4536,4.45461,4.44555
2859,4.46719,4.46651,4.46745,4.471
2860,4.47653,4.47531,4.4762,4.47127
2861,4.47274,4.47078,4.47241,4.46969
2862,4.4705,4.47345,4.47234,4.47194
2863,4.47472,4.4726,4.47405,4.47089
2864,4.47386,4.47077,4.47174,4.47075
2865,4.47318,4.47527,4.47519,4.46967
2866,4.4682,4.46775,4.46769,4.47201
2867,4.46812,4.46523,4.46616,4.47189
2868,4.46241,4.4639,4.46275,4.4625
2869,4.47577,4.47512,4.476,4.47528
2870,4.47178,4.47111,4.47156,4.46924
2871,4.46064,4.46146,4.46122,4.45941
2872,4.46573,4.46493,4.46592,4.46281
2873,4.46553,4.46461,4.46474,4.46137
2874,4.46637,4.46769,4.46536,4.46847
2875,4.4655,4.46464,4.46586,4.46073
2876,4.46139,4.46069,4.45941,4.45632
2877,4.46424,4.46405,4.46366,4.46255
2878,4.45583,4.45734,4.45679,4.45383
2879,4.46332,4.46177,4.46315,4.4638
2880,4.45808,4.45737,4.45856,4.45401
2881,4.47192,4.47092,4.47179,4.47889
2882,4.46917,4.46968,4.46919,4.46717
2883,4.45986,4.46136,4.46094,4.45552
2884,4.45596,4.45488,4.45509,4.45316
2885,4.46212,4.46283,4.46207,4.46352
2886,4.4783,4.47496,4.47521,4.47489
2887,4.45866,4.45821,4.45699,4.45296
2888,4.4686,4.46835,4.46894,4.46551
2889,4.46366,4.46219,4.46202,4.4601
2890,4.46374,4.46522,4.46292,4.46264
2891,4.46411,4.46321,4.46243,4.46489
2892,4.46277,4.4634,4.46295,4.46267
2893,4.45833,4.45791,4.45751,4.4624
2894,4.47709,4.47651,4.47643,4.47589
2895,4.48142,4.48101,4.4824,4.48666
2896,4.47134,4.47162,4.47069,4.4753
2897,4.47232,4.47267,4.47152,4.46629
2898,4.46127,4.46215,4.46087,4.45764
2899,4.4625,4.46226,4.46029,4.47051
2900,4.47428,4.47409,4.47437,4.47361
2901,4.46296,4.46427,4.46423,4.45879
2902,4.46918,4.46849,4.46882,4.46574
2903,4.46616,4.46494,4.46432,4.4619
2904,4.46765,4.46692,4.46766,4.46372
2905,4.47478,4.47467,4.47547,4.47733
2906,4.477,4.47424,4.47448,4.47289
2907,4.46652,4.4655,4.46557,4.46199
2908,4.45899,4.45958,4.46004,4.46838
2909,4.45747,4.45646,4.45606,4.44978
2910,4.47477,4.47464,4.47471,4.47202
2911,4.47552,4.47697,4.47567,4.47473
2912,4.47077,4.47108,4.47102,4.46595
2913,4.46005,4.4604,4.45963,4.45706
2914,4.47172,4.47194,4.47201,4.47438
2915,4.46273,4.46251,4.46093,4.45835
2916,4.46135,4.46251,4.46222,4.46111
2917,4.46437,4.46356,4.46361,4.46516
2918,4.45097,4.44873,4.44865,4.44813
2919,4.46428,4.46478,4.46441,4.46113
2920,4.4798,4.47824,4.47735,4.47635
2921,4.46131,4.46092,4.46012,4.45486
2922,4.46532,4.46433,4.46412,4.46241
2923,4.47885,4.47745,4.47798,4.47767
2924,4.46606,4.46619,4.46549,4.46695
2925,4.46865,4.46785,4.4674,4.46439
2926,4.46497,4.46502,4.46469,4.46288
2927,4.45489,4.45585,4.4563,4.45521
2928,4.45955,4.45847,4.45899,4.45724
2929,4.46306,4.46299,4.46193,4.4628
2930,4.47614,4.47546,4.47418,4.48101
2931,4.4656,4.465,4.46474,4.46314
2932,4.46684,4.46592,4.46594,4.46475
2933,4.45819,4.45859,4.45755,4.45424
2934,4.47566,4.47617,4.47639,4.47008
2935,4.47278,4.47178,4.47145,4.46532
2936,4.47459,4.47481,4.47653,4.47079
2937,4.47831,4.47635,4.47635,4.4744
2938,4.46995,4.47016,4.46913,4.46361
2939,4.46161,4.46171,4.46118,4.46325
2940,4.46052,4.45937,4.45992,4.46427
2941,4.47643,4.47606,4.47659,4.47971
2942,4.47642,4.47553,4.47529,4.48588
2943,4.47029,4.46961,4.46996,4.47444
2944,4.47151,4.46966,4.47041,4.46554
2945,4.47919,4.47985,4.4787,4.47771
2946,4.46217,4.46299,4.46267,4.46242
2947,4.47188,4.47115,4.47044,4.46073
2948,4.46531,4.46364,4.46443,4.45914
2949,4.46429,4.4635,4.46536,4.46615
2950,4.45833,4.45901,4.45899,4.4529
2951,4.48042,4.48125,4.48136,4.47694
2952,4.47622,4.47512,4.47512,4.475
2953,4.46241,4.46219,4.46149,4.46405
2954,4.45824,4.45855,4.45816,4.46037
2955,4.46607,4.46514,4.46456,4.4626
2956,4.46381,4.46359,4.4626,4.46849
2957,4.46274,4.46181,4.46102,4.45682
2958,4.46943,4.47065,4.47107,4.46334
2959,4.45237,4.45136,4.45212,4.45119
2960,4.46596,4.46536,4.46568,4.46202
2961,4.46631,4.46542,4.46416,4.46162
2962,4.4606,4.46054,4.458,4.45993
2963,4.46819,4.46658,4.46671,4.45818
2964,4.48181,4.48213,4.48123,4.47711
2965,4.4642,4.4663,4.46509,4.46384
2966,4.47247,4.46927,4.46826,4.47195
2967,4.48143,4.48113,4.48046,4.47498
2968,4.47612,4.47511,4.4749,4.4744
2969,4.46323,4.46458,4.46413,4.46057
2970,4.4781,4.47597,4.47652,4.47214
2971,4.47054,4.47022,4.46989,4.47037
2972,4.47594,4.47359,4.47502,4.47807
2973,4.46792,4.46685,4.46629,4.46107
2974,4.46267,4.46226,4.46201,4.46856
2975,4.47303,4.4729,4.47224,4.47566
2976,4.46686,4.46656,4.46731,4.46869
2977,4.46307,4.46121,4.4608,4.45552
2978,4.4693,4.46889,4.46754,4.47151
2979,4.45498,4.45485,4.4557,4.44429
2980,4.4722,4.47225,4.47225,4.4647
2981,4.47099,4.47053,4.47108,4.46593
2982,4.46146,4.45842,4.45835,4.45948
2983,4.46886,4.46824,4.46805,4.46422
2984,4.48076,4.47892,4.47995,4.47599
2985,4.4735,4.4719,4.47401,4.47167
2986,4.47202,4.47202,4.47388,4.47108
2987,4.47328,4.47361,4.47319,4.46679
2988,4.48024,4.48072,4.48143,4.47969
2989,4.4691,4.46735,4.46788,4.45841
2990,4.46064,4.45979,4.45964,4.45521
2991,4.46691,4.46724,4.46616,4.45756
2992,4.45551,4.45521,4.45516,4.45219
2993,4.46527,4.46561,4.46548,4.46198
2994,4.4771,4.47737,4.47718,4.47872
2995,4.47403,4.47341,4.47227,4.47466
2996,4.46034,4.46092,4.46053,4.45972
2997,4.47407,4.47208,4.47281,4.46755
2998,4.46262,4.4624,4.46216,4.45608
2999,4.45092,4.45096,4.45213,4.44869
3000,4.47139,4.47262,4.47338,4.46767
