step,exact,kimi,srd,srd_f
1,5.54986,5.5493,5.54983,5.54983
2,5.42202,5.42553,5.42247,5.42244
3,5.30445,5.30402,5.30467,5.30469
4,5.218,5.2147,5.21852,5.21851
5,5.11989,5.11277,5.11948,5.11946
6,5.04736,5.04524,5.04696,5.04701
7,5.00481,5.00713,5.00494,5.00495
8,4.99298,5.00038,4.9938,4.99361
9,4.9531,4.95251,4.95064,4.95077
10,4.79464,4.86415,4.7931,4.79355
11,4.87397,4.88786,4.86903,4.8694
12,4.84401,4.83967,4.84097,4.84197
13,4.76743,4.76944,4.76102,4.76179
14,4.69084,4.67979,4.67847,4.6793
15,4.76038,4.72558,4.77042,4.76916
16,4.70985,4.69573,4.71548,4.69742
17,4.72396,4.69055,4.70428,4.70109
18,4.58224,4.57348,4.57989,4.58221
19,4.64182,4.64368,4.65166,4.64755
20,4.62231,4.61374,4.61533,4.62016
21,4.63697,4.61295,4.6242,4.62621
22,4.57513,4.56871,4.576,4.57586
23,4.59214,4.58033,4.5815,4.58477
24,4.60731,4.58613,4.60809,4.60182
25,4.57847,4.57579,4.57473,4.61941
26,4.59054,4.58028,4.59624,4.58686
27,4.59633,4.57326,4.58396,4.57771
28,4.53802,4.52496,4.535,4.53477
29,4.55222,4.55084,4.55755,4.55656
30,4.53202,4.5232,4.5254,4.51879
31,4.57868,4.57286,4.57348,4.59256
32,4.54297,4.53253,4.53046,4.55047
33,4.54858,4.54107,4.53889,4.55021
34,4.54599,4.53716,4.53337,4.54836
35,4.53296,4.5303,4.54887,4.53802
36,4.55906,4.56011,4.55206,4.56337
37,4.54404,4.54038,4.54359,4.53765
38,4.57551,4.56994,4.57259,4.57231
39,4.53028,4.527,4.52802,4.52434
40,4.52887,4.52909,4.52738,4.53463
41,4.48135,4.4782,4.47991,4.48703
42,4.52047,4.51866,4.52435,4.52262
43,4.50348,4.49624,4.4975,4.50189
44,4.52663,4.52957,4.53078,4.52868
45,4.52911,4.52586,4.52224,4.52669
46,4.50444,4.50327,4.50091,4.50545
47,4.53533,4.5414,4.54035,4.54334
48,4.49172,4.48691,4.48268,4.49243
49,4.50791,4.49952,4.49435,4.49922
50,4.53104,4.52986,4.52345,4.53315
51,4.54182,4.53992,4.53899,4.53857
52,4.57107,4.56818,4.56591,4.56979
53,4.53037,4.52952,4.52858,4.5318
54,4.55822,4.55865,4.55805,4.55881
55,4.5252,4.50859,4.50272,4.51267
56,4.49756,4.49578,4.49242,4.50982
57,4.48116,4.48069,4.48183,4.47882
58,4.50579,4.50691,4.50619,4.50486
59,4.50556,4.50218,4.50569,4.51477
60,4.55806,4.555,4.55222,4.57095
61,4.52471,4.52277,4.51757,4.52697
62,4.54229,4.54293,4.53764,4.54781
63,4.5051,4.50754,4.50977,4.51756
64,4.52356,4.52356,4.52618,4.51861
65,4.51355,4.51619,4.51266,4.518
66,4.50649,4.50761,4.51184,4.51139
67,4.52868,4.51339,4.51062,4.50486
68,4.52202,4.52496,4.52458,4.52747
69,4.47774,4.48394,4.48432,4.49172
70,4.54612,4.5155,4.51927,4.5147
71,4.535,4.53328,4.53518,4.53432
72,4.53068,4.5298,4.52645,4.52112
73,4.50109,4.5004,4.49716,4.49706
74,4.51309,4.50836,4.50851,4.51045
75,4.52175,4.51697,4.51289,4.52866
76,4.50432,4.49946,4.50185,4.50419
77,4.50899,4.51179,4.50652,4.51025
78,4.47768,4.49829,4.47769,4.4766
79,4.53619,4.54081,4.53723,4.5367
80,4.47847,4.46886,4.46875,4.46892
81,4.52042,4.51586,4.52151,4.52209
82,4.52113,4.52069,4.52381,4.51959
83,4.52857,4.5335,4.53629,4.52877
84,4.50358,4.49004,4.49189,4.49004
85,4.47638,4.47686,4.47969,4.47798
86,4.46124,4.4598,4.45894,4.45584
87,4.50408,4.50882,4.50634,4.50091
88,4.48671,4.489,4.48802,4.48073
89,4.51145,4.51676,4.51652,4.5272
90,4.52271,4.52915,4.52713,4.53478
91,4.48932,4.49107,4.49275,4.49445
92,4.51759,4.52208,4.52132,4.52199
93,4.4954,4.49451,4.49279,4.49719
94,4.49004,4.49072,4.4877,4.49849
95,4.50779,4.50565,4.50642,4.51108
96,4.51241,4.51048,4.50877,4.51647
97,4.50513,4.50176,4.50042,4.50827
98,4.49738,4.49775,4.5001,4.5069
99,4.50976,4.4895,4.48743,4.49302
100,4.53469,4.53078,4.53231,4.53785
101,4.52088,4.52043,4.51938,4.52677
102,4.50309,4.50119,4.50406,4.49716
103,4.50181,4.50261,4.5001,4.50452
104,4.49847,4.49531,4.49644,4.49635
105,4.50686,4.50923,4.50803,4.50926
106,4.50133,4.50387,4.49798,4.49971
107,4.49523,4.49223,4.49228,4.49217
108,4.50916,4.5151,4.51198,4.50407
109,4.51118,4.50472,4.50524,4.50385
110,4.49843,4.49639,4.4972,4.49785
111,4.48877,4.48609,4.48219,4.47585
112,4.47077,4.47336,4.47142,4.47637
113,4.50722,4.49634,4.49717,4.50103
114,4.51321,4.51443,4.51492,4.54102
115,4.52644,4.517,4.52085,4.5254
116,4.49375,4.48541,4.48535,4.48825
117,4.48947,4.49269,4.49297,4.49529
118,4.47319,4.47681,4.47585,4.49921
119,4.56122,4.56056,4.5579,4.56577
120,4.47493,4.47265,4.47296,4.47775
121,4.49073,4.49484,4.49453,4.49509
122,4.49463,4.49138,4.49308,4.50678
123,4.4914,4.48514,4.48494,4.49339
124,4.53892,4.49709,4.49594,4.50161
125,4.50585,4.50002,4.50252,4.50054
126,4.51315,4.50749,4.50966,4.50403
127,4.49855,4.49664,4.49667,4.49449
128,4.51031,4.50437,4.50659,4.50691
129,4.50415,4.50063,4.50267,4.49605
130,4.46386,4.4621,4.46318,4.4632
131,4.51035,4.51352,4.51379,4.51386
132,4.49778,4.49614,4.49523,4.49524
133,4.47128,4.4695,4.47101,4.47524
134,4.49637,4.49744,4.49519,4.49865
135,4.52105,4.52529,4.52181,4.52287
136,4.50862,4.50731,4.50878,4.50605
137,4.49741,4.50181,4.49932,4.50276
138,4.49585,4.4966,4.49534,4.49333
139,4.46974,4.47272,4.47248,4.47067
140,4.45866,4.45628,4.45627,4.45707
141,4.48717,4.48763,4.48633,4.49112
142,4.49017,4.49457,4.49185,4.49218
143,4.50625,4.50317,4.50531,4.5068
144,4.50213,4.50103,4.50149,4.50166
145,4.49628,4.49684,4.49402,4.49794
146,4.50835,4.50768,4.50825,4.5113
147,4.51106,4.51058,4.50991,4.51153
148,4.51351,4.5114,4.51218,4.51427
149,4.50504,4.50556,4.50511,4.50697
150,4.50118,4.4986,4.49863,4.50037
151,4.48417,4.48737,4.48348,4.48741
152,4.48136,4.47965,4.47953,4.48212
153,4.51326,4.50719,4.5118,4.51197
154,4.49599,4.49296,4.49423,4.49886
155,4.5214,4.51481,4.51696,4.52003
156,4.51595,4.51622,4.51554,4.52435
157,4.46639,4.45965,4.45733,4.45845
158,4.51076,4.50902,4.50841,4.51061
159,4.51343,4.51148,4.51139,4.51243
160,4.49726,4.49653,4.49845,4.50085
161,4.48587,4.48735,4.48478,4.48366
162,4.50696,4.50972,4.50876,4.5085
163,4.47832,4.47944,4.47933,4.48014
164,4.47823,4.48124,4.48252,4.50099
165,4.50896,4.51056,4.50865,4.51228
166,4.47771,4.47803,4.47886,4.48145
167,4.49073,4.48593,4.48934,4.4914
168,4.4872,4.48597,4.48833,4.48655
169,4.52835,4.5236,4.52311,4.55921
170,4.5029,4.50516,4.50435,4.52464
171,4.49234,4.49274,4.49304,4.53069
172,4.50386,4.50602,4.49963,4.50593
173,4.5003,4.49695,4.49683,4.50087
174,4.48147,4.47861,4.47944,4.49028
175,4.50563,4.48803,4.4875,4.49473
176,4.489,4.48673,4.4888,4.49247
177,4.46034,4.46043,4.46177,4.46292
178,4.48601,4.48518,4.48664,4.492
179,4.47765,4.47564,4.47702,4.4804
180,4.50588,4.49646,4.49717,4.50009
181,4.48215,4.48121,4.47975,4.48431
182,4.51014,4.50911,4.51034,4.51382
183,4.50179,4.4958,4.49637,4.49734
184,4.46096,4.45902,4.46092,4.46222
185,4.5249,4.52039,4.52148,4.52086
186,4.49765,4.49741,4.49784,4.49919
187,4.51293,4.50578,4.5072,4.51047
188,4.48426,4.47868,4.4797,4.47981
189,4.51048,4.50842,4.51111,4.50864
190,4.51786,4.51485,4.51627,4.51745
191,4.47743,4.47557,4.47537,4.47708
192,4.46948,4.47254,4.47003,4.4736
193,4.52954,4.53176,4.52803,4.5299
194,4.49712,4.50107,4.50285,4.50074
195,4.48427,4.48558,4.48547,4.48519
196,4.488,4.48574,4.48468,4.48185
197,4.47511,4.4779,4.47875,4.47911
198,4.49896,4.50267,4.50305,4.50793
199,4.51504,4.51705,4.51846,4.52049
200,4.47068,4.47285,4.47511,4.47062
201,4.49751,4.49498,4.49482,4.49363
202,4.4692,4.46803,4.46472,4.4691
203,4.49512,4.49246,4.49328,4.49496
204,4.51013,4.50831,4.50658,4.50759
205,4.50474,4.50859,4.50721,4.51024
206,4.52294,4.52327,4.52474,4.52418
207,4.47703,4.47965,4.47457,4.47916
208,4.48352,4.48716,4.4868,4.49088
209,4.50133,4.4981,4.49719,4.49725
210,4.51236,4.51334,4.51016,4.5119
211,4.48609,4.48513,4.48361,4.48342
212,4.46347,4.46141,4.4626,4.46131
213,4.48223,4.47511,4.4747,4.49252
214,4.46661,4.46352,4.46377,4.46817
215,4.49683,4.49385,4.49508,4.49535
216,4.48434,4.48311,4.48523,4.48503
217,4.48483,4.48356,4.4856,4.48322
218,4.46854,4.4712,4.46873,4.4704
219,4.48823,4.48799,4.48749,4.51115
220,4.49941,4.49838,4.49844,4.49731
221,4.47135,4.47149,4.47006,4.47344
222,4.47784,4.48048,4.47937,4.47875
223,4.49681,4.49847,4.5006,4.50222
224,4.47689,4.46838,4.47149,4.47139
225,4.47273,4.47557,4.4743,4.47341
226,4.49545,4.49623,4.49669,4.4986
227,4.47502,4.47519,4.47407,4.47662
228,4.52239,4.5238,4.52188,4.52512
229,4.49564,4.50007,4.49953,4.50174
230,4.50186,4.50079,4.49977,4.50192
231,4.47706,4.47784,4.4753,4.47801
232,4.4876,4.48544,4.48498,4.48794
233,4.49683,4.49231,4.49283,4.49121
234,4.47592,4.4724,4.47366,4.47522
235,4.48548,4.48822,4.49111,4.49232
236,4.49397,4.48814,4.48725,4.49027
237,4.47189,4.46927,4.46925,4.4681
238,4.47047,4.46647,4.46762,4.49324
239,4.48651,4.48346,4.48458,4.48539
240,4.47616,4.47815,4.47673,4.47759
241,4.49614,4.4998,4.49584,4.49571
242,4.46327,4.46162,4.4647,4.46132
243,4.48394,4.48573,4.48375,4.48354
244,4.48507,4.4864,4.48643,4.48711
245,4.4876,4.48962,4.48749,4.48854
246,4.47966,4.47978,4.47786,4.47827
247,4.50454,4.50481,4.5041,4.50319
248,4.488,4.48951,4.48852,4.48875
249,4.4742,4.47735,4.47614,4.47846
250,4.49104,4.48851,4.48874,4.48782
251,4.51469,4.49418,4.4927,4.49294
252,4.48969,4.48889,4.48856,4.49992
253,4.4845,4.48257,4.48183,4.48037
254,4.51178,4.51136,4.51002,4.50747
255,4.48006,4.47285,4.47261,4.47812
256,4.50942,4.51048,4.50711,4.50902
257,4.48978,4.48732,4.48912,4.48786
258,4.48514,4.48412,4.4839,4.48754
259,4.50285,4.49835,4.49771,4.49794
260,4.50019,4.49786,4.49883,4.49723
261,4.48167,4.48171,4.48476,4.48558
262,4.46914,4.46896,4.46786,4.46482
263,4.50834,4.50545,4.5033,4.50457
264,4.47568,4.4754,4.47505,4.47421
265,4.48449,4.48454,4.48312,4.48665
266,4.47007,4.46968,4.46762,4.46922
267,4.49506,4.49401,4.49559,4.49823
268,4.47762,4.47754,4.47704,4.4804
269,4.50544,4.49138,4.49356,4.49645
270,4.48617,4.48608,4.48572,4.48827
271,4.50558,4.50466,4.50268,4.50396
272,4.49223,4.49369,4.49069,4.49453
273,4.48441,4.48567,4.48405,4.48589
274,4.49899,4.49981,4.49736,4.49858
275,4.48996,4.49006,4.48723,4.49123
276,4.50244,4.50086,4.50172,4.49887
277,4.4907,4.4878,4.48772,4.48997
278,4.49765,4.49805,4.49709,4.49762
279,4.46438,4.46298,4.46511,4.4673
280,4.50985,4.5123,4.50989,4.50996
281,4.4792,4.47378,4.47455,4.47202
282,4.49521,4.49026,4.49409,4.4957
283,4.45898,4.45824,4.45787,4.46041
284,4.48119,4.47387,4.47331,4.47604
285,4.48319,4.46889,4.46886,4.47152
286,4.4781,4.48005,4.48196,4.47713
287,4.4896,4.48648,4.48735,4.48803
288,4.49312,4.48912,4.48869,4.48956
289,4.47489,4.47359,4.47253,4.47647
290,4.46049,4.45931,4.45855,4.48299
291,4.45951,4.46296,4.4624,4.46364
292,4.47612,4.47764,4.47805,4.47885
293,4.52517,4.52894,4.52721,4.53024
294,4.47449,4.47489,4.47427,4.4733
295,4.46632,4.4618,4.46096,4.46374
296,4.47053,4.47222,4.47236,4.47204
297,4.48422,4.48695,4.48903,4.48878
298,4.48994,4.49718,4.49521,4.49433
299,4.49558,4.48918,4.49035,4.49047
300,4.52257,4.49692,4.49768,4.49718
301,4.50023,4.50308,4.50217,4.50363
302,4.47943,4.47861,4.47592,4.47923
303,4.50298,4.504,4.50385,4.50369
304,4.5144,4.48893,4.48843,4.48936
305,4.50115,4.49092,4.48686,4.49094
306,4.533,4.48895,4.48831,4.48981
307,4.50066,4.48387,4.48204,4.48302
308,4.50358,4.48111,4.48113,4.47939
309,4.51088,4.49323,4.49241,4.49061
310,4.47069,4.47078,4.47062,4.4706
311,4.52199,4.50869,4.50805,4.50993
312,4.52625,4.48383,4.4828,4.48234
313,4.49132,4.48801,4.48673,4.48856
314,4.50055,4.48176,4.48064,4.48402
315,4.51935,4.49806,4.49729,4.50121
316,4.489,4.47868,4.47766,4.48008
317,4.48999,4.48578,4.48561,4.49897
318,4.47944,4.4697,4.46896,4.47121
319,4.50852,4.47656,4.48041,4.48091
320,4.48926,4.48455,4.48483,4.48679
321,4.48768,4.48604,4.48616,4.48751
322,4.49035,4.48887,4.48839,4.48835
323,4.4936,4.49225,4.49032,4.49483
324,4.48671,4.48394,4.48368,4.48353
325,4.46731,4.46979,4.46552,4.46855
326,4.47836,4.4799,4.47654,4.48053
327,4.48806,4.48212,4.48386,4.48331
328,4.48757,4.48794,4.48652,4.48936
329,4.46999,4.47033,4.47056,4.4722
330,4.4969,4.49681,4.49596,4.49876
331,4.51317,4.49809,4.49887,4.49798
332,4.47746,4.47964,4.47607,4.47829
333,4.46896,4.46937,4.46964,4.46958
334,4.44503,4.44372,4.44502,4.444
335,4.47953,4.4794,4.47808,4.48053
336,4.47222,4.47229,4.47258,4.47249
337,4.51171,4.51256,4.50937,4.51036
338,4.48996,4.48581,4.48609,4.4868
339,4.48874,4.48589,4.48512,4.48686
340,4.47633,4.4731,4.47432,4.47493
341,4.48251,4.48268,4.48466,4.4837
342,4.48325,4.4854,4.48454,4.48566
343,4.47898,4.47574,4.47512,4.47562
344,4.49788,4.49774,4.49625,4.4994
345,4.47433,4.47212,4.46906,4.47009
346,4.49268,4.49421,4.48863,4.49367
347,4.46669,4.46245,4.46338,4.46375
348,4.46686,4.46746,4.46574,4.46672
349,4.48328,4.48249,4.48029,4.48194
350,4.48922,4.48823,4.48998,4.49008
351,4.47951,4.47581,4.47556,4.47479
352,4.48236,4.48053,4.47828,4.48212
353,4.47539,4.4769,4.47262,4.47485
354,4.46024,4.4612,4.4643,4.46079
355,4.45798,4.45714,4.45704,4.4602
356,4.50813,4.50748,4.50836,4.50914
357,4.50296,4.50122,4.50008,4.50117
358,4.50293,4.50219,4.50222,4.50105
359,4.48153,4.48231,4.47914,4.48011
360,4.49163,4.49208,4.49146,4.49145
361,4.4741,4.4727,4.47443,4.47493
362,4.48139,4.48113,4.47893,4.48097
363,4.47265,4.474,4.4717,4.47361
364,4.4821,4.48206,4.48216,4.48295
365,4.48198,4.47961,4.48165,4.48195
366,4.50374,4.4755,4.47484,4.47541
367,4.49468,4.47019,4.47327,4.47058
368,4.49933,4.49451,4.49506,4.49612
369,4.47402,4.47149,4.47261,4.47477
370,4.50215,4.50116,4.50286,4.50327
371,4.4734,4.46985,4.47238,4.47158
372,4.47551,4.47531,4.4748,4.47558
373,4.48024,4.48183,4.47978,4.47998
374,4.49338,4.49235,4.492,4.493
375,4.4805,4.4779,4.47739,4.47762
376,4.47721,4.47528,4.47484,4.47384
377,4.48815,4.4858,4.48494,4.48478
378,4.48548,4.48595,4.48071,4.48428
379,4.45156,4.44979,4.45069,4.4504
380,4.48715,4.48699,4.48499,4.48499
381,4.46999,4.47021,4.46652,4.46695
382,4.4707,4.4733,4.47174,4.48183
383,4.4885,4.48841,4.48631,4.48558
384,4.49109,4.49449,4.49322,4.49285
385,4.48181,4.48422,4.48065,4.49809
386,4.48824,4.48761,4.4848,4.48686
387,4.46106,4.46154,4.46264,4.4621
388,4.46561,4.46365,4.4643,4.46588
389,4.48698,4.48797,4.48807,4.48543
390,4.48171,4.4869,4.48394,4.48744
391,4.49806,4.49653,4.49772,4.49752
392,4.46973,4.46504,4.46634,4.47152
393,4.49356,4.49373,4.4952,4.49605
394,4.46368,4.46298,4.46343,4.46469
395,4.4579,4.45609,4.45614,4.45753
396,4.48182,4.47848,4.48043,4.48049
397,4.50778,4.50849,4.50844,4.51259
398,4.47607,4.47283,4.47379,4.47431
399,4.47786,4.47654,4.47689,4.47591
400,4.49348,4.48929,4.48991,4.49227
401,4.46744,4.46719,4.46795,4.46642
402,4.47579,4.47723,4.47792,4.47716
403,4.49066,4.48854,4.48775,4.48892
404,4.46069,4.45993,4.46018,4.46173
405,4.47708,4.4765,4.47614,4.47716
406,4.45626,4.45297,4.4553,4.45355
407,4.46501,4.46316,4.46094,4.46452
408,4.53196,4.52918,4.52746,4.52848
409,4.4683,4.4671,4.4651,4.46631
410,4.49522,4.4967,4.49361,4.49629
411,4.48376,4.48298,4.48244,4.48327
412,4.46289,4.46302,4.46468,4.46342
413,4.4789,4.47834,4.47694,4.47812
414,4.47466,4.47451,4.47223,4.47522
415,4.47108,4.4731,4.4718,4.47104
416,4.50649,4.50646,4.50535,4.50839
417,4.4706,4.47039,4.47091,4.47062
418,4.46427,4.46468,4.46338,4.46212
419,4.46026,4.46032,4.46045,4.46207
420,4.47015,4.47065,4.46913,4.46921
421,4.48864,4.4896,4.48701,4.48406
422,4.47252,4.47323,4.47315,4.47274
423,4.47679,4.4774,4.47501,4.47555
424,4.50578,4.50487,4.50331,4.50489
425,4.47414,4.47467,4.47193,4.47112
426,4.48091,4.47881,4.47731,4.47855
427,4.50379,4.50341,4.50283,4.5041
428,4.47961,4.47818,4.48004,4.47956
429,4.48782,4.48585,4.48742,4.48929
430,4.45747,4.45809,4.45641,4.4578
431,4.4921,4.49194,4.49096,4.48888
432,4.50156,4.50084,4.5032,4.50181
433,4.46402,4.46384,4.46345,4.46887
434,4.48175,4.48141,4.47905,4.48266
435,4.46068,4.46099,4.46142,4.4619
436,4.47008,4.46825,4.46746,4.47103
437,4.49673,4.49963,4.4971,4.50043
438,4.4912,4.49031,4.49006,4.48915
439,4.47707,4.47798,4.47432,4.51857
440,4.48222,4.4812,4.48073,4.4826
441,4.49624,4.4948,4.49496,4.49867
442,4.46463,4.46511,4.46422,4.4657
443,4.49063,4.49018,4.49129,4.4895
444,4.48151,4.4814,4.4827,4.48078
445,4.48076,4.48188,4.48224,4.48279
446,4.46952,4.47135,4.4706,4.47149
447,4.46526,4.46502,4.46414,4.46402
448,4.47146,4.47052,4.47078,4.46881
449,4.50016,4.49933,4.49825,4.5005
450,4.48052,4.48014,4.47801,4.48328
451,4.4511,4.4515,4.44863,4.45331
452,4.46447,4.46399,4.46403,4.46279
453,4.47004,4.46794,4.46887,4.46824
454,4.46436,4.46137,4.46109,4.46644
455,4.49282,4.49518,4.49437,4.49659
456,4.48829,4.4867,4.48652,4.48814
457,4.45573,4.45609,4.45536,4.45681
458,4.45712,4.45397,4.45302,4.45825
459,4.49709,4.49838,4.49982,4.49945
460,4.49174,4.49263,4.49089,4.49169
461,4.49635,4.49634,4.49563,4.49678
462,4.49384,4.49218,4.49143,4.49475
463,4.48553,4.48647,4.48676,4.48728
464,4.46867,4.46739,4.46479,4.46594
465,4.47114,4.47046,4.46954,4.46767
466,4.48095,4.4812,4.48113,4.47963
467,4.49161,4.4915,4.48947,4.49266
468,4.47315,4.47331,4.47337,4.47282
469,4.48773,4.49069,4.48678,4.48824
470,4.48261,4.48402,4.48233,4.48613
471,4.46401,4.46689,4.46409,4.4652
472,4.4868,4.48495,4.48513,4.48559
473,4.47925,4.48182,4.48194,4.48106
474,4.47737,4.47862,4.47824,4.47702
475,4.471,4.4723,4.47448,4.47223
476,4.47849,4.47645,4.4762,4.47686
477,4.4669,4.46543,4.46523,4.46789
478,4.47081,4.47114,4.46979,4.47385
479,4.47992,4.47867,4.47799,4.47951
480,4.48537,4.48493,4.48575,4.4871
481,4.50631,4.50714,4.50734,4.50685
482,4.51645,4.51775,4.51662,4.51979
483,4.48778,4.47928,4.47835,4.47988
484,4.47023,4.46972,4.46988,4.46846
485,4.48598,4.48629,4.4867,4.48573
486,4.47013,4.46964,4.47111,4.47001
487,4.48256,4.48166,4.47928,4.48337
488,4.47058,4.46544,4.47168,4.46811
489,4.47338,4.47207,4.47189,4.47557
490,4.47232,4.47478,4.4757,4.4773
491,4.48871,4.48798,4.48834,4.48885
492,4.4812,4.48074,4.4808,4.48064
493,4.48063,4.47999,4.48017,4.4806
494,4.48392,4.48357,4.50112,4.48237
495,4.47514,4.47441,4.53839,4.47504
496,4.48423,4.48452,4.64413,4.4827
497,4.50936,4.4881,4.686,4.48646
498,4.47409,4.47405,4.55592,4.47649
499,4.49875,4.49924,4.5107,4.49892
500,4.49873,4.46631,4.51079,4.46881
501,4.46874,4.46748,4.49368,4.46786
502,4.49992,4.47735,4.50134,4.47838
503,4.47458,4.47652,4.51887,4.50538
504,4.48379,4.48348,4.52465,4.50636
505,4.47305,4.47114,4.59147,4.4713
506,4.46254,4.46503,4.5488,4.46549
507,4.47497,4.47508,4.52936,4.47689
508,4.4787,4.47967,4.48665,4.48029
509,4.4637,4.46319,4.47707,4.46193
510,4.47138,4.47299,4.49241,4.4735
511,4.47182,4.47209,4.48228,4.46887
512,4.47001,4.47424,4.49433,4.47353
513,4.48811,4.48885,4.49708,4.48887
514,4.48162,4.482,4.48799,4.48292
515,4.46292,4.4628,4.47808,4.4633
516,4.49132,4.48974,4.5029,4.48934
517,4.50655,4.47979,4.48768,4.47862
518,4.48491,4.48477,4.4861,4.48711
519,4.46048,4.46172,4.46681,4.46181
520,4.45516,4.45706,4.46269,4.45679
521,4.49402,4.4949,4.49727,4.49463
522,4.47535,4.47647,4.48791,4.47754
523,4.49631,4.49714,4.50102,4.49497
524,4.46881,4.46724,4.47147,4.47026
525,4.48222,4.47707,4.48396,4.47943
526,4.50083,4.49846,4.49673,4.49953
527,4.48406,4.48156,4.51142,4.48175
528,4.47196,4.48869,4.47986,4.46602
529,4.47829,4.47637,4.4752,4.47505
530,4.486,4.48415,4.49716,4.48466
531,4.48952,4.4898,4.51366,4.48866
532,4.48981,4.49179,4.50443,4.49332
533,4.5006,4.49969,4.5315,4.49805
534,4.46405,4.46318,4.47137,4.46077
535,4.46374,4.46314,4.47955,4.4643
536,4.48766,4.48645,4.48989,4.48687
537,4.47925,4.47852,4.4826,4.47995
538,4.49994,4.49607,4.49768,4.49751
539,4.49525,4.49223,4.48631,4.49276
540,4.47522,4.4745,4.46618,4.47482
541,4.46353,4.46035,4.46258,4.4593
542,4.48581,4.48661,4.48722,4.48764
543,4.48877,4.48815,4.4803,4.48607
544,4.50924,4.46482,4.47089,4.46155
545,4.4661,4.466,4.50209,4.46571
546,4.47427,4.47445,4.4896,4.47587
547,4.47577,4.47688,4.47976,4.47622
548,4.45759,4.45671,4.45747,4.45599
549,4.46784,4.46752,4.48093,4.4684
550,4.49749,4.4992,4.52826,4.50033
551,4.50987,4.4777,4.48155,4.47561
552,4.47767,4.48063,4.47796,4.47784
553,4.49063,4.49247,4.49407,4.49522
554,4.49587,4.48056,4.47636,4.47827
555,4.49781,4.49297,4.49391,4.49289
556,4.4853,4.47449,4.47898,4.47459
557,4.48814,4.48063,4.47896,4.47921
558,4.4792,4.47567,4.47224,4.47457
559,4.49163,4.49338,4.49239,4.49367
560,4.48194,4.48143,4.48267,4.48495
561,4.48363,4.48029,4.47956,4.4803
562,4.47107,4.47216,4.47118,4.47392
563,4.52312,4.49193,4.49184,4.49006
564,4.47947,4.48226,4.4847,4.48104
565,4.46956,4.47787,4.50746,4.47678
566,4.47614,4.46603,4.46456,4.4632
567,4.46353,4.49451,4.46369,4.46695
568,4.48099,4.47944,4.47546,4.47906
569,4.46799,4.4682,4.46478,4.46821
570,4.49591,4.49353,4.49981,4.49297
571,4.48533,4.48849,4.49733,4.48863
572,4.47556,4.46833,4.47497,4.46988
573,4.50602,4.47368,4.4687,4.47272
574,4.46852,4.46772,4.46572,4.46473
575,4.47988,4.57842,4.48576,4.48244
576,4.49034,4.57666,4.4835,4.48047
577,4.48071,4.47079,4.4784,4.47179
578,4.46138,4.58719,4.46748,4.46657
579,4.46382,4.46634,4.46475,4.46522
580,4.47849,4.47404,4.46991,4.47035
581,4.47986,4.49743,4.47773,4.47286
582,4.47331,4.5726,4.46909,4.46572
583,4.46803,4.66052,4.46848,4.46801
584,4.46934,4.62656,4.4694,4.4724
585,4.48132,4.57001,4.48279,4.4798
586,4.51063,4.56961,4.49594,4.49507
587,4.47926,4.55872,4.47964,4.4755
588,4.47287,4.5266,4.48153,4.47858
589,4.4833,4.51555,4.47675,4.48005
590,4.4691,4.48247,4.4699,4.46954
591,4.47681,4.5257,4.47304,4.47315
592,4.47912,4.48381,4.47505,4.47513
593,4.47714,4.49554,4.48007,4.47929
594,4.47744,4.49371,4.47904,4.48031
595,4.46754,4.4833,4.48484,4.4693
596,4.47635,4.47786,4.46772,4.46675
597,4.48752,4.48966,4.48787,4.48575
598,4.44438,4.46627,4.44536,4.44531
599,4.49897,4.48772,4.48349,4.48153
600,4.49163,4.49783,4.48837,4.48567
601,4.49609,4.49549,4.49639,4.49724
602,4.49157,4.49306,4.48678,4.48651
603,4.48373,4.49521,4.49831,4.48325
604,4.46564,4.46924,4.46562,4.46895
605,4.49092,4.49367,4.49379,4.4922
606,4.46894,4.46342,4.46999,4.46461
607,4.49696,4.4893,4.47667,4.47758
608,4.50582,4.48876,4.48452,4.4856
609,4.48769,4.49737,4.49003,4.4844
610,4.49842,4.50166,4.50089,4.49457
611,4.49694,4.49733,4.49341,4.49066
612,4.47517,4.48502,4.48228,4.48097
613,4.4823,4.48653,4.48302,4.48028
614,4.47223,4.47251,4.46751,4.46863
615,4.48478,4.47315,4.47673,4.47748
616,4.48737,4.49354,4.47895,4.48888
617,4.47017,4.4753,4.47048,4.47032
618,4.50123,4.49755,4.48446,4.49434
619,4.48564,4.4817,4.48306,4.48284
620,4.47942,4.48042,4.50048,4.48244
621,4.48923,4.48651,4.48533,4.51163
622,4.49012,4.50205,4.49414,4.48618
623,4.48246,4.48457,4.48697,4.48392
624,4.47663,4.48301,4.47576,4.47261
625,4.47796,4.47732,4.47781,4.47694
626,4.48433,4.47254,4.47146,4.47646
627,4.47409,4.47624,4.4827,4.47922
628,4.48063,4.48191,4.4837,4.48171
629,4.48394,4.49039,4.48317,4.4829
630,4.49034,4.48299,4.47846,4.51171
631,4.47448,4.48022,4.46789,4.47721
632,4.48368,4.48354,4.47483,4.47812
633,4.4964,4.49319,4.48779,4.49528
634,4.47537,4.47346,4.47247,4.47642
635,4.47545,4.47328,4.47383,4.47423
636,4.50757,4.50832,4.50483,4.50303
637,4.48989,4.49344,4.48957,4.48675
638,4.47326,4.47842,4.47652,4.47568
639,4.47047,4.47189,4.46701,4.47007
640,4.48019,4.48593,4.47785,4.47733
641,4.47513,4.48176,4.46743,4.46941
642,4.47726,4.47248,4.47493,4.47048
643,4.48078,4.47545,4.47859,4.47406
644,4.48098,4.48012,4.47996,4.48133
645,4.47639,4.47651,4.47746,4.47492
646,4.48181,4.48725,4.47788,4.48384
647,4.46249,4.47151,4.46428,4.47022
648,4.48122,4.47567,4.47695,4.48088
649,4.48027,4.4864,4.47937,4.48069
650,4.48389,4.48493,4.47993,4.48787
651,4.47821,4.48903,4.48096,4.48174
652,4.46434,4.46551,4.46626,4.47236
653,4.48209,4.48189,4.48225,4.48552
654,4.45438,4.45634,4.45541,4.45579
655,4.47081,4.47255,4.47108,4.47107
656,4.45347,4.46157,4.45876,4.455
657,4.48075,4.47774,4.48323,4.48528
658,4.49861,4.49896,4.4936,4.49768
659,4.46124,4.46327,4.46392,4.46096
660,4.45389,4.45331,4.44562,4.44917
661,4.47638,4.47482,4.4926,4.4762
662,4.48179,4.48324,4.48635,4.48785
663,4.507,4.51213,4.51027,4.50994
664,4.49634,4.49812,4.49695,4.49466
665,4.46342,4.46717,4.46955,4.46454
666,4.4565,4.45682,4.45498,4.45243
667,4.49034,4.49184,4.48905,4.48841
668,4.46587,4.475,4.46833,4.47118
669,4.48606,4.48934,4.48571,4.48736
670,4.47407,4.47596,4.47444,4.47445
671,4.4606,4.46167,4.46333,4.4613
672,4.51511,4.49898,4.49576,4.49582
673,4.47605,4.47486,4.47452,4.47289
674,4.4819,4.47983,4.48136,4.50493
675,4.49053,4.47743,4.47726,4.48422
676,4.48734,4.48451,4.48663,4.48667
677,4.48185,4.48238,4.49077,4.48065
678,4.47565,4.47475,4.48064,4.47907
679,4.46342,4.46583,4.46326,4.4639
680,4.48146,4.48511,4.48172,4.48686
681,4.47366,4.47,4.48028,4.47699
682,4.47537,4.48239,4.47719,4.48347
683,4.48518,4.48334,4.48365,4.48415
684,4.46873,4.47126,4.47255,4.47173
685,4.50617,4.49359,4.48804,4.49322
686,4.46418,4.47326,4.46994,4.47381
687,4.45889,4.46904,4.46189,4.45953
688,4.47524,4.46535,4.47146,4.47053
689,4.46366,4.46006,4.45897,4.45825
690,4.50592,4.49849,4.5005,4.50039
691,4.47315,4.47321,4.4713,4.47251
692,4.49426,4.49053,4.48679,4.52752
693,4.47162,4.46938,4.47101,4.46614
694,4.49113,4.48199,4.48609,4.49004
695,4.48561,4.48829,4.48296,4.48188
696,4.49837,4.50283,4.49955,4.4993
697,4.46752,4.4561,4.45569,4.45818
698,4.48197,4.48548,4.48339,4.48264
699,4.48363,4.48382,4.48077,4.4828
700,4.4773,4.48373,4.4809,4.48122
701,4.48761,4.48658,4.47928,4.48212
702,4.46846,4.47488,4.46707,4.47174
703,4.48995,4.48659,4.48023,4.48134
704,4.4694,4.46466,4.46377,4.46381
705,4.46883,4.4708,4.46697,4.47207
706,4.47313,4.47666,4.47584,4.49634
707,4.44828,4.44711,4.45093,4.44984
708,4.46374,4.46491,4.46623,4.46746
709,4.48862,4.4896,4.48751,4.4914
710,4.46175,4.46064,4.45924,4.46053
711,4.47426,4.47305,4.46942,4.47702
712,4.46765,4.47669,4.4771,4.49331
713,4.48417,4.47888,4.48127,4.48495
714,4.47292,4.47733,4.4776,4.47543
715,4.48221,4.47488,4.47784,4.47802
716,4.47332,4.46793,4.46615,4.46833
717,4.47228,4.4686,4.47032,4.47383
718,4.48019,4.47388,4.47113,4.47398
719,4.47024,4.48697,4.46486,4.46641
720,4.4685,4.4664,4.46631,4.46564
721,4.50348,4.49434,4.49182,4.48854
722,4.48291,4.47728,4.48393,4.48975
723,4.48753,4.48507,4.47908,4.48273
724,4.47935,4.48286,4.47808,4.48109
725,4.4626,4.46957,4.46472,4.46848
726,4.46627,4.46906,4.46646,4.46597
727,4.47116,4.47295,4.47049,4.47454
728,4.47636,4.4782,4.47206,4.47158
729,4.47046,4.47059,4.46708,4.46913
730,4.47274,4.48042,4.47635,4.47714
731,4.47537,4.47417,4.47441,4.47438
732,4.45387,4.4536,4.45433,4.45645
733,4.47611,4.46578,4.4656,4.46671
734,4.46424,4.46913,4.46902,4.46583
735,4.45933,4.46069,4.45653,4.45991
736,4.48545,4.48305,4.48136,4.5004
737,4.48575,4.48568,4.48384,4.4845
738,4.47269,4.46985,4.46307,4.46637
739,4.43908,4.44441,4.44407,4.44141
740,4.50849,4.50328,4.50511,4.50648
741,4.48936,4.49073,4.49144,4.49209
742,4.47569,4.47553,4.47639,4.47689
743,4.45794,4.46238,4.46251,4.45901
744,4.47095,4.47386,4.47265,4.4714
745,4.47534,4.47045,4.47036,4.46947
746,4.48186,4.48493,4.48474,4.47931
747,4.47991,4.47555,4.48086,4.47976
748,4.48587,4.48699,4.48583,4.48579
749,4.48066,4.48324,4.4834,4.48586
750,4.49871,4.49806,4.49656,4.49754
751,4.4651,4.46098,4.45532,4.45792
752,4.49083,4.48835,4.48833,4.48685
753,4.46817,4.46496,4.46772,4.46921
754,4.47251,4.46884,4.46621,4.46841
755,4.47084,4.47392,4.47306,4.47392
756,4.47575,4.48072,4.47269,4.47588
757,4.46943,4.47059,4.46653,4.46917
758,4.46561,4.46859,4.46643,4.46155
759,4.48061,4.48275,4.47354,4.47626
760,4.46746,4.46564,4.46401,4.46365
761,4.47375,4.47145,4.46958,4.47668
762,4.49655,4.50087,4.49848,4.49819
763,4.47406,4.47289,4.47126,4.47262
764,4.46214,4.46617,4.46531,4.47028
765,4.49658,4.47384,4.47709,4.47208
766,4.46183,4.46268,4.45902,4.46066
767,4.47569,4.47465,4.47143,4.47932
768,4.47968,4.47844,4.48146,4.47987
769,4.46116,4.46163,4.46076,4.46224
770,4.49007,4.47116,4.47009,4.47142
771,4.47363,4.48537,4.47552,4.4802
772,4.48426,4.48058,4.48027,4.48277
773,4.46841,4.47163,4.47186,4.47228
774,4.48626,4.4931,4.49067,4.49245
775,4.47311,4.47472,4.47183,4.4675
776,4.47567,4.47533,4.47603,4.47798
777,4.47835,4.48015,4.48327,4.48272
778,4.47093,4.45529,4.45633,4.45478
779,4.45528,4.45393,4.45419,4.45599
780,4.49384,4.49385,4.49248,4.49124
781,4.48191,4.48618,4.47924,4.48232
782,4.47153,4.46972,4.46962,4.46932
783,4.48482,4.47757,4.47453,4.47726
784,4.47102,4.46864,4.47009,4.4703
785,4.47165,4.47111,4.46681,4.46993
786,4.48881,4.49196,4.48558,4.48839
787,4.49086,4.49046,4.49142,4.49975
788,4.47497,4.47851,4.47322,4.47847
789,4.48307,4.48469,4.48185,4.48342
790,4.47365,4.47471,4.47387,4.47127
791,4.47128,4.47304,4.46789,4.46941
792,4.48972,4.49222,4.49014,4.48899
793,4.4728,4.47103,4.46726,4.46825
794,4.49117,4.48872,4.48641,4.48981
795,4.46613,4.46081,4.46527,4.46454
796,4.47566,4.48519,4.47892,4.48681
797,4.4807,4.48282,4.48045,4.48178
798,4.47762,4.4758,4.47774,4.48079
799,4.47806,4.47829,4.47905,4.47838
800,4.48778,4.48793,4.48533,4.48845
801,4.48837,4.48681,4.48159,4.48511
802,4.48097,4.47954,4.47963,4.48191
803,4.46526,4.46273,4.46476,4.46551
804,4.4743,4.47083,4.47271,4.47492
805,4.49251,4.49786,4.49241,4.49496
806,4.47589,4.47732,4.47474,4.47622
807,4.46619,4.46381,4.46671,4.46602
808,4.48629,4.48561,4.4845,4.4826
809,4.47427,4.47872,4.47289,4.47251
810,4.48248,4.48447,4.48227,4.48163
811,4.46617,4.46668,4.46597,4.4727
812,4.47816,4.48174,4.47859,4.47947
813,4.46048,4.4597,4.45911,4.46068
814,4.47919,4.48155,4.48105,4.47906
815,4.47197,4.47419,4.47208,4.47413
816,4.48222,4.4808,4.47921,4.48229
817,4.46817,4.47329,4.4669,4.46813
818,4.47977,4.48025,4.48046,4.48188
819,4.45814,4.45886,4.45567,4.45688
820,4.46943,4.46771,4.47048,4.46785
821,4.47223,4.47392,4.46891,4.47217
822,4.46572,4.46784,4.46576,4.47083
823,4.48926,4.48652,4.49013,4.48955
824,4.46979,4.46696,4.4698,4.46826
825,4.4707,4.47089,4.4686,4.47165
826,4.49524,4.49457,4.49132,4.4936
827,4.46137,4.46302,4.46282,4.46265
828,4.49361,4.49093,4.49292,4.49487
829,4.46186,4.46157,4.46345,4.46439
830,4.47407,4.47808,4.47595,4.47579
831,4.47202,4.47443,4.47448,4.47576
832,4.47564,4.47812,4.47401,4.47575
833,4.46905,4.46697,4.47062,4.4701
834,4.47574,4.48367,4.47707,4.47957
835,4.45563,4.45956,4.45574,4.45585
836,4.47976,4.47896,4.47852,4.47759
837,4.47132,4.47283,4.46984,4.47197
838,4.48195,4.48348,4.47565,4.47864
839,4.45949,4.46292,4.46124,4.46243
840,4.45509,4.45206,4.45154,4.45458
841,4.48247,4.48043,4.47932,4.4786
842,4.46483,4.46654,4.46668,4.46367
843,4.47783,4.48205,4.47951,4.47962
844,4.46261,4.46051,4.46044,4.46111
845,4.4822,4.48138,4.4794,4.48025
846,4.48486,4.48585,4.48307,4.48599
847,4.48079,4.47879,4.47763,4.48112
848,4.48875,4.48907,4.48413,4.48757
849,4.46322,4.4625,4.46261,4.4629
850,4.48129,4.48609,4.48058,4.48045
851,4.46903,4.46908,4.46679,4.467
852,4.47318,4.47275,4.4709,4.47217
853,4.46851,4.46731,4.46587,4.46815
854,4.48807,4.49049,4.48531,4.48616
855,4.46858,4.46824,4.46974,4.48959
856,4.49329,4.49467,4.49348,4.49275
857,4.47561,4.47559,4.47491,4.47856
858,4.46564,4.46467,4.46729,4.46725
859,4.47513,4.47901,4.47868,4.47838
860,4.46359,4.46512,4.46321,4.46435
861,4.47526,4.4712,4.47179,4.47458
862,4.4694,4.46935,4.47098,4.46755
863,4.47944,4.48093,4.47918,4.47943
864,4.46478,4.4665,4.46515,4.46401
865,4.47308,4.47458,4.47225,4.47252
866,4.47584,4.47269,4.47444,4.47585
867,4.48635,4.48724,4.4841,4.48713
868,4.46394,4.46668,4.46341,4.46535
869,4.47749,4.48026,4.47606,4.4765
870,4.46073,4.46162,4.45926,4.46102
871,4.4983,4.49853,4.49397,4.49768
872,4.46997,4.47325,4.46943,4.47024
873,4.47364,4.47353,4.47346,4.4749
874,4.465,4.46609,4.46409,4.46531
875,4.47,4.47287,4.46873,4.46977
876,4.46841,4.47065,4.47112,4.46986
877,4.47353,4.47326,4.47081,4.47237
878,4.46831,4.46559,4.46749,4.47042
879,4.48185,4.48296,4.48149,4.48158
880,4.45932,4.46043,4.45901,4.45656
881,4.47175,4.47264,4.47129,4.47159
882,4.47828,4.47886,4.47615,4.47778
883,4.46831,4.46891,4.46502,4.46831
884,4.46815,4.46916,4.46627,4.46847
885,4.46236,4.46283,4.45722,4.46022
886,4.49022,4.4916,4.48741,4.48977
887,4.47551,4.47622,4.47133,4.474
888,4.47039,4.474,4.46694,4.47027
889,4.47563,4.47609,4.47427,4.47654
890,4.4666,4.46628,4.47011,4.46732
891,4.47101,4.47141,4.46918,4.46971
892,4.46534,4.465,4.46335,4.46424
893,4.46523,4.4653,4.46613,4.46575
894,4.47099,4.47188,4.46835,4.47111
895,4.4742,4.47491,4.47466,4.47272
896,4.46739,4.46699,4.46648,4.46934
897,4.48109,4.48224,4.47851,4.4816
898,4.47279,4.47453,4.47696,4.47399
899,4.45372,4.45282,4.45327,4.45247
900,4.47292,4.47191,4.47164,4.47257
901,4.47848,4.47494,4.47533,4.47619
902,4.48604,4.48527,4.48448,4.48785
903,4.48069,4.48095,4.48035,4.48199
904,4.46684,4.46591,4.4655,4.46623
905,4.46516,4.46921,4.46512,4.46579
906,4.47348,4.47179,4.4712,4.472
907,4.48528,4.48317,4.48319,4.48501
908,4.48299,4.48021,4.48121,4.48284
909,4.46771,4.47125,4.47025,4.46876
910,4.48491,4.48812,4.48623,4.4868
911,4.45867,4.45881,4.45524,4.45894
912,4.47039,4.46906,4.47067,4.47105
913,4.45523,4.45403,4.4548,4.45509
914,4.47326,4.47691,4.47295,4.47366
915,4.46761,4.46682,4.46958,4.46849
916,4.45523,4.455,4.45483,4.45575
917,4.46299,4.46318,4.46199,4.46205
918,4.47975,4.47887,4.47678,4.47814
919,4.46154,4.4609,4.45897,4.46187
920,4.46512,4.4635,4.46519,4.46447
921,4.47277,4.47664,4.4742,4.47559
922,4.471,4.47272,4.47098,4.47139
923,4.46578,4.46709,4.46622,4.46619
924,4.4651,4.46953,4.46524,4.46552
925,4.49192,4.49502,4.49274,4.49288
926,4.46961,4.47173,4.46999,4.47172
927,4.49492,4.49542,4.4927,4.49362
928,4.46459,4.46524,4.46393,4.46456
929,4.46909,4.4705,4.4686,4.47268
930,4.48405,4.4856,4.48241,4.48499
931,4.47169,4.47194,4.47043,4.46972
932,4.48419,4.48635,4.48293,4.48351
933,4.45982,4.46035,4.45881,4.45994
934,4.48224,4.48281,4.4805,4.48235
935,4.46971,4.47152,4.46932,4.47027
936,4.46589,4.46696,4.46549,4.46553
937,4.46844,4.46965,4.46745,4.4682
938,4.47864,4.48064,4.47903,4.48005
939,4.45506,4.45655,4.4538,4.45497
940,4.4764,4.47435,4.47684,4.47744
941,4.47892,4.47848,4.47657,4.47756
942,4.47201,4.47575,4.47389,4.47435
943,4.49323,4.46761,4.46456,4.46717
944,4.49424,4.49526,4.49311,4.49556
945,4.4909,4.48708,4.48746,4.48882
946,4.48003,4.48033,4.47904,4.48066
947,4.47456,4.47086,4.46953,4.47076
948,4.48255,4.48382,4.48459,4.48426
949,4.47483,4.47545,4.47198,4.4746
950,4.46362,4.46195,4.45964,4.46187
951,4.46193,4.45787,4.4575,4.46088
952,4.47631,4.47432,4.47224,4.47148
953,4.47128,4.47068,4.46868,4.47224
954,4.46756,4.46675,4.46641,4.46793
955,4.45068,4.45102,4.45003,4.44822
956,4.47052,4.47251,4.47288,4.47189
957,4.48074,4.48052,4.48037,4.48235
958,4.48128,4.48348,4.48192,4.48445
959,4.47947,4.48271,4.48065,4.47918
960,4.45839,4.45835,4.45873,4.45988
961,4.45225,4.44924,4.44998,4.45069
962,4.47927,4.47897,4.47801,4.47962
963,4.48351,4.48393,4.48414,4.48583
964,4.47544,4.47295,4.47002,4.47114
965,4.46819,4.46589,4.46608,4.46633
966,4.47453,4.47181,4.47093,4.46967
967,4.48085,4.48232,4.47998,4.48169
968,4.46417,4.46345,4.46231,4.46269
969,4.47896,4.47816,4.47685,4.47944
970,4.4673,4.46697,4.46407,4.46556
971,4.47329,4.47978,4.47396,4.47542
972,4.48256,4.48029,4.47935,4.48008
973,4.48653,4.48445,4.48469,4.48704
974,4.46881,4.47922,4.46901,4.46867
975,4.46827,4.46963,4.46841,4.46934
976,4.4668,4.46668,4.46496,4.46793
977,4.46507,4.46154,4.46271,4.46326
978,4.47503,4.47404,4.47057,4.47288
979,4.46504,4.46382,4.46434,4.46407
980,4.47659,4.47775,4.47729,4.47782
981,4.46443,4.46557,4.46422,4.46425
982,4.46831,4.47136,4.46776,4.47027
983,4.47878,4.47787,4.47793,4.47816
984,4.47947,4.4747,4.47486,4.47671
985,4.47485,4.47586,4.47842,4.47492
986,4.47154,4.47228,4.46957,4.47219
987,4.47196,4.47439,4.47315,4.47435
988,4.46683,4.46599,4.48307,4.46639
989,4.47892,4.48318,4.47842,4.48076
990,4.48042,4.48029,4.4971,4.47967
991,4.46172,4.46256,4.4604,4.46084
992,4.4645,4.46576,4.48731,4.46706
993,4.47112,4.47243,4.46858,4.47058
994,4.46299,4.46308,4.46135,4.45967
995,4.47833,4.47794,4.47725,4.47786
996,4.4905,4.49146,4.49917,4.491
997,4.45678,4.46009,4.46104,4.46001
998,4.46571,4.46426,4.49083,4.46361
999,4.47078,4.46857,4.47276,4.46962
1000,4.48289,4.5008,4.47988,4.48388
1001,4.47224,4.47495,4.50844,4.47126
1002,4.48323,4.46774,4.47199,4.47091
1003,4.47342,4.47188,4.47668,4.47358
1004,4.46911,4.47021,4.47016,4.4676
1005,4.47859,4.47803,4.47625,4.47812
1006,4.49763,4.4949,4.49738,4.49726
1007,4.471,4.4681,4.47077,4.471
1008,4.46625,4.46806,4.46862,4.46802
1009,4.47804,4.47713,4.47604,4.47678
1010,4.44999,4.4534,4.45228,4.44879
1011,4.46512,4.46788,4.46572,4.46637
1012,4.47192,4.47103,4.46616,4.47062
1013,4.47151,4.46982,4.4746,4.47233
1014,4.45704,4.45393,4.45821,4.45482
1015,4.47755,4.48185,4.48196,4.47965
1016,4.46749,4.46875,4.46739,4.46652
1017,4.4855,4.48181,4.47987,4.48302
1018,4.49728,4.49936,4.49542,4.497
1019,4.47898,4.47652,4.47826,4.47691
1020,4.47311,4.47358,4.47174,4.47385
1021,4.46924,4.46915,4.46801,4.47143
1022,4.48843,4.49438,4.48759,4.48846
1023,4.46868,4.47089,4.47138,4.47047
1024,4.47466,4.47704,4.47522,4.47646
1025,4.45429,4.4548,4.45882,4.45443
1026,4.47477,4.47718,4.47379,4.47311
1027,4.4789,4.47996,4.47601,4.47505
1028,4.46321,4.46669,4.46319,4.46529
1029,4.4584,4.45761,4.46327,4.45906
1030,4.46229,4.46664,4.4658,4.46664
1031,4.45624,4.46007,4.46303,4.45753
1032,4.46436,4.46766,4.46519,4.46631
1033,4.46954,4.47994,4.47136,4.47232
1034,4.46556,4.46356,4.47178,4.46526
1035,4.48064,4.51144,4.47932,4.47864
1036,4.4643,4.4576,4.45782,4.46165
1037,4.46937,4.47089,4.47034,4.47102
1038,4.46435,4.46362,4.46303,4.46429
1039,4.45287,4.45379,4.45659,4.45535
1040,4.47727,4.47875,4.47418,4.47785
1041,4.46534,4.46876,4.46488,4.46181
1042,4.49059,4.48974,4.49116,4.48606
1043,4.48577,4.48826,4.48554,4.48573
1044,4.45325,4.45482,4.45276,4.45454
1045,4.48445,4.48313,4.48111,4.4829
1046,4.44728,4.4517,4.45003,4.44993
1047,4.48898,4.48793,4.49006,4.48616
1048,4.49646,4.49427,4.49781,4.49567
1049,4.48695,4.48729,4.48492,4.48672
1050,4.46717,4.46861,4.46981,4.46922
1051,4.4708,4.46946,4.47028,4.47133
1052,4.47011,4.47042,4.46887,4.47091
1053,4.48874,4.49127,4.48556,4.48932
1054,4.46537,4.46721,4.46637,4.466
1055,4.46585,4.48335,4.46558,4.46818
1056,4.49428,4.49629,4.49165,4.49592
1057,4.47222,4.47221,4.47121,4.47109
1058,4.48057,4.48385,4.47614,4.47927
1059,4.46627,4.46626,4.46717,4.4673
1060,4.47722,4.47759,4.47532,4.47662
1061,4.46066,4.46102,4.46113,4.46075
1062,4.47753,4.47842,4.47532,4.47498
1063,4.48416,4.48922,4.48394,4.48668
1064,4.46936,4.46802,4.46718,4.46479
1065,4.46281,4.46843,4.46672,4.4663
1066,4.46773,4.46902,4.46426,4.46957
1067,4.47982,4.47934,4.47586,4.47898
1068,4.46233,4.46201,4.46257,4.46199
1069,4.46654,4.46877,4.46644,4.46879
1070,4.4639,4.46169,4.46286,4.46334
1071,4.44315,4.44173,4.44206,4.43965
1072,4.48045,4.4797,4.47815,4.47795
1073,4.46537,4.46314,4.45998,4.46266
1074,4.43903,4.43667,4.43929,4.4376
1075,4.46004,4.45999,4.46248,4.45938
1076,4.46658,4.4675,4.46577,4.46777
1077,4.4736,4.47406,4.47288,4.47243
1078,4.47969,4.47883,4.47849,4.47676
1079,4.50285,4.50146,4.50048,4.50113
1080,4.46624,4.4682,4.46758,4.46733
1081,4.47623,4.47679,4.47625,4.47587
1082,4.46902,4.46722,4.47,4.46961
1083,4.47638,4.47518,4.47513,4.47584
1084,4.47474,4.47377,4.47611,4.47466
1085,4.47529,4.47699,4.47483,4.47597
1086,4.46879,4.47063,4.46672,4.46819
1087,4.47416,4.47227,4.47437,4.47489
1088,4.47141,4.47186,4.46885,4.47181
1089,4.45749,4.45679,4.4576,4.45648
1090,4.47918,4.48026,4.47803,4.47893
1091,4.45166,4.45059,4.45094,4.45109
1092,4.47296,4.47033,4.47025,4.47352
1093,4.47626,4.47423,4.47312,4.47476
1094,4.47923,4.47786,4.47988,4.48113
1095,4.4685,4.46687,4.46477,4.46507
1096,4.49295,4.49206,4.49097,4.49238
1097,4.46119,4.46514,4.46264,4.46639
1098,4.47744,4.479,4.47638,4.47841
1099,4.47719,4.47973,4.4762,4.47726
1100,4.47024,4.47389,4.46718,4.47073
1101,4.46561,4.46636,4.46537,4.46794
1102,4.46786,4.46965,4.46857,4.46928
1103,4.47851,4.47685,4.47729,4.47692
1104,4.45668,4.45987,4.45765,4.45726
1105,4.46671,4.46599,4.46444,4.46322
1106,4.46755,4.46858,4.46848,4.46801
1107,4.48885,4.48622,4.48396,4.48881
1108,4.45814,4.46418,4.45841,4.45911
1109,4.47765,4.47768,4.47632,4.47734
1110,4.46203,4.46077,4.46264,4.46247
1111,4.47158,4.47199,4.4729,4.47463
1112,4.47266,4.47443,4.47128,4.47258
1113,4.46979,4.47043,4.47011,4.47126
1114,4.46968,4.47095,4.46961,4.46832
1115,4.47169,4.47393,4.47354,4.47394
1116,4.48407,4.48131,4.48021,4.48227
1117,4.48296,4.4796,4.47893,4.48051
1118,4.46221,4.46313,4.46028,4.4636
1119,4.46748,4.46655,4.46418,4.46615
1120,4.46903,4.46768,4.46972,4.46888
1121,4.47201,4.47096,4.46942,4.47088
1122,4.45852,4.45622,4.45465,4.45853
1123,4.46017,4.46193,4.46229,4.46066
1124,4.46827,4.46919,4.46887,4.467
1125,4.46613,4.46474,4.46351,4.46487
1126,4.47097,4.47165,4.46763,4.48977
1127,4.46433,4.46581,4.4631,4.4658
1128,4.47539,4.47468,4.47575,4.47484
1129,4.48656,4.48746,4.48732,4.48561
1130,4.4794,4.47786,4.47866,4.47736
1131,4.47677,4.47795,4.47719,4.47738
1132,4.47346,4.47652,4.47274,4.4737
1133,4.46758,4.4665,4.46557,4.46921
1134,4.47581,4.47897,4.47327,4.47694
1135,4.46597,4.46735,4.46698,4.46827
1136,4.45941,4.46236,4.45772,4.46146
1137,4.45463,4.45609,4.45373,4.45651
1138,4.47192,4.47035,4.47183,4.47088
1139,4.46747,4.46729,4.46872,4.46639
1140,4.47947,4.47988,4.47921,4.47954
1141,4.45998,4.46167,4.45992,4.46177
1142,4.4701,4.47445,4.4692,4.47041
1143,4.46799,4.46875,4.46834,4.46898
1144,4.46355,4.46259,4.46428,4.4626
1145,4.47003,4.47119,4.46685,4.47031
1146,4.469,4.47099,4.46899,4.46851
1147,4.47266,4.47532,4.47357,4.47599
1148,4.45135,4.44947,4.44847,4.45104
1149,4.47437,4.4742,4.47367,4.47522
1150,4.48191,4.48127,4.47996,4.48362
1151,4.46364,4.464,4.46364,4.46512
1152,4.48432,4.48212,4.48384,4.50476
1153,4.46819,4.46645,4.46687,4.46686
1154,4.4629,4.46093,4.4599,4.46037
1155,4.4711,4.47226,4.47137,4.47398
1156,4.46063,4.46201,4.46016,4.46117
1157,4.46858,4.46763,4.46653,4.46609
1158,4.46866,4.47137,4.46701,4.46835
1159,4.4728,4.47444,4.4714,4.47331
1160,4.45523,4.4556,4.45617,4.45644
1161,4.46388,4.46518,4.46564,4.46404
1162,4.48714,4.48793,4.48458,4.48695
1163,4.47871,4.47601,4.47574,4.47786
1164,4.4686,4.46931,4.46918,4.46832
1165,4.47697,4.47886,4.47756,4.49402
1166,4.46773,4.46814,4.46507,4.4675
1167,4.4924,4.49417,4.4906,4.49409
1168,4.47335,4.47412,4.46581,4.47165
1169,4.48682,4.48806,4.48135,4.48733
1170,4.47966,4.482,4.47779,4.48012
1171,4.47205,4.47249,4.47205,4.47674
1172,4.47466,4.47489,4.47025,4.47936
1173,4.48152,4.47989,4.48359,4.4801
1174,4.45708,4.45567,4.46048,4.457
1175,4.4692,4.46965,4.47074,4.49791
1176,4.46075,4.45918,4.46682,4.45958
1177,4.47163,4.47383,4.47285,4.47254
1178,4.47143,4.47063,4.47003,4.46998
1179,4.46357,4.46411,4.46235,4.46442
1180,4.47087,4.4722,4.47106,4.47172
1181,4.46665,4.4698,4.4696,4.4708
1182,4.45054,4.45075,4.45338,4.45108
1183,4.45924,4.46359,4.46001,4.46222
1184,4.46414,4.46368,4.46476,4.46423
1185,4.45441,4.45565,4.45106,4.45396
1186,4.48343,4.48243,4.47923,4.48162
1187,4.45751,4.45663,4.45671,4.45836
1188,4.47418,4.47953,4.47141,4.47842
1189,4.46634,4.46803,4.46902,4.498
1190,4.46015,4.45953,4.46198,4.49611
1191,4.47603,4.47855,4.47536,4.47763
1192,4.50025,4.49649,4.49986,4.49975
1193,4.46106,4.46115,4.4579,4.45999
1194,4.46522,4.46556,4.46703,4.50729
1195,4.47255,4.47223,4.47164,4.47365
1196,4.46343,4.46483,4.46497,4.46513
1197,4.47335,4.4729,4.47127,4.47097
1198,4.47469,4.47462,4.47351,4.47535
1199,4.47308,4.47289,4.47282,4.47645
1200,4.46327,4.46276,4.46239,4.46857
1201,4.46802,4.46727,4.46636,4.46466
1202,4.46656,4.46582,4.46567,4.47068
1203,4.47634,4.47505,4.47378,4.49964
1204,4.46772,4.46923,4.46746,4.47819
1205,4.45323,4.45296,4.45477,4.45856
1206,4.44877,4.45057,4.45166,4.45469
1207,4.46203,4.46151,4.46461,4.46629
1208,4.46191,4.46308,4.46169,4.46428
1209,4.47466,4.47595,4.47262,4.47242
1210,4.48013,4.47836,4.47888,4.47984
1211,4.47912,4.47852,4.47869,4.48044
1212,4.47899,4.47866,4.47815,4.47778
1213,4.48238,4.48207,4.48184,4.4806
1214,4.46515,4.46407,4.46444,4.46771
1215,4.47663,4.479,4.47547,4.4837
1216,4.47067,4.46954,4.47006,4.47398
1217,4.47145,4.46974,4.47017,4.47303
1218,4.47745,4.47891,4.47775,4.47967
1219,4.46848,4.47032,4.46727,4.4768
1220,4.48851,4.48912,4.48644,4.51175
1221,4.48124,4.48165,4.48087,4.48445
1222,4.46147,4.46152,4.45999,4.46329
1223,4.46701,4.46699,4.46635,4.46855
1224,4.47626,4.47571,4.47494,4.47974
1225,4.46659,4.46748,4.46641,4.46731
1226,4.45477,4.45505,4.45472,4.45588
1227,4.4603,4.45929,4.45883,4.45999
1228,4.47257,4.47342,4.47209,4.47256
1229,4.4865,4.48497,4.48727,4.48486
1230,4.47303,4.47267,4.47342,4.47032
1231,4.47367,4.47372,4.47752,4.47285
1232,4.47389,4.47451,4.47307,4.47588
1233,4.46512,4.46827,4.46622,4.46555
1234,4.4644,4.46441,4.46359,4.46209
1235,4.47309,4.47414,4.4719,4.47276
1236,4.4743,4.47405,4.47275,4.47471
1237,4.4755,4.47554,4.47384,4.49002
1238,4.45671,4.4578,4.4571,4.45708
1239,4.46357,4.46465,4.4609,4.46603
1240,4.45791,4.45904,4.45715,4.45679
1241,4.47436,4.47341,4.47634,4.478
1242,4.46204,4.46402,4.46528,4.46898
1243,4.4749,4.47414,4.47763,4.47886
1244,4.47659,4.47676,4.47706,4.4766
1245,4.47309,4.47459,4.47376,4.47488
1246,4.47065,4.47132,4.4702,4.49436
1247,4.47849,4.47916,4.48355,4.47965
1248,4.47271,4.47086,4.47482,4.47225
1249,4.46854,4.46818,4.46797,4.47015
1250,4.46635,4.46601,4.46381,4.46823
1251,4.45693,4.45847,4.45653,4.45971
1252,4.46569,4.46643,4.46654,4.4649
1253,4.47244,4.47227,4.47071,4.47338
1254,4.46957,4.47092,4.46948,4.47075
1255,4.4742,4.47355,4.47164,4.4714
1256,4.48831,4.48826,4.48617,4.48754
1257,4.47275,4.47026,4.46992,4.47133
1258,4.46844,4.46866,4.46719,4.46733
1259,4.45992,4.46187,4.46238,4.46127
1260,4.4649,4.46403,4.46193,4.46425
1261,4.46308,4.46273,4.46171,4.46258
1262,4.4666,4.46321,4.46579,4.46475
1263,4.47663,4.48011,4.47721,4.47678
1264,4.4827,4.48312,4.48017,4.48236
1265,4.45533,4.45906,4.45851,4.45987
1266,4.46746,4.47115,4.46725,4.46846
1267,4.47919,4.47886,4.47695,4.48104
1268,4.47167,4.46989,4.46914,4.46883
1269,4.47673,4.46869,4.46861,4.4695
1270,4.4661,4.47021,4.46789,4.46844
1271,4.46577,4.46585,4.46555,4.46516
1272,4.46995,4.47393,4.47236,4.47246
1273,4.46613,4.46818,4.46714,4.46738
1274,4.49067,4.46545,4.4658,4.46533
1275,4.4807,4.4729,4.4739,4.47198
1276,4.47536,4.47263,4.47322,4.4749
1277,4.45981,4.4601,4.45988,4.46088
1278,4.4697,4.46907,4.46951,4.46794
1279,4.49182,4.48947,4.49074,4.49147
1280,4.456,4.45873,4.45515,4.45582
1281,4.46946,4.46771,4.46637,4.46479
1282,4.48753,4.47955,4.47673,4.48031
1283,4.51043,4.48507,4.48469,4.4838
1284,4.47417,4.47536,4.47448,4.47666
1285,4.48168,4.46198,4.4642,4.46478
1286,4.4676,4.47342,4.47083,4.47269
1287,4.47021,4.46502,4.46222,4.46568
1288,4.46719,4.46376,4.4633,4.46252
1289,4.48764,4.46928,4.46671,4.46822
1290,4.47497,4.47417,4.47493,4.47411
1291,4.4798,4.47368,4.47535,4.47573
1292,4.47519,4.47429,4.4732,4.47323
1293,4.45775,4.45274,4.45386,4.4534
1294,4.49089,4.47675,4.47543,4.47845
1295,4.47943,4.4792,4.47674,4.47696
1296,4.4938,4.46764,4.4661,4.46482
1297,4.46911,4.46893,4.46699,4.4679
1298,4.4795,4.48232,4.47974,4.48151
1299,4.48064,4.47629,4.47467,4.47431
1300,4.4711,4.47051,4.47073,4.4695
1301,4.47037,4.47156,4.46968,4.47017
1302,4.45333,4.45101,4.44981,4.44979
1303,4.47178,4.47493,4.47245,4.47023
1304,4.46232,4.46314,4.46168,4.46513
1305,4.47776,4.47416,4.47521,4.47643
1306,4.48536,4.48642,4.48462,4.48864
1307,4.46462,4.46209,4.46352,4.46487
1308,4.47154,4.47209,4.46931,4.47232
1309,4.4756,4.47294,4.47326,4.47369
1310,4.47253,4.47209,4.4714,4.47401
1311,4.4616,4.46196,4.46072,4.45939
1312,4.46039,4.46237,4.46007,4.46629
1313,4.46794,4.46745,4.46608,4.47082
1314,4.48047,4.48266,4.48228,4.48318
1315,4.46313,4.46342,4.46552,4.46998
1316,4.45761,4.45335,4.45314,4.45527
1317,4.48629,4.47113,4.46994,4.46705
1318,4.48629,4.48603,4.48759,4.4895
1319,4.4659,4.46559,4.46496,4.46432
1320,4.47008,4.46577,4.46685,4.46677
1321,4.49034,4.47149,4.47217,4.47677
1322,4.48284,4.47905,4.47781,4.49219
1323,4.46925,4.46437,4.46382,4.46414
1324,4.47503,4.47286,4.47436,4.47583
1325,4.49479,4.47509,4.47485,4.47497
1326,4.46799,4.4659,4.46549,4.46556
1327,4.46507,4.46749,4.46644,4.46855
1328,4.47462,4.47392,4.47329,4.47309
1329,4.46826,4.4704,4.46796,4.46813
1330,4.46994,4.47076,4.46935,4.47002
1331,4.47248,4.47031,4.46988,4.47265
1332,4.45021,4.45056,4.45187,4.45296
1333,4.47492,4.46843,4.46768,4.46931
1334,4.47254,4.47249,4.47076,4.47298
1335,4.45478,4.4557,4.45323,4.45906
1336,4.46492,4.46607,4.46274,4.46159
1337,4.4678,4.46699,4.46802,4.46777
1338,4.46174,4.45977,4.45875,4.46078
1339,4.47836,4.47566,4.47512,4.47406
1340,4.46064,4.46434,4.46403,4.46418
1341,4.45938,4.46233,4.46034,4.46244
1342,4.46048,4.4613,4.46139,4.46359
1343,4.4547,4.45542,4.45621,4.45752
1344,4.47106,4.46896,4.46837,4.47041
1345,4.46522,4.46714,4.46398,4.46885
1346,4.45981,4.46049,4.45915,4.46071
1347,4.45672,4.45181,4.4506,4.45297
1348,4.46428,4.46773,4.46678,4.46735
1349,4.4519,4.45396,4.45196,4.45117
1350,4.47544,4.47625,4.47442,4.4753
1351,4.48594,4.48475,4.48496,4.48509
1352,4.46085,4.45689,4.45678,4.45694
1353,4.46511,4.46401,4.46255,4.46399
1354,4.4722,4.47067,4.47106,4.4713
1355,4.47347,4.47459,4.47393,4.47518
1356,4.48448,4.48063,4.48039,4.48106
1357,4.47826,4.47775,4.47668,4.47812
1358,4.47598,4.47304,4.47195,4.47245
1359,4.47847,4.47647,4.47588,4.47766
1360,4.47974,4.48087,4.48027,4.48078
1361,4.46565,4.46837,4.46645,4.46663
1362,4.50304,4.48103,4.4789,4.47977
1363,4.479,4.4764,4.47566,4.47787
1364,4.46011,4.4544,4.45464,4.45627
1365,4.46131,4.46324,4.46202,4.46251
1366,4.4622,4.46154,4.46019,4.46298
1367,4.46397,4.46388,4.46424,4.4615
1368,4.4772,4.46767,4.46881,4.47037
1369,4.46738,4.46399,4.46421,4.46304
1370,4.47384,4.47407,4.4721,4.47452
1371,4.47606,4.47915,4.47989,4.47789
1372,4.4575,4.45779,4.46002,4.45791
1373,4.46427,4.46359,4.46558,4.46571
1374,4.47669,4.47466,4.47523,4.47799
1375,4.45829,4.45982,4.45871,4.45789
1376,4.47883,4.47686,4.47487,4.47659
1377,4.48109,4.4775,4.48047,4.48382
1378,4.47488,4.4744,4.4742,4.4742
1379,4.47317,4.47592,4.47262,4.47505
1380,4.4708,4.47043,4.46865,4.46837
1381,4.47762,4.47583,4.47469,4.47505
1382,4.4656,4.46452,4.46493,4.46436
1383,4.46407,4.46421,4.46495,4.46347
1384,4.45783,4.45843,4.45783,4.46021
1385,4.47584,4.476,4.47525,4.4777
1386,4.46901,4.47095,4.4686,4.4713
1387,4.4564,4.45802,4.4555,4.45538
1388,4.47232,4.4735,4.47434,4.47118
1389,4.47565,4.47153,4.47156,4.47502
1390,4.47216,4.47321,4.47189,4.48829
1391,4.46909,4.46856,4.46803,4.48352
1392,4.49186,4.48604,4.48346,4.48401
1393,4.4867,4.4846,4.48227,4.4826
1394,4.45877,4.45786,4.45765,4.45763
1395,4.47636,4.47236,4.4749,4.47634
1396,4.46753,4.46776,4.46662,4.46615
1397,4.47806,4.47667,4.47513,4.47681
1398,4.46966,4.47302,4.47168,4.47351
1399,4.45945,4.46063,4.46134,4.45962
1400,4.47172,4.47268,4.47044,4.47454
1401,4.45746,4.45553,4.4547,4.45829
1402,4.47166,4.46735,4.46883,4.48298
1403,4.46789,4.46909,4.46895,4.47197
1404,4.47188,4.47115,4.47214,4.4728
1405,4.47989,4.47991,4.47699,4.48027
1406,4.47299,4.46913,4.46873,4.46701
1407,4.46717,4.46595,4.46632,4.46655
1408,4.46387,4.4631,4.4634,4.46235
1409,4.4751,4.47576,4.47267,4.47356
1410,4.47304,4.46157,4.46077,4.46076
1411,4.46721,4.46957,4.46825,4.46902
1412,4.45877,4.45847,4.45944,4.46028
1413,4.46137,4.46021,4.46028,4.45984
1414,4.46659,4.46586,4.46579,4.46868
1415,4.51324,4.47503,4.47451,4.47599
1416,4.50982,4.47434,4.47439,4.47537
1417,4.46129,4.46178,4.46085,4.46065
1418,4.45986,4.46047,4.45853,4.46057
1419,4.47105,4.46702,4.46742,4.4663
1420,4.46743,4.46913,4.46647,4.46801
1421,4.4698,4.46705,4.46665,4.48573
1422,4.46482,4.46518,4.46458,4.46872
1423,4.48188,4.48424,4.4825,4.48285
1424,4.46018,4.45749,4.45641,4.45825
1425,4.44462,4.44675,4.44695,4.44358
1426,4.46865,4.47083,4.46913,4.47578
1427,4.46207,4.46539,4.46762,4.46593
1428,4.46456,4.46263,4.46343,4.46306
1429,4.46158,4.46604,4.46395,4.46548
1430,4.49879,4.49889,4.49597,4.50081
1431,4.47628,4.47487,4.47525,4.47457
1432,4.47337,4.47293,4.47134,4.47371
1433,4.47355,4.46502,4.4635,4.46517
1434,4.48282,4.48495,4.48284,4.48628
1435,4.47664,4.47354,4.47328,4.47397
1436,4.46866,4.46304,4.46436,4.46527
1437,4.46736,4.46641,4.46374,4.46649
1438,4.47439,4.47618,4.47553,4.47579
1439,4.46035,4.46105,4.45927,4.46305
1440,4.47581,4.47588,4.47389,4.47657
1441,4.47496,4.46541,4.46266,4.46435
1442,4.47874,4.47303,4.47293,4.47175
1443,4.48294,4.48136,4.4831,4.48258
1444,4.46593,4.46344,4.46236,4.46521
1445,4.46917,4.46964,4.46863,4.47052
1446,4.48779,4.4821,4.48152,4.47975
1447,4.45879,4.45853,4.45596,4.45886
1448,4.46709,4.46619,4.46596,4.46687
1449,4.49554,4.48162,4.48174,4.48076
1450,4.46146,4.46068,4.46052,4.46085
1451,4.45971,4.46185,4.46229,4.46137
1452,4.4743,4.47448,4.4744,4.47378
1453,4.47495,4.47571,4.47307,4.47372
1454,4.49,4.48344,4.4834,4.48357
1455,4.47282,4.47133,4.4718,4.47504
1456,4.47835,4.47874,4.47835,4.48122
1457,4.46213,4.45987,4.45902,4.45957
1458,4.48129,4.47738,4.47607,4.47952
1459,4.48505,4.48349,4.48173,4.4846
1460,4.4699,4.47319,4.47145,4.47444
1461,4.46612,4.45361,4.45447,4.45548
1462,4.46685,4.46677,4.46433,4.46769
1463,4.46716,4.46901,4.46753,4.46882
1464,4.46827,4.466,4.46468,4.46538
1465,4.46879,4.46722,4.46671,4.46728
1466,4.47019,4.47319,4.47062,4.4713
1467,4.44976,4.45006,4.45171,4.45247
1468,4.47129,4.46896,4.46919,4.47005
1469,4.46751,4.46644,4.46717,4.4661
1470,4.47395,4.47099,4.4691,4.46878
1471,4.45952,4.46024,4.45861,4.46275
1472,4.48441,4.48518,4.48796,4.48786
1473,4.47983,4.47717,4.47706,4.47738
1474,4.46063,4.46275,4.46091,4.46464
1475,4.48183,4.48222,4.48195,4.48265
1476,4.47009,4.47167,4.46962,4.46921
1477,4.46892,4.46781,4.4674,4.46757
1478,4.47215,4.47247,4.4716,4.47418
1479,4.46479,4.46332,4.46439,4.46578
1480,4.45522,4.45283,4.45395,4.45537
1481,4.46087,4.4601,4.45997,4.45856
1482,4.47202,4.47071,4.4732,4.47084
1483,4.47859,4.47358,4.47503,4.47463
1484,4.46364,4.462,4.46198,4.46168
1485,4.47518,4.47526,4.47243,4.47432
1486,4.45909,4.45929,4.45796,4.45811
1487,4.46508,4.47004,4.46776,4.46949
1488,4.47275,4.47074,4.47241,4.47244
1489,4.4616,4.45988,4.45892,4.46052
1490,4.47354,4.47499,4.47347,4.47644
1491,4.47165,4.47158,4.4702,4.46966
1492,4.46614,4.4626,4.46195,4.46206
1493,4.47832,4.47723,4.47759,4.47774
1494,4.47435,4.47302,4.47156,4.47295
1495,4.46606,4.47151,4.46939,4.47129
1496,4.46016,4.45956,4.46051,4.46129
1497,4.47236,4.47019,4.4684,4.46933
1498,4.45746,4.45875,4.45697,4.45793
1499,4.46488,4.46583,4.46458,4.46509
1500,4.4735,4.4709,4.4718,4.47337
1501,4.46248,4.46032,4.46125,4.46075
1502,4.45939,4.45776,4.45719,4.45975
1503,4.46945,4.47169,4.46927,4.46831
1504,4.47429,4.4726,4.4715,4.47275
1505,4.46284,4.46432,4.46254,4.46215
1506,4.46324,4.4628,4.45955,4.46025
1507,4.47291,4.47228,4.4714,4.47205
1508,4.47902,4.48043,4.47776,4.4797
1509,4.50171,4.48013,4.47921,4.48023
1510,4.47248,4.47179,4.47095,4.47242
1511,4.4598,4.45973,4.45936,4.45776
1512,4.46125,4.45981,4.45885,4.46027
1513,4.48531,4.47914,4.47751,4.47945
1514,4.45969,4.45731,4.45756,4.45522
1515,4.47142,4.47165,4.47281,4.47271
1516,4.4732,4.47194,4.47286,4.47293
1517,4.45917,4.45733,4.45756,4.45704
1518,4.47555,4.47295,4.47195,4.47243
1519,4.46237,4.46433,4.46444,4.46691
1520,4.4588,4.45955,4.45924,4.46087
1521,4.46758,4.46752,4.4655,4.46606
1522,4.45708,4.45695,4.45594,4.45699
1523,4.46946,4.4698,4.47204,4.4711
1524,4.47062,4.46898,4.46936,4.47144
1525,4.48396,4.47801,4.47811,4.48126
1526,4.46845,4.46904,4.46763,4.47152
1527,4.4811,4.48095,4.48138,4.47834
1528,4.46569,4.46499,4.46613,4.46755
1529,4.47813,4.47411,4.47404,4.47567
1530,4.47763,4.47716,4.47499,4.4766
1531,4.474,4.47194,4.47087,4.47275
1532,4.48747,4.48611,4.48535,4.4848
1533,4.47211,4.46933,4.46832,4.46732
1534,4.47117,4.47361,4.47104,4.47191
1535,4.47284,4.47048,4.47022,4.47145
1536,4.46259,4.46445,4.46102,4.46016
1537,4.47185,4.46797,4.46933,4.46971
1538,4.45805,4.46239,4.46059,4.46235
1539,4.46111,4.45963,4.45898,4.46358
1540,4.45864,4.45631,4.45582,4.45337
1541,4.46467,4.46421,4.46438,4.4656
1542,4.47055,4.47196,4.47057,4.47273
1543,4.46997,4.4675,4.46695,4.46616
1544,4.47072,4.46782,4.46994,4.46853
1545,4.47239,4.47205,4.46999,4.47306
1546,4.47458,4.47494,4.47468,4.47471
1547,4.47569,4.47414,4.4758,4.47676
1548,4.4672,4.46778,4.46751,4.46744
1549,4.47278,4.47021,4.46955,4.47023
1550,4.45273,4.45311,4.45211,4.45236
1551,4.46758,4.46619,4.46505,4.46633
1552,4.45971,4.46245,4.46175,4.46332
1553,4.47956,4.47676,4.47657,4.4792
1554,4.45524,4.45972,4.45914,4.46045
1555,4.47553,4.47374,4.47538,4.47627
1556,4.47982,4.47927,4.47768,4.47905
1557,4.46445,4.4672,4.4668,4.46796
1558,4.47101,4.47195,4.47133,4.47281
1559,4.47186,4.47119,4.46987,4.46933
1560,4.47293,4.47415,4.47375,4.47395
1561,4.47051,4.46856,4.46987,4.46849
1562,4.47116,4.47151,4.47147,4.47277
1563,4.47279,4.47192,4.4725,4.47345
1564,4.46175,4.46066,4.4608,4.4607
1565,4.46172,4.46297,4.46217,4.46222
1566,4.47819,4.47957,4.47622,4.47899
1567,4.46439,4.46602,4.46589,4.4648
1568,4.46709,4.46608,4.46616,4.46899
1569,4.46594,4.46508,4.46604,4.46359
1570,4.47418,4.47381,4.47225,4.4751
1571,4.48419,4.48181,4.48111,4.48369
1572,4.45884,4.45733,4.45953,4.46132
1573,4.46738,4.4662,4.46428,4.46478
1574,4.46238,4.46372,4.4626,4.46134
1575,4.46847,4.4678,4.46797,4.47068
1576,4.46032,4.45928,4.45881,4.46265
1577,4.46439,4.46562,4.46508,4.46583
1578,4.47184,4.47199,4.47162,4.47291
1579,4.47249,4.4688,4.46899,4.47142
1580,4.46219,4.46047,4.45993,4.46165
1581,4.47806,4.47454,4.47499,4.4734
1582,4.46281,4.45854,4.45823,4.45933
1583,4.47944,4.4784,4.47837,4.47866
1584,4.48028,4.47875,4.47616,4.47837
1585,4.47216,4.47252,4.47203,4.47298
1586,4.46194,4.46206,4.46183,4.46309
1587,4.46236,4.46455,4.46084,4.4625
1588,4.45848,4.45859,4.45782,4.45839
1589,4.46834,4.46859,4.46695,4.4687
1590,4.46199,4.46173,4.46227,4.48069
1591,4.46718,4.4643,4.46376,4.47956
1592,4.46362,4.46575,4.46458,4.46609
1593,4.4622,4.46113,4.46091,4.45987
1594,4.46459,4.46452,4.46313,4.46477
1595,4.47557,4.47384,4.4734,4.47231
1596,4.46061,4.4584,4.45917,4.45802
1597,4.481,4.48292,4.48027,4.48172
1598,4.46457,4.46599,4.46572,4.46367
1599,4.47174,4.47255,4.47256,4.47087
1600,4.48987,4.48925,4.48963,4.49058
1601,4.46288,4.46234,4.46171,4.46495
1602,4.46057,4.45919,4.45937,4.45856
1603,4.47387,4.47458,4.47531,4.47404
1604,4.46131,4.45999,4.46123,4.46329
1605,4.47507,4.47234,4.47213,4.49081
1606,4.46849,4.47079,4.47035,4.47003
1607,4.44838,4.44729,4.44651,4.44767
1608,4.47381,4.47303,4.47222,4.47776
1609,4.46838,4.46978,4.46807,4.46859
1610,4.47838,4.47828,4.47719,4.47723
1611,4.47007,4.47001,4.46945,4.46921
1612,4.46431,4.46486,4.46257,4.4654
1613,4.462,4.4628,4.46157,4.46031
1614,4.46523,4.46239,4.46116,4.46361
1615,4.45467,4.45603,4.45545,4.45198
1616,4.46782,4.46748,4.46653,4.47058
1617,4.46119,4.4624,4.46155,4.46207
1618,4.46033,4.4631,4.46148,4.46242
1619,4.4688,4.4672,4.46782,4.46659
1620,4.46556,4.4633,4.46395,4.49291
1621,4.48866,4.48796,4.48806,4.49099
1622,4.47907,4.48021,4.47976,4.48106
1623,4.47771,4.47608,4.47573,4.4716
1624,4.4564,4.456,4.45738,4.45483
1625,4.47638,4.4756,4.4739,4.47609
1626,4.47038,4.47252,4.46994,4.47181
1627,4.46308,4.4649,4.46387,4.46353
1628,4.45798,4.46143,4.46027,4.4608
1629,4.4829,4.48157,4.48219,4.4817
1630,4.47128,4.47041,4.46898,4.47269
1631,4.45176,4.45214,4.45229,4.45261
1632,4.46162,4.46234,4.46192,4.46242
1633,4.47812,4.47637,4.47626,4.47971
1634,4.45656,4.45761,4.45716,4.45955
1635,4.46549,4.46346,4.46384,4.46451
1636,4.47643,4.47836,4.47755,4.4774
1637,4.47266,4.47197,4.47021,4.47428
1638,4.46283,4.46306,4.46257,4.46453
1639,4.45414,4.45482,4.45305,4.45638
1640,4.46962,4.46779,4.46754,4.47224
1641,4.46716,4.46681,4.46527,4.46756
1642,4.47243,4.47636,4.47378,4.47774
1643,4.46732,4.46593,4.46467,4.46576
1644,4.45257,4.45335,4.45347,4.45477
1645,4.46288,4.46354,4.46089,4.46351
1646,4.46604,4.46578,4.4642,4.46337
1647,4.46683,4.4651,4.46201,4.46414
1648,4.47216,4.47169,4.47401,4.4758
1649,4.46327,4.46136,4.46195,4.46542
1650,4.44576,4.44765,4.44807,4.45009
1651,4.47991,4.47964,4.47817,4.47973
1652,4.46098,4.4615,4.4609,4.45783
1653,4.46212,4.46178,4.46005,4.46134
1654,4.46875,4.468,4.46734,4.46956
1655,4.46247,4.46441,4.46277,4.46136
1656,4.47928,4.47755,4.47565,4.47755
1657,4.46504,4.46638,4.46224,4.4661
1658,4.47602,4.47523,4.47332,4.47469
1659,4.47841,4.4793,4.47706,4.48097
1660,4.4687,4.4686,4.47116,4.47326
1661,4.48483,4.48373,4.4839,4.48356
1662,4.47862,4.47731,4.47611,4.47613
1663,4.47102,4.46978,4.47055,4.47177
1664,4.45852,4.45828,4.461,4.4608
1665,4.46456,4.46214,4.46422,4.46117
1666,4.47936,4.47918,4.47803,4.47902
1667,4.45537,4.45196,4.45097,4.45513
1668,4.45012,4.45034,4.44757,4.44925
1669,4.47652,4.47571,4.475,4.47629
1670,4.46811,4.46865,4.46576,4.46837
1671,4.45016,4.45043,4.449,4.44964
1672,4.46318,4.4628,4.46193,4.46272
1673,4.46962,4.47014,4.46941,4.47039
1674,4.45946,4.46,4.45998,4.46056
1675,4.46761,4.46706,4.46722,4.46758
1676,4.46547,4.46837,4.46657,4.46669
1677,4.46187,4.46145,4.46072,4.4631
1678,4.46088,4.4614,4.46141,4.4623
1679,4.47558,4.47608,4.47505,4.47678
1680,4.47818,4.47777,4.47876,4.47712
1681,4.47569,4.47416,4.47193,4.47336
1682,4.48047,4.47967,4.47973,4.47898
1683,4.47474,4.47525,4.47774,4.47295
1684,4.46703,4.46596,4.4637,4.46658
1685,4.4672,4.46992,4.47155,4.46988
1686,4.48007,4.48204,4.47919,4.47746
1687,4.45533,4.45588,4.45523,4.45841
1688,4.46998,4.46891,4.46958,4.46949
1689,4.4696,4.47003,4.46972,4.47286
1690,4.46723,4.46654,4.46793,4.46686
1691,4.46038,4.45891,4.45835,4.46003
1692,4.45862,4.45807,4.45744,4.45637
1693,4.46107,4.4625,4.46154,4.46297
1694,4.46359,4.4634,4.46321,4.46546
1695,4.46318,4.46475,4.46285,4.46514
1696,4.46673,4.46575,4.46622,4.46744
1697,4.45444,4.45392,4.45562,4.45733
1698,4.47689,4.47608,4.476,4.47282
1699,4.48259,4.48274,4.48403,4.4807
1700,4.45704,4.46026,4.45657,4.45904
1701,4.47327,4.47157,4.47042,4.47369
1702,4.45919,4.47359,4.46166,4.45844
1703,4.47702,4.47728,4.47481,4.47755
1704,4.45996,4.4598,4.46024,4.45983
1705,4.47532,4.47579,4.4743,4.47002
1706,4.48136,4.4813,4.47984,4.48342
1707,4.47072,4.47185,4.47125,4.4724
1708,4.46507,4.46335,4.46258,4.46183
1709,4.4515,4.45038,4.45227,4.45354
1710,4.45777,4.45727,4.45755,4.4547
1711,4.47941,4.4792,4.47612,4.47796
1712,4.46236,4.46292,4.46211,4.46774
1713,4.4552,4.45285,4.45195,4.45334
1714,4.46273,4.46112,4.46002,4.46111
1715,4.46496,4.46665,4.46566,4.46544
1716,4.45719,4.45527,4.45423,4.45484
1717,4.47027,4.49047,4.47104,4.47049
1718,4.46547,4.46649,4.47146,4.47302
1719,4.46767,4.46683,4.4669,4.4689
1720,4.46591,4.46548,4.46596,4.46378
1721,4.48064,4.47926,4.48115,4.47935
1722,4.47275,4.49466,4.47369,4.47447
1723,4.47679,4.49447,4.47437,4.48352
1724,4.44885,4.47248,4.44973,4.4454
1725,4.46205,4.49439,4.45971,4.46433
1726,4.46981,4.47041,4.46971,4.47051
1727,4.48028,4.48046,4.47804,4.47866
1728,4.4539,4.52284,4.45135,4.44596
1729,4.46445,4.4845,4.46425,4.46412
1730,4.47888,4.47911,4.47582,4.4815
1731,4.46424,4.4671,4.46397,4.46396
1732,4.46889,4.46781,4.46547,4.46501
1733,4.4693,4.48569,4.47033,4.48475
1734,4.48106,4.48265,4.47899,4.47953
1735,4.48129,4.50624,4.47993,4.48124
1736,4.45753,4.46018,4.45732,4.45675
1737,4.46666,4.46549,4.46533,4.46407
1738,4.47043,4.47309,4.46859,4.47083
1739,4.46236,4.46443,4.46258,4.46004
1740,4.4672,4.46712,4.466,4.47607
1741,4.46782,4.46801,4.46846,4.46966
1742,4.45792,4.45904,4.45696,4.46141
1743,4.4763,4.47726,4.47425,4.47424
1744,4.47286,4.47272,4.47308,4.46989
1745,4.46389,4.46348,4.46387,4.46457
1746,4.47317,4.47276,4.46935,4.47239
1747,4.47535,4.47309,4.47502,4.47476
1748,4.4646,4.46984,4.46285,4.46526
1749,4.45748,4.45784,4.4595,4.45804
1750,4.45669,4.45883,4.45687,4.46276
1751,4.48885,4.4896,4.49087,4.48609
1752,4.47319,4.47635,4.47115,4.47206
1753,4.46965,4.47429,4.46906,4.47207
1754,4.48216,4.47868,4.48046,4.48592
1755,4.45835,4.45851,4.45863,4.46012
1756,4.47712,4.47613,4.47684,4.48332
1757,4.48025,4.48089,4.47703,4.48419
1758,4.46296,4.45919,4.46086,4.46252
1759,4.46004,4.46257,4.4614,4.45959
1760,4.46509,4.46562,4.46328,4.46099
1761,4.46291,4.46523,4.45957,4.46746
1762,4.47953,4.48118,4.48028,4.48225
1763,4.46759,4.46909,4.46958,4.4631
1764,4.45808,4.46084,4.45771,4.45436
1765,4.45783,4.46048,4.45836,4.46103
1766,4.47488,4.47426,4.47381,4.47882
1767,4.4684,4.4694,4.46748,4.47032
1768,4.45452,4.45373,4.45384,4.45563
1769,4.45528,4.4596,4.45686,4.46161
1770,4.46645,4.46475,4.46615,4.46803
1771,4.4631,4.46268,4.46368,4.46444
1772,4.45876,4.45987,4.45803,4.46041
1773,4.4729,4.47299,4.46941,4.47181
1774,4.47378,4.47108,4.47133,4.47502
1775,4.4663,4.46563,4.46484,4.46068
1776,4.46878,4.46994,4.46517,4.46501
1777,4.46707,4.46844,4.46432,4.46661
1778,4.47897,4.47961,4.47498,4.47904
1779,4.45708,4.45822,4.45842,4.46111
1780,4.46962,4.46957,4.469,4.46893
1781,4.47004,4.46511,4.46486,4.47179
1782,4.46822,4.46499,4.46409,4.46455
1783,4.47134,4.46868,4.46918,4.47328
1784,4.45746,4.45975,4.45733,4.45986
1785,4.47349,4.47227,4.4698,4.47489
1786,4.4681,4.47092,4.46511,4.46951
1787,4.46741,4.46668,4.4651,4.46868
1788,4.47514,4.47647,4.47103,4.47719
1789,4.46172,4.46471,4.46007,4.46034
1790,4.45745,4.45853,4.45914,4.45792
1791,4.4716,4.47238,4.46911,4.48908
1792,4.47197,4.47175,4.46832,4.46926
1793,4.47185,4.47379,4.47413,4.47304
1794,4.46947,4.46976,4.46564,4.46592
1795,4.4618,4.45756,4.45397,4.4538
1796,4.4553,4.45354,4.45588,4.45162
1797,4.47429,4.47585,4.47374,4.47855
1798,4.46214,4.46051,4.46193,4.46118
1799,4.45846,4.45756,4.45588,4.45394
1800,4.47149,4.47352,4.4712,4.47534
1801,4.46759,4.46804,4.46379,4.47389
1802,4.45844,4.45834,4.45763,4.46496
1803,4.46319,4.4673,4.46354,4.46782
1804,4.47452,4.47716,4.46917,4.47803
1805,4.45439,4.45328,4.45474,4.4535
1806,4.47458,4.47813,4.4727,4.47307
1807,4.48608,4.48658,4.48404,4.48726
1808,4.46701,4.46176,4.46404,4.46498
1809,4.48243,4.48232,4.47825,4.47915
1810,4.48859,4.48937,4.48808,4.4895
1811,4.47466,4.4775,4.47298,4.4744
1812,4.46624,4.46522,4.45844,4.46294
1813,4.46687,4.46961,4.46886,4.46969
1814,4.46451,4.45964,4.46325,4.46617
1815,4.47736,4.47356,4.47396,4.47104
1816,4.47876,4.47623,4.47505,4.47633
1817,4.46344,4.46218,4.46592,4.46101
1818,4.46859,4.46867,4.46887,4.47078
1819,4.46231,4.4641,4.45813,4.46265
1820,4.46599,4.46214,4.46293,4.46686
1821,4.46298,4.45933,4.46186,4.46259
1822,4.46969,4.46759,4.46846,4.47292
1823,4.4704,4.47185,4.46689,4.46995
1824,4.47168,4.48015,4.47348,4.47786
1825,4.46245,4.46412,4.46489,4.46076
1826,4.46589,4.46784,4.46524,4.46613
1827,4.45385,4.45148,4.45023,4.45507
1828,4.47017,4.46888,4.46618,4.47097
1829,4.46728,4.46552,4.46551,4.46576
1830,4.45761,4.45661,4.45325,4.45819
1831,4.46591,4.46477,4.466,4.46316
1832,4.4684,4.47113,4.4663,4.46961
1833,4.46784,4.46986,4.46661,4.46863
1834,4.47242,4.47672,4.47526,4.47344
1835,4.45613,4.4573,4.45384,4.45877
1836,4.47296,4.47189,4.47571,4.47226
1837,4.45898,4.46109,4.45207,4.46114
1838,4.45749,4.46074,4.45852,4.45864
1839,4.47648,4.47819,4.47447,4.47844
1840,4.47277,4.47778,4.47299,4.47452
1841,4.47165,4.47301,4.46979,4.47412
1842,4.47361,4.47305,4.47364,4.47384
1843,4.46314,4.46301,4.46232,4.46543
1844,4.47212,4.47262,4.47256,4.47105
1845,4.47176,4.47279,4.46472,4.47162
1846,4.47137,4.47225,4.46685,4.47319
1847,4.46977,4.47034,4.46701,4.47032
1848,4.46336,4.46255,4.4666,4.46507
1849,4.48121,4.47948,4.48842,4.47957
1850,4.46276,4.46097,4.46435,4.46534
1851,4.48608,4.48578,4.48641,4.48617
1852,4.46402,4.46653,4.46081,4.46634
1853,4.47133,4.46756,4.46535,4.4685
1854,4.46391,4.45989,4.46019,4.45861
1855,4.48309,4.48421,4.47651,4.48171
1856,4.47014,4.47201,4.46284,4.46916
1857,4.46614,4.46436,4.46191,4.46591
1858,4.47313,4.47233,4.47019,4.47206
1859,4.45871,4.46183,4.46191,4.46012
1860,4.46135,4.46039,4.48355,4.46234
1861,4.47615,4.47644,4.47457,4.47872
1862,4.463,4.46455,4.46865,4.46338
1863,4.45944,4.45952,4.45851,4.46243
1864,4.46067,4.46061,4.47302,4.46174
1865,4.47243,4.4733,4.50663,4.47438
1866,4.48063,4.47778,4.47634,4.48035
1867,4.46971,4.47023,4.4701,4.47243
1868,4.46216,4.46267,4.49689,4.46142
1869,4.48257,4.48136,4.4805,4.48183
1870,4.46179,4.46365,4.4617,4.46204
1871,4.45754,4.45921,4.45715,4.45883
1872,4.45899,4.45859,4.45769,4.45908
1873,4.47042,4.47126,4.47191,4.4701
1874,4.46044,4.46131,4.46715,4.46001
1875,4.47653,4.47713,4.47529,4.47741
1876,4.45954,4.4591,4.45704,4.46008
1877,4.4823,4.48355,4.48071,4.4852
1878,4.46772,4.46941,4.46549,4.47028
1879,4.45364,4.45405,4.4617,4.45451
1880,4.47098,4.47167,4.47436,4.47026
1881,4.46889,4.46781,4.46097,4.46771
1882,4.47244,4.47384,4.47133,4.47177
1883,4.45868,4.46036,4.46057,4.4616
1884,4.46194,4.46056,4.46076,4.45808
1885,4.47733,4.47581,4.47575,4.47706
1886,4.46437,4.46313,4.45966,4.46349
1887,4.45673,4.45564,4.45373,4.45677
1888,4.46571,4.46441,4.46612,4.46499
1889,4.46069,4.45927,4.45651,4.45804
1890,4.48033,4.48012,4.47667,4.47868
1891,4.46099,4.46098,4.45796,4.46054
1892,4.47271,4.47329,4.4727,4.47381
1893,4.46879,4.47027,4.46905,4.47058
1894,4.47494,4.47229,4.47201,4.47334
1895,4.47283,4.47302,4.47016,4.4754
1896,4.47387,4.47381,4.47314,4.47288
1897,4.4565,4.45728,4.45247,4.45669
1898,4.47657,4.47555,4.46911,4.47407
1899,4.46327,4.46207,4.46265,4.46102
1900,4.46864,4.46896,4.46685,4.47031
1901,4.45027,4.45382,4.44829,4.45049
1902,4.47156,4.47083,4.47181,4.47119
1903,4.46172,4.46065,4.46181,4.46059
1904,4.47299,4.47304,4.46219,4.47338
1905,4.45525,4.45356,4.45079,4.45364
1906,4.4681,4.46795,4.47292,4.46684
1907,4.47016,4.47215,4.4724,4.473
1908,4.45872,4.46109,4.46444,4.45861
1909,4.44387,4.44511,4.44952,4.44469
1910,4.46941,4.46796,4.47319,4.46931
1911,4.46813,4.46916,4.46627,4.46908
1912,4.46966,4.46996,4.47713,4.46957
1913,4.48323,4.4829,4.47819,4.48449
1914,4.46096,4.46079,4.45953,4.46014
1915,4.4663,4.46707,4.464,4.46911
1916,4.46887,4.46813,4.46329,4.4693
1917,4.46819,4.46672,4.46868,4.46806
1918,4.45894,4.45987,4.46858,4.45936
1919,4.46201,4.46205,4.45627,4.45976
1920,4.47213,4.47255,4.46382,4.47202
1921,4.47208,4.47057,4.468,4.47132
1922,4.46272,4.46398,4.45856,4.46271
1923,4.46688,4.46886,4.46316,4.46615
1924,4.46097,4.46416,4.45639,4.46382
1925,4.46641,4.46615,4.4584,4.46422
1926,4.48123,4.4831,4.47972,4.48169
1927,4.48133,4.48188,4.47371,4.48208
1928,4.47547,4.47628,4.47615,4.47777
1929,4.46472,4.46345,4.4657,4.46269
1930,4.46709,4.46584,4.46475,4.46436
1931,4.47875,4.48032,4.47737,4.47934
1932,4.47292,4.47347,4.47122,4.47522
1933,4.45972,4.46159,4.45596,4.46056
1934,4.47413,4.47335,4.47104,4.47415
1935,4.4697,4.47248,4.47108,4.46915
1936,4.46069,4.46022,4.45645,4.46
1937,4.46396,4.46575,4.4694,4.4682
1938,4.46876,4.46811,4.46619,4.47014
1939,4.44998,4.44985,4.44423,4.45015
1940,4.4676,4.47242,4.46288,4.47179
1941,4.45449,4.45469,4.45407,4.4552
1942,4.46842,4.46679,4.46244,4.46706
1943,4.45562,4.45572,4.46428,4.45414
1944,4.47787,4.47935,4.48204,4.48023
1945,4.45832,4.4575,4.46003,4.45683
1946,4.47291,4.4743,4.46815,4.47421
1947,4.46766,4.46694,4.4725,4.46519
1948,4.45797,4.45418,4.45897,4.46058
1949,4.46527,4.46682,4.46553,4.46593
1950,4.48636,4.48506,4.48094,4.49014
1951,4.46117,4.46079,4.4629,4.4596
1952,4.47466,4.474,4.47511,4.47516
1953,4.46329,4.46372,4.46356,4.46301
1954,4.45943,4.46135,4.45859,4.4615
1955,4.46516,4.46726,4.46634,4.46598
1956,4.47047,4.4692,4.47179,4.46819
1957,4.46501,4.46499,4.46145,4.46511
1958,4.47396,4.47486,4.47727,4.47467
1959,4.4551,4.45566,4.45644,4.45397
1960,4.47087,4.47107,4.46882,4.4702
1961,4.46797,4.46972,4.46685,4.46732
1962,4.44479,4.44691,4.44683,4.44648
1963,4.46153,4.46133,4.46738,4.46056
1964,4.46486,4.46517,4.46324,4.46365
1965,4.47652,4.47782,4.47692,4.47951
1966,4.46328,4.46309,4.4796,4.46062
1967,4.48151,4.47978,4.47978,4.48132
1968,4.46721,4.46605,4.46935,4.4675
1969,4.46779,4.46451,4.46415,4.46629
1970,4.46793,4.46604,4.46687,4.46856
1971,4.4537,4.45475,4.45247,4.45396
1972,4.47406,4.47509,4.471,4.47638
1973,4.47514,4.47259,4.47362,4.4735
1974,4.47311,4.47425,4.4729,4.47549
1975,4.46101,4.4607,4.46279,4.46187
1976,4.47182,4.47246,4.47104,4.47314
1977,4.47741,4.47822,4.47328,4.47793
1978,4.46978,4.47113,4.46856,4.47149
1979,4.46149,4.4579,4.46099,4.46073
1980,4.46932,4.46876,4.46706,4.46786
1981,4.47164,4.46951,4.46897,4.47299
1982,4.46488,4.46445,4.46282,4.46526
1983,4.47339,4.47548,4.47146,4.47476
1984,4.45429,4.45812,4.4551,4.45612
1985,4.46364,4.4655,4.46313,4.46231
1986,4.46479,4.46649,4.46425,4.4651
1987,4.46294,4.46369,4.46568,4.4637
1988,4.46804,4.46816,4.46544,4.46798
1989,4.46523,4.46559,4.46487,4.46422
1990,4.45927,4.45994,4.45968,4.45961
1991,4.47241,4.47024,4.47118,4.47229
1992,4.47821,4.47805,4.47668,4.47798
1993,4.47716,4.47631,4.4746,4.47668
1994,4.46655,4.46713,4.4648,4.46728
1995,4.47223,4.47037,4.47001,4.47331
1996,4.48415,4.48349,4.48153,4.48504
1997,4.45704,4.45661,4.45697,4.45709
1998,4.45634,4.4558,4.4558,4.4571
1999,4.47119,4.47482,4.46636,4.47246
2000,4.46932,4.46905,4.46863,4.4701
2001,4.47995,4.47991,4.47748,4.48026
2002,4.47374,4.47344,4.47338,4.4736
2003,4.46015,4.46155,4.45778,4.46088
2004,4.47896,4.47921,4.47587,4.47904
2005,4.466,4.46714,4.46693,4.46658
2006,4.4677,4.4684,4.46778,4.46754
2007,4.4738,4.4728,4.47204,4.47263
2008,4.47256,4.47297,4.47244,4.47175
2009,4.46208,4.46168,4.45742,4.46196
2010,4.46945,4.46998,4.46756,4.46918
2011,4.46993,4.46797,4.46778,4.4702
2012,4.46072,4.45902,4.454,4.45954
2013,4.46497,4.46497,4.46421,4.46461
2014,4.45659,4.45842,4.45621,4.457
2015,4.47109,4.472,4.47291,4.46938
2016,4.47934,4.47682,4.47437,4.47681
2017,4.47773,4.47629,4.47395,4.47591
2018,4.45272,4.45435,4.45176,4.45318
2019,4.46722,4.46701,4.46569,4.46554
2020,4.45833,4.45669,4.45612,4.45816
2021,4.46269,4.46356,4.45837,4.46416
2022,4.46404,4.46496,4.46626,4.46404
2023,4.47411,4.47277,4.47625,4.47188
2024,4.45969,4.45912,4.46482,4.46108
2025,4.4888,4.48741,4.47941,4.48909
2026,4.48527,4.4861,4.4844,4.48782
2027,4.46874,4.46896,4.46276,4.46807
2028,4.4755,4.47365,4.47538,4.47747
2029,4.46597,4.46732,4.45714,4.46708
2030,4.46593,4.46827,4.46704,4.46728
2031,4.46956,4.47177,4.46782,4.47044
2032,4.45863,4.4568,4.45038,4.45693
2033,4.46413,4.46266,4.45317,4.46084
2034,4.45595,4.45643,4.45323,4.45616
2035,4.45644,4.4578,4.45598,4.45861
2036,4.46312,4.46321,4.45637,4.46483
2037,4.47515,4.47386,4.47408,4.47495
2038,4.45789,4.45962,4.45273,4.46083
2039,4.47077,4.47035,4.45855,4.46701
2040,4.46706,4.46636,4.4701,4.46433
2041,4.46304,4.46173,4.45878,4.46208
2042,4.48605,4.48653,4.4834,4.48667
2043,4.4623,4.4614,4.46654,4.46159
2044,4.46438,4.4644,4.45687,4.46217
2045,4.46425,4.46182,4.46589,4.48254
2046,4.47016,4.47118,4.47243,4.47206
2047,4.47684,4.47834,4.48311,4.47894
2048,4.46188,4.46217,4.45702,4.46121
2049,4.46511,4.46379,4.46236,4.4617
2050,4.45389,4.45145,4.44819,4.45499
2051,4.46131,4.45897,4.45777,4.45975
2052,4.45976,4.45858,4.46644,4.45737
2053,4.46112,4.46012,4.45568,4.45945
2054,4.47391,4.47132,4.47087,4.47497
2055,4.48056,4.4802,4.48366,4.48123
2056,4.46928,4.47132,4.4654,4.47098
2057,4.46157,4.461,4.46087,4.46017
2058,4.47415,4.4744,4.47577,4.47527
2059,4.46331,4.46287,4.46254,4.46149
2060,4.46073,4.46072,4.45575,4.46139
2061,4.46434,4.46414,4.46568,4.46324
2062,4.46915,4.46885,4.46919,4.47125
2063,4.47152,4.47116,4.46517,4.46953
2064,4.47488,4.47437,4.47538,4.47293
2065,4.4733,4.47279,4.47072,4.47078
2066,4.47284,4.47218,4.46498,4.47245
2067,4.46531,4.4655,4.46407,4.46617
2068,4.46799,4.47068,4.46602,4.46936
2069,4.45654,4.4578,4.45275,4.45898
2070,4.46034,4.46155,4.45817,4.46296
2071,4.46707,4.46531,4.4641,4.48877
2072,4.45696,4.45472,4.45368,4.45264
2073,4.45434,4.4544,4.4496,4.45678
2074,4.46802,4.46769,4.45783,4.46766
2075,4.46236,4.46342,4.45558,4.46239
2076,4.47437,4.47465,4.47129,4.47742
2077,4.46894,4.47071,4.465,4.47052
2078,4.46533,4.46526,4.46467,4.47567
2079,4.46949,4.4701,4.46006,4.47069
2080,4.47488,4.4739,4.46675,4.47183
2081,4.47426,4.47412,4.48387,4.47351
2082,4.46497,4.46594,4.45712,4.46189
2083,4.4694,4.47084,4.46542,4.46947
2084,4.47702,4.47391,4.47356,4.47476
2085,4.45812,4.45946,4.45045,4.45624
2086,4.45757,4.45587,4.45464,4.45871
2087,4.45711,4.45783,4.45653,4.45651
2088,4.47611,4.47772,4.473,4.47658
2089,4.45941,4.45995,4.46045,4.45971
2090,4.46387,4.46622,4.46813,4.46661
2091,4.47102,4.47156,4.46626,4.47213
2092,4.45831,4.45896,4.45233,4.45934
2093,4.46726,4.46707,4.46335,4.46627
2094,4.46161,4.45877,4.45708,4.46253
2095,4.47756,4.47607,4.4714,4.47535
2096,4.46174,4.46042,4.46289,4.4637
2097,4.47913,4.47977,4.47506,4.48055
2098,4.47591,4.47645,4.47278,4.4732
2099,4.46655,4.46594,4.45802,4.46531
2100,4.47427,4.47299,4.47416,4.47082
2101,4.46322,4.46322,4.46344,4.46359
2102,4.46175,4.46156,4.4599,4.46227
2103,4.47431,4.47499,4.46932,4.4759
2104,4.47162,4.47254,4.46405,4.4723
2105,4.47448,4.47481,4.4774,4.47489
2106,4.46004,4.45878,4.45706,4.45889
2107,4.47598,4.47512,4.46751,4.47539
2108,4.48329,4.48171,4.48178,4.48512
2109,4.453,4.45272,4.44543,4.44996
2110,4.47195,4.4717,4.46591,4.47343
2111,4.47181,4.4725,4.46978,4.47159
2112,4.47164,4.47178,4.47008,4.47073
2113,4.46555,4.46525,4.45515,4.46228
2114,4.47179,4.47007,4.4599,4.47067
2115,4.47093,4.47336,4.47675,4.4711
2116,4.46977,4.4684,4.46972,4.4736
2117,4.4649,4.4669,4.46757,4.46212
2118,4.46732,4.46721,4.46665,4.46393
2119,4.46172,4.45993,4.45818,4.46092
2120,4.46286,4.4621,4.45431,4.46302
2121,4.47503,4.47599,4.47085,4.47335
2122,4.46632,4.46574,4.46708,4.46633
2123,4.46032,4.46281,4.46852,4.46018
2124,4.46659,4.46756,4.4646,4.46646
2125,4.46368,4.46385,4.45627,4.46469
2126,4.47809,4.47791,4.47502,4.47727
2127,4.47793,4.47695,4.47409,4.47888
2128,4.46776,4.4676,4.46277,4.46691
2129,4.45944,4.45873,4.4547,4.45334
2130,4.46621,4.4651,4.46475,4.46655
2131,4.46447,4.46438,4.45791,4.46339
2132,4.46871,4.4684,4.45935,4.47386
2133,4.47558,4.47747,4.47309,4.47677
2134,4.47661,4.47775,4.46652,4.47732
2135,4.44797,4.44787,4.44373,4.44693
2136,4.47346,4.47336,4.46204,4.46935
2137,4.45418,4.45229,4.45713,4.45449
2138,4.47495,4.47345,4.46719,4.46826
2139,4.46462,4.46106,4.46391,4.46407
2140,4.47164,4.47167,4.46912,4.46772
2141,4.47536,4.47531,4.47042,4.47391
2142,4.47582,4.47689,4.47507,4.47202
2143,4.46561,4.46525,4.45612,4.46437
2144,4.46627,4.46626,4.45798,4.46772
2145,4.47163,4.46932,4.46323,4.47379
2146,4.47114,4.47094,4.46385,4.47305
2147,4.46633,4.46503,4.46101,4.46787
2148,4.46856,4.46879,4.45973,4.46309
2149,4.47429,4.47263,4.47867,4.47666
2150,4.4679,4.47004,4.4695,4.47026
2151,4.46745,4.46823,4.46931,4.46298
2152,4.46613,4.46568,4.46257,4.46623
2153,4.48045,4.4779,4.47373,4.47644
2154,4.46216,4.4641,4.45646,4.46486
2155,4.46912,4.4684,4.46401,4.4654
2156,4.46691,4.46733,4.46564,4.46236
2157,4.45945,4.46065,4.46187,4.46372
2158,4.47205,4.47395,4.4702,4.47198
2159,4.47667,4.47579,4.47204,4.47399
2160,4.46087,4.45966,4.4559,4.46088
2161,4.46818,4.46785,4.4681,4.46541
2162,4.45979,4.4583,4.45622,4.4578
2163,4.47385,4.47513,4.46846,4.48156
2164,4.45701,4.45628,4.45767,4.45912
2165,4.45222,4.45424,4.4542,4.45383
2166,4.46604,4.46749,4.46459,4.46634
2167,4.45764,4.45871,4.45179,4.46118
2168,4.45504,4.45513,4.4517,4.45472
2169,4.46984,4.47213,4.47177,4.47216
2170,4.47276,4.47067,4.46926,4.47208
2171,4.44933,4.44985,4.44663,4.44573
2172,4.47002,4.47042,4.4653,4.47433
2173,4.45299,4.45425,4.44769,4.45012
2174,4.4808,4.47787,4.47324,4.484
2175,4.46623,4.46639,4.46501,4.46082
2176,4.45127,4.45081,4.4458,4.45257
2177,4.46516,4.46449,4.45508,4.46233
2178,4.49009,4.48805,4.48501,4.49125
2179,4.46337,4.46043,4.45702,4.46735
2180,4.46728,4.46524,4.4565,4.46729
2181,4.46893,4.46835,4.46171,4.46568
2182,4.46434,4.46304,4.47057,4.4674
2183,4.46264,4.45927,4.46033,4.45944
2184,4.47215,4.47274,4.46419,4.47506
2185,4.46773,4.46702,4.46071,4.46951
2186,4.45638,4.45667,4.44701,4.45736
2187,4.46842,4.46797,4.46303,4.46528
2188,4.46577,4.46471,4.45649,4.46384
2189,4.47239,4.47194,4.46898,4.47142
2190,4.48697,4.48521,4.48858,4.48263
2191,4.47945,4.47761,4.47789,4.47393
2192,4.47717,4.47618,4.47189,4.47304
2193,4.46424,4.46454,4.45824,4.46301
2194,4.459,4.45919,4.46802,4.45794
2195,4.47632,4.47458,4.47234,4.47745
2196,4.47018,4.47114,4.46348,4.46757
2197,4.46016,4.46056,4.45443,4.45675
2198,4.46699,4.46877,4.46533,4.46846
2199,4.47901,4.47834,4.47607,4.48336
2200,4.47516,4.47575,4.47113,4.47611
2201,4.4591,4.45783,4.45665,4.45979
2202,4.46761,4.46748,4.46512,4.4656
2203,4.466,4.46701,4.46406,4.46852
2204,4.47139,4.47179,4.46608,4.46623
2205,4.46146,4.45984,4.45458,4.46378
2206,4.46323,4.46628,4.46819,4.47241
2207,4.47376,4.47486,4.47341,4.47033
2208,4.45599,4.45701,4.4493,4.45815
2209,4.47569,4.47654,4.47379,4.47703
2210,4.46922,4.46861,4.45953,4.47153
2211,4.47317,4.47289,4.4663,4.47027
2212,4.46655,4.46682,4.45934,4.46386
2213,4.45963,4.46098,4.45552,4.4603
2214,4.46544,4.46377,4.45576,4.46554
2215,4.46125,4.46017,4.46143,4.45919
2216,4.4656,4.46371,4.46346,4.46523
2217,4.46869,4.47093,4.46727,4.46961
2218,4.46302,4.46389,4.45973,4.4643
2219,4.47589,4.47801,4.47433,4.47826
2220,4.46449,4.4651,4.45895,4.47186
2221,4.45401,4.45361,4.44989,4.45394
2222,4.46938,4.47122,4.46651,4.46857
2223,4.46621,4.46702,4.46166,4.46509
2224,4.47492,4.47393,4.46182,4.47208
2225,4.46455,4.46471,4.45982,4.46029
2226,4.46046,4.45923,4.4605,4.45587
2227,4.46599,4.46587,4.45992,4.46657
2228,4.48079,4.48219,4.47788,4.48232
2229,4.45318,4.45286,4.44969,4.45151
2230,4.47478,4.47617,4.4694,4.47402
2231,4.46704,4.46732,4.46504,4.46743
2232,4.46611,4.46658,4.45257,4.46213
2233,4.46454,4.46436,4.46283,4.45929
2234,4.46951,4.46974,4.46473,4.47166
2235,4.46393,4.46515,4.46443,4.46394
2236,4.47306,4.47437,4.46447,4.47131
2237,4.46866,4.46839,4.45732,4.465
2238,4.45737,4.45655,4.4546,4.45565
2239,4.47478,4.47221,4.47102,4.47122
2240,4.46091,4.45953,4.46031,4.45596
2241,4.47151,4.47024,4.46224,4.4687
2242,4.47667,4.47771,4.4754,4.48308
2243,4.47245,4.47093,4.47088,4.48008
2244,4.45922,4.45927,4.45172,4.45809
2245,4.46545,4.46512,4.45921,4.46203
2246,4.45873,4.45942,4.44958,4.45835
2247,4.46593,4.46641,4.46385,4.46639
2248,4.46118,4.46063,4.45726,4.4612
2249,4.45728,4.45792,4.4515,4.4539
2250,4.46788,4.46938,4.46685,4.46725
2251,4.47013,4.46805,4.46734,4.46919
2252,4.46018,4.4597,4.45909,4.46159
2253,4.47122,4.47161,4.46581,4.46605
2254,4.4608,4.45985,4.46501,4.45803
2255,4.46346,4.46385,4.45415,4.46478
2256,4.46571,4.4666,4.4571,4.46879
2257,4.46998,4.47037,4.46525,4.46682
2258,4.45815,4.45849,4.45813,4.45896
2259,4.46799,4.46797,4.45919,4.46969
2260,4.45881,4.45827,4.4586,4.45246
2261,4.48277,4.48124,4.47784,4.48188
2262,4.46379,4.46289,4.45831,4.46241
2263,4.48542,4.48496,4.48196,4.48867
2264,4.45826,4.45584,4.45075,4.45653
2265,4.47748,4.47668,4.48038,4.47806
2266,4.46796,4.46761,4.46231,4.46952
2267,4.46628,4.46665,4.46724,4.46789
2268,4.47367,4.47433,4.46981,4.47501
2269,4.47263,4.47245,4.47489,4.47212
2270,4.45254,4.45303,4.44665,4.44924
2271,4.46996,4.46949,4.46052,4.46526
2272,4.47368,4.47426,4.4688,4.46994
2273,4.47498,4.47284,4.46637,4.47499
2274,4.46685,4.4663,4.46186,4.46559
2275,4.46978,4.47051,4.46832,4.47155
2276,4.47151,4.4705,4.46474,4.47543
2277,4.46234,4.4602,4.45074,4.45984
2278,4.45669,4.45721,4.44777,4.45384
2279,4.46421,4.46331,4.46417,4.46765
2280,4.46975,4.46856,4.46733,4.46805
2281,4.46341,4.46368,4.46394,4.46263
2282,4.4668,4.4666,4.46496,4.46485
2283,4.47019,4.47022,4.46673,4.47036
2284,4.47965,4.48068,4.47465,4.48039
2285,4.4657,4.46619,4.46269,4.46005
2286,4.46699,4.46761,4.46592,4.4677
2287,4.46766,4.46913,4.46795,4.46622
2288,4.45976,4.46087,4.45614,4.46524
2289,4.47531,4.47566,4.46993,4.47167
2290,4.46106,4.45905,4.45793,4.45292
2291,4.47884,4.47945,4.47086,4.47768
2292,4.47143,4.46993,4.46512,4.47583
2293,4.46069,4.46088,4.4523,4.45687
2294,4.47363,4.47318,4.47092,4.4727
2295,4.48325,4.48164,4.483,4.47813
2296,4.4711,4.4707,4.46479,4.46913
2297,4.46463,4.46569,4.46522,4.46298
2298,4.46029,4.46148,4.45174,4.45264
2299,4.45808,4.45807,4.45793,4.45606
2300,4.46588,4.465,4.46337,4.4602
2301,4.47516,4.47502,4.47173,4.46991
2302,4.4547,4.45388,4.45071,4.45375
2303,4.46716,4.46477,4.46255,4.46698
2304,4.46578,4.46699,4.45791,4.47001
2305,4.46472,4.46539,4.46038,4.46482
2306,4.47435,4.47458,4.46813,4.47141
2307,4.45612,4.4556,4.4521,4.45222
2308,4.46514,4.46419,4.46017,4.45891
2309,4.47847,4.47884,4.47602,4.47469
2310,4.46183,4.46175,4.45699,4.46078
2311,4.47422,4.47432,4.46714,4.47346
2312,4.45265,4.45188,4.44556,4.44915
2313,4.46551,4.46554,4.46114,4.46617
2314,4.4729,4.47395,4.46598,4.47311
2315,4.48457,4.48535,4.47488,4.48593
2316,4.46793,4.46835,4.46849,4.46359
2317,4.47554,4.47577,4.47621,4.47851
2318,4.46756,4.46731,4.46565,4.46123
2319,4.46891,4.47019,4.45452,4.47616
2320,4.4706,4.46984,4.46897,4.46746
2321,4.46616,4.46542,4.46678,4.46153
2322,4.47038,4.47013,4.46838,4.47
2323,4.45791,4.45915,4.45033,4.46197
2324,4.46915,4.46758,4.46054,4.47325
2325,4.48243,4.48286,4.46877,4.48261
2326,4.46292,4.46473,4.45698,4.46037
2327,4.4616,4.4599,4.46037,4.46126
2328,4.46254,4.46177,4.45566,4.46138
2329,4.45792,4.45674,4.46187,4.45456
2330,4.46851,4.46775,4.45901,4.46623
2331,4.4697,4.47141,4.46746,4.46537
2332,4.46537,4.46445,4.45409,4.4659
2333,4.46672,4.46577,4.46403,4.46364
2334,4.47171,4.47123,4.46692,4.47293
2335,4.4869,4.48554,4.47869,4.48168
2336,4.4605,4.46064,4.45372,4.46116
2337,4.46219,4.46262,4.45269,4.4583
2338,4.45414,4.4544,4.44547,4.45927
2339,4.46784,4.46889,4.4723,4.46613
2340,4.46859,4.46992,4.46875,4.4731
2341,4.46658,4.46585,4.45693,4.46695
2342,4.46003,4.46059,4.45831,4.45546
2343,4.46909,4.46956,4.46028,4.46791
2344,4.46526,4.46412,4.46179,4.4685
2345,4.47237,4.47112,4.46038,4.46872
2346,4.46642,4.46591,4.45888,4.46963
2347,4.46248,4.46313,4.4637,4.46449
2348,4.46733,4.46744,4.46658,4.46734
2349,4.45858,4.4584,4.44771,4.45884
2350,4.46566,4.46653,4.45843,4.46137
2351,4.47711,4.47766,4.47171,4.47793
2352,4.4636,4.46316,4.45804,4.46279
2353,4.47146,4.47266,4.47004,4.47011
2354,4.46384,4.46374,4.46808,4.46384
2355,4.46658,4.46714,4.46551,4.46663
2356,4.45617,4.45563,4.44909,4.45409
2357,4.46668,4.46697,4.46343,4.46722
2358,4.45533,4.4553,4.44906,4.45792
2359,4.46901,4.47012,4.46176,4.46893
2360,4.47078,4.4709,4.47041,4.46779
2361,4.48752,4.48663,4.48058,4.48545
2362,4.47666,4.4761,4.47386,4.47493
2363,4.45844,4.45785,4.4572,4.45814
2364,4.47033,4.47097,4.46554,4.46752
2365,4.46331,4.46322,4.46037,4.46135
2366,4.46693,4.46573,4.46015,4.4679
2367,4.46046,4.46134,4.4538,4.46286
2368,4.46662,4.46712,4.46608,4.46342
2369,4.47006,4.46974,4.4667,4.46674
2370,4.46615,4.46529,4.46111,4.46197
2371,4.47637,4.47682,4.47214,4.47674
2372,4.47395,4.47221,4.46734,4.47362
2373,4.45755,4.45876,4.45164,4.45601
2374,4.46654,4.4663,4.46168,4.46209
2375,4.46279,4.46178,4.45604,4.46187
2376,4.46864,4.46941,4.46807,4.4668
2377,4.46585,4.46528,4.45927,4.45669
2378,4.45714,4.45745,4.44178,4.45934
2379,4.46952,4.46908,4.4664,4.47066
2380,4.45679,4.45659,4.44694,4.46072
2381,4.4757,4.47422,4.47327,4.47749
2382,4.47354,4.47223,4.47958,4.47657
2383,4.48055,4.48087,4.47371,4.47975
2384,4.46498,4.46572,4.45802,4.46177
2385,4.46415,4.46551,4.45938,4.46901
2386,4.45201,4.45234,4.44073,4.44785
2387,4.46391,4.46156,4.46119,4.46047
2388,4.47559,4.47078,4.4718,4.47687
2389,4.46351,4.46356,4.45972,4.46321
2390,4.46206,4.46195,4.45159,4.46712
2391,4.47215,4.47029,4.47128,4.46534
2392,4.46771,4.46704,4.46448,4.46423
2393,4.46344,4.46462,4.46363,4.45916
2394,4.46534,4.46581,4.46353,4.46855
2395,4.47643,4.47637,4.47427,4.47981
2396,4.4697,4.46787,4.46419,4.47134
2397,4.46757,4.46842,4.46198,4.46897
2398,4.47552,4.47621,4.47171,4.47267
2399,4.45561,4.45586,4.44791,4.45968
2400,4.4647,4.46416,4.45744,4.46535
2401,4.47693,4.47759,4.47771,4.47704
2402,4.46633,4.46835,4.46472,4.46638
2403,4.46881,4.46866,4.46479,4.46112
2404,4.46817,4.46737,4.46245,4.46796
2405,4.46201,4.46217,4.45635,4.45795
2406,4.4651,4.46451,4.46217,4.46562
2407,4.46212,4.46314,4.46648,4.46156
2408,4.4547,4.45424,4.45486,4.46323
2409,4.4726,4.47205,4.47095,4.47704
2410,4.5174,4.47469,4.47144,4.47219
2411,4.48305,4.48141,4.47695,4.48299
2412,4.46547,4.46583,4.45953,4.46587
2413,4.46569,4.46761,4.45946,4.46328
2414,4.5071,4.47189,4.47134,4.47168
2415,4.46498,4.46422,4.45703,4.46181
2416,4.47167,4.47216,4.46516,4.47092
2417,4.46248,4.46275,4.45877,4.46319
2418,4.46516,4.46299,4.45666,4.46423
2419,4.46121,4.45933,4.44307,4.46144
2420,4.45892,4.45761,4.45245,4.45864
2421,4.47318,4.4746,4.45873,4.47271
2422,4.46827,4.46769,4.47031,4.46884
2423,4.47336,4.47289,4.475,4.48574
2424,4.45975,4.45805,4.46111,4.46045
2425,4.45955,4.45997,4.46632,4.46269
2426,4.45648,4.45745,4.44333,4.45634
2427,4.46696,4.46568,4.47017,4.46862
2428,4.4698,4.46795,4.4723,4.46519
2429,4.47316,4.47317,4.46823,4.4748
2430,4.46374,4.46481,4.45543,4.46349
2431,4.4731,4.47271,4.47008,4.47489
2432,4.46724,4.46681,4.46301,4.47589
2433,4.47298,4.47328,4.46651,4.4768
2434,4.46642,4.4654,4.46069,4.46813
2435,4.45964,4.45947,4.457,4.45789
2436,4.48775,4.48971,4.48209,4.49172
2437,4.46646,4.4662,4.46069,4.46328
2438,4.46834,4.46739,4.46099,4.46917
2439,4.46609,4.46598,4.46405,4.46659
2440,4.46232,4.46259,4.45537,4.45885
2441,4.45116,4.45124,4.44624,4.45248
2442,4.46112,4.45768,4.45362,4.46185
2443,4.46744,4.46737,4.46774,4.46652
2444,4.46459,4.46437,4.45049,4.46373
2445,4.46876,4.46845,4.46805,4.4673
2446,4.47695,4.47576,4.46673,4.47497
2447,4.46054,4.45987,4.45279,4.45955
2448,4.46472,4.46514,4.46593,4.46304
2449,4.46784,4.46915,4.45975,4.46713
2450,4.47281,4.47149,4.46651,4.46608
2451,4.47848,4.47786,4.47467,4.47754
2452,4.45934,4.45963,4.45867,4.46262
2453,4.45737,4.45649,4.44712,4.45697
2454,4.45833,4.45904,4.45429,4.45949
2455,4.45728,4.45751,4.45457,4.4572
2456,4.47725,4.47591,4.46933,4.48111
2457,4.46999,4.46772,4.47032,4.46733
2458,4.46567,4.46437,4.46456,4.46193
2459,4.46414,4.46176,4.46672,4.46225
2460,4.46968,4.46933,4.46853,4.46839
2461,4.46273,4.4627,4.4595,4.46251
2462,4.4763,4.47676,4.47203,4.47956
2463,4.46316,4.46482,4.45925,4.46217
2464,4.46234,4.46211,4.46259,4.46162
2465,4.45007,4.44886,4.44599,4.44305
2466,4.4597,4.4599,4.45629,4.46038
2467,4.46207,4.46006,4.45171,4.45992
2468,4.47854,4.47968,4.47209,4.47595
2469,4.49466,4.4967,4.49762,4.49441
2470,4.46078,4.46123,4.45728,4.45579
2471,4.47454,4.51226,4.47014,4.47104
2472,4.46315,4.46228,4.45899,4.46535
2473,4.46357,4.46493,4.46008,4.45935
2474,4.46896,4.46888,4.47972,4.47373
2475,4.49333,4.4931,4.48249,4.49089
2476,4.4669,4.46828,4.46197,4.46462
2477,4.4667,4.46712,4.46135,4.46657
2478,4.45047,4.44829,4.44492,4.44607
2479,4.4621,4.46185,4.45211,4.45656
2480,4.46325,4.46295,4.45734,4.45853
2481,4.45991,4.46092,4.45602,4.45739
2482,4.4621,4.46087,4.45984,4.46662
2483,4.46919,4.46928,4.46614,4.46228
2484,4.45942,4.46001,4.46109,4.45905
2485,4.47061,4.47106,4.46326,4.46548
2486,4.48573,4.48491,4.48237,4.4914
2487,4.46051,4.46025,4.45437,4.46536
2488,4.49104,4.48887,4.4877,4.48658
2489,4.46528,4.46591,4.46583,4.46342
2490,4.45973,4.46154,4.45857,4.45818
2491,4.46146,4.46047,4.45624,4.45719
2492,4.47169,4.47172,4.46435,4.46855
2493,4.46153,4.45921,4.45493,4.46211
2494,4.47926,4.48775,4.47026,4.47354
2495,4.4733,4.47559,4.47077,4.47752
2496,4.45984,4.46146,4.45829,4.45405
2497,4.47613,4.4764,4.47638,4.48271
2498,4.4652,4.46701,4.45763,4.46266
2499,4.46926,4.4693,4.45988,4.47486
2500,4.46147,4.46223,4.45078,4.45605
2501,4.46456,4.46586,4.45596,4.46128
2502,4.47556,4.47501,4.47597,4.47368
2503,4.47164,4.4748,4.4678,4.47022
2504,4.47224,4.4729,4.4674,4.47218
2505,4.46617,4.46635,4.46095,4.4705
2506,4.45234,4.45271,4.44936,4.45289
2507,4.46261,4.46326,4.45295,4.46129
2508,4.46488,4.46528,4.45483,4.46465
2509,4.46913,4.46872,4.46555,4.46817
2510,4.46519,4.46465,4.45946,4.4638
2511,4.46025,4.45928,4.4601,4.46203
2512,4.48033,4.48106,4.47429,4.48099
2513,4.45781,4.45731,4.45079,4.45592
2514,4.47198,4.47206,4.4681,4.4723
2515,4.4795,4.4805,4.47407,4.47642
2516,4.4544,4.45422,4.4497,4.45301
2517,4.47737,4.47528,4.47125,4.47571
2518,4.47743,4.47644,4.47322,4.47735
2519,4.47046,4.469,4.46352,4.46613
2520,4.47549,4.47535,4.46961,4.47065
2521,4.46937,4.46919,4.46817,4.46735
2522,4.47293,4.47329,4.47149,4.47295
2523,4.45536,4.45648,4.44929,4.45267
2524,4.47072,4.46925,4.4663,4.46772
2525,4.483,4.48205,4.47645,4.48264
2526,4.46126,4.46209,4.45256,4.45673
2527,4.463,4.46258,4.45862,4.45729
2528,4.46728,4.46768,4.47026,4.46892
2529,4.46875,4.46696,4.462,4.4623
2530,4.46599,4.46538,4.46618,4.46558
2531,4.4601,4.45969,4.45663,4.45523
2532,4.46657,4.46795,4.46282,4.46214
2533,4.46974,4.471,4.45922,4.4635
2534,4.46873,4.46904,4.46857,4.46582
2535,4.46388,4.46332,4.46226,4.46122
2536,4.47542,4.47493,4.47221,4.47196
2537,4.46537,4.46375,4.46002,4.45397
2538,4.46336,4.46342,4.45902,4.45811
2539,4.46503,4.46674,4.45913,4.45897
2540,4.47061,4.47239,4.45717,4.47142
2541,4.46217,4.46282,4.45869,4.45718
2542,4.46408,4.46413,4.45838,4.4591
2543,4.45219,4.44951,4.44502,4.45192
2544,4.47499,4.47497,4.4692,4.47664
2545,4.4625,4.46395,4.4594,4.463
2546,4.46441,4.46173,4.45586,4.45385
2547,4.4688,4.47268,4.46685,4.47292
2548,4.46089,4.45946,4.45071,4.45646
2549,4.46103,4.46054,4.46771,4.46639
2550,4.45781,4.46005,4.45273,4.45248
2551,4.45786,4.45673,4.45087,4.45808
2552,4.46628,4.46637,4.45892,4.45927
2553,4.45274,4.45154,4.44552,4.44956
2554,4.46943,4.46932,4.46623,4.46486
2555,4.45363,4.45241,4.45632,4.4539
2556,4.46231,4.46109,4.45919,4.46163
2557,4.46886,4.47136,4.46652,4.46947
2558,4.45258,4.45235,4.44477,4.45034
2559,4.47093,4.4703,4.46843,4.46765
2560,4.48366,4.48213,4.48078,4.48632
2561,4.46652,4.46716,4.46674,4.46679
2562,4.47446,4.47349,4.46862,4.47052
2563,4.4773,4.47819,4.47405,4.47538
2564,4.46533,4.46403,4.46054,4.46446
2565,4.47575,4.47428,4.46232,4.46861
2566,4.46014,4.45963,4.4622,4.45771
2567,4.47184,4.47227,4.46829,4.47402
2568,4.46351,4.46342,4.46043,4.46272
2569,4.46594,4.46734,4.4693,4.46728
2570,4.46831,4.47016,4.4625,4.46699
2571,4.4657,4.46589,4.45589,4.46246
2572,4.46144,4.46181,4.45761,4.4615
2573,4.47127,4.46915,4.4693,4.4695
2574,4.45829,4.45918,4.45037,4.45221
2575,4.48437,4.4813,4.48217,4.48089
2576,4.45301,4.45352,4.4418,4.44546
2577,4.46794,4.46487,4.4665,4.46476
2578,4.45824,4.45686,4.44889,4.4599
2579,4.46643,4.46838,4.46498,4.4682
2580,4.45619,4.45666,4.44673,4.45153
2581,4.46801,4.46733,4.45975,4.46557
2582,4.47285,4.4728,4.46603,4.46931
2583,4.44551,4.44646,4.45042,4.44478
2584,4.47704,4.47837,4.47462,4.47741
2585,4.48194,4.48168,4.47063,4.47552
2586,4.46948,4.47018,4.46203,4.46899
2587,4.46601,4.46709,4.46205,4.46148
2588,4.47053,4.4703,4.46403,4.46644
2589,4.46365,4.46228,4.46464,4.4626
2590,4.464,4.46521,4.46072,4.46011
2591,4.4666,4.46559,4.46141,4.46227
2592,4.46527,4.46594,4.46387,4.46319
2593,4.45596,4.45797,4.45814,4.45718
2594,4.47103,4.46995,4.46011,4.46418
2595,4.47719,4.4773,4.46982,4.47796
2596,4.46567,4.46432,4.45747,4.45982
2597,4.45037,4.44971,4.45056,4.44605
2598,4.46156,4.46204,4.45198,4.45258
2599,4.46472,4.46242,4.46454,4.46928
2600,4.46468,4.46592,4.45713,4.4679
2601,4.45938,4.45961,4.44653,4.45976
2602,4.48885,4.49076,4.48138,4.49056
2603,4.47321,4.47418,4.46282,4.46568
2604,4.48324,4.48237,4.47256,4.47733
2605,4.45852,4.4589,4.45139,4.45211
2606,4.46038,4.46121,4.46787,4.46447
2607,4.47957,4.48106,4.4738,4.47914
2608,4.47663,4.4773,4.4727,4.46957
2609,4.45836,4.45834,4.44838,4.44869
2610,4.44415,4.44575,4.43587,4.43637
2611,4.47521,4.47577,4.46519,4.47782
2612,4.48896,4.48768,4.48265,4.48525
2613,4.46426,4.46389,4.45294,4.46134
2614,4.46414,4.46467,4.46083,4.46581
2615,4.45722,4.45758,4.45709,4.45507
2616,4.47032,4.46907,4.47054,4.47439
2617,4.47471,4.47233,4.46501,4.47109
2618,4.48621,4.48368,4.48234,4.4848
2619,4.46731,4.46879,4.46117,4.46134
2620,4.47869,4.4787,4.47261,4.47927
2621,4.46624,4.46733,4.46154,4.46576
2622,4.46829,4.46655,4.46741,4.46829
2623,4.47049,4.46977,4.46232,4.46805
2624,4.46265,4.46377,4.45412,4.45975
2625,4.45082,4.4507,4.44681,4.44779
2626,4.46296,4.46274,4.47002,4.46518
2627,4.46812,4.46539,4.46863,4.4637
2628,4.46107,4.46092,4.46036,4.45939
2629,4.47746,4.47684,4.47302,4.47358
2630,4.45668,4.45758,4.45214,4.45701
2631,4.46749,4.46815,4.46628,4.47061
2632,4.47856,4.47886,4.47491,4.47744
2633,4.47944,4.47984,4.47154,4.47193
2634,4.46975,4.46911,4.46301,4.46594
2635,4.45273,4.45344,4.44539,4.44988
2636,4.4694,4.46806,4.4745,4.47304
2637,4.46151,4.46278,4.45212,4.45866
2638,4.46131,4.46201,4.45776,4.46124
2639,4.47581,4.47627,4.47028,4.4755
2640,4.4645,4.4638,4.45931,4.46118
2641,4.46968,4.47,4.47237,4.46718
2642,4.46945,4.46875,4.46634,4.46202
2643,4.47311,4.47183,4.46813,4.46666
2644,4.46661,4.46615,4.45837,4.46156
2645,4.47314,4.47274,4.46517,4.46577
2646,4.45697,4.45684,4.45396,4.45273
2647,4.47136,4.47128,4.47074,4.46786
2648,4.47151,4.47268,4.46736,4.47824
2649,4.45979,4.46062,4.44516,4.45938
2650,4.4712,4.46982,4.4614,4.46656
2651,4.46958,4.46686,4.4601,4.46603
2652,4.46429,4.46363,4.45771,4.46036
2653,4.46058,4.46201,4.45004,4.45862
2654,4.46866,4.46901,4.46335,4.46362
2655,4.46378,4.46252,4.4566,4.45784
2656,4.45406,4.45379,4.44842,4.44708
2657,4.46443,4.46434,4.46281,4.46002
2658,4.46095,4.46249,4.4588,4.45925
2659,4.46407,4.46558,4.46006,4.46048
2660,4.46554,4.46586,4.4625,4.4587
2661,4.45083,4.45121,4.4495,4.44065
2662,4.4606,4.46011,4.46629,4.465
2663,4.4616,4.46248,4.45185,4.45531
2664,4.46894,4.46922,4.46396,4.46436
2665,4.47199,4.47226,4.46465,4.46449
2666,4.47027,4.47018,4.46225,4.46881
2667,4.47251,4.455,4.45562,4.45047
2668,4.46553,4.46509,4.45485,4.45829
2669,4.46082,4.46066,4.45071,4.45643
2670,4.4634,4.46378,4.45374,4.45911
2671,4.46386,4.46394,4.46397,4.46586
2672,4.46323,4.46233,4.45164,4.45336
2673,4.47608,4.47607,4.46432,4.46756
2674,4.47267,4.47211,4.47086,4.46927
2675,4.4696,4.46928,4.47559,4.4737
2676,4.47047,4.46885,4.46569,4.46679
2677,4.47099,4.47128,4.46818,4.47486
2678,4.47225,4.4734,4.46784,4.46772
2679,4.47857,4.47931,4.4727,4.47527
2680,4.46778,4.46727,4.46509,4.46585
2681,4.46076,4.4602,4.45444,4.45899
2682,4.48383,4.47033,4.47002,4.4734
2683,4.4741,4.47303,4.46651,4.46621
2684,4.46878,4.46858,4.4599,4.46826
2685,4.48605,4.48472,4.46904,4.47967
2686,4.47327,4.47104,4.46864,4.46347
2687,4.46503,4.46317,4.46014,4.45338
2688,4.46577,4.46574,4.45858,4.4582
2689,4.47539,4.47237,4.47292,4.46803
2690,4.46365,4.46408,4.47165,4.46022
2691,4.4706,4.47042,4.45692,4.46223
2692,4.46496,4.46554,4.4569,4.4631
2693,4.4648,4.46579,4.45557,4.4649
2694,4.46119,4.46111,4.46551,4.46122
2695,4.46297,4.46204,4.45328,4.46189
2696,4.46367,4.46328,4.46333,4.46072
2697,4.468,4.467,4.45878,4.46518
2698,4.46824,4.46777,4.46887,4.45955
2699,4.46092,4.45932,4.45922,4.4618
2700,4.47236,4.47157,4.46761,4.46443
2701,4.46926,4.47199,4.46677,4.46661
2702,4.46292,4.46398,4.458,4.46074
2703,4.47241,4.47447,4.4683,4.47173
2704,4.46307,4.46133,4.45899,4.45469
2705,4.47367,4.47305,4.4742,4.47453
2706,4.45717,4.45625,4.45554,4.44649
2707,4.4628,4.46282,4.46003,4.45634
2708,4.46909,4.46969,4.47012,4.46112
2709,4.46729,4.46492,4.46934,4.46464
2710,4.4594,4.45994,4.45973,4.45966
2711,4.4622,4.4599,4.45729,4.47143
2712,4.46946,4.47037,4.46516,4.46369
2713,4.47682,4.47635,4.47967,4.47665
2714,4.47137,4.47246,4.46629,4.46696
2715,4.47917,4.47718,4.47868,4.47364
2716,4.46893,4.46743,4.46097,4.46314
2717,4.47031,4.46981,4.47718,4.4614
2718,4.46618,4.46586,4.45623,4.46
2719,4.46189,4.45978,4.46331,4.45731
2720,4.46668,4.46531,4.46718,4.4613
2721,4.4725,4.47312,4.46765,4.46835
2722,4.4763,4.47642,4.47579,4.47081
2723,4.47555,4.47535,4.46902,4.47495
2724,4.46902,4.46794,4.46431,4.46866
2725,4.46221,4.45913,4.45991,4.45739
2726,4.46094,4.46075,4.45935,4.45798
2727,4.46662,4.46515,4.4612,4.46418
2728,4.46554,4.46388,4.45794,4.45772
2729,4.46008,4.45971,4.45813,4.4545
2730,4.45961,4.46036,4.45832,4.45442
2731,4.47141,4.47028,4.46872,4.46253
2732,4.4716,4.47171,4.46823,4.47082
2733,4.46924,4.46891,4.46717,4.46207
2734,4.46441,4.46482,4.4576,4.45398
2735,4.46875,4.46755,4.46861,4.46526
2736,4.46614,4.4679,4.47507,4.46325
2737,4.45645,4.45677,4.45103,4.4455
2738,4.46859,4.46865,4.46893,4.46789
2739,4.46247,4.46245,4.45907,4.45308
2740,4.47633,4.47451,4.47156,4.46959
2741,4.47518,4.47384,4.4747,4.47047
2742,4.46517,4.4637,4.46536,4.4602
2743,4.45868,4.45967,4.45178,4.46185
2744,4.46458,4.46503,4.45983,4.46053
2745,4.47496,4.47582,4.46952,4.47544
2746,4.46728,4.46618,4.46504,4.45899
2747,4.4745,4.47317,4.47336,4.47242
2748,4.46682,4.46659,4.46323,4.45832
2749,4.45439,4.45663,4.45266,4.45275
2750,4.45528,4.45413,4.45603,4.45135
2751,4.46063,4.46004,4.45536,4.45536
2752,4.46536,4.46471,4.45934,4.46154
2753,4.4633,4.46391,4.45953,4.46294
2754,4.46885,4.46767,4.46194,4.46056
2755,4.47877,4.47983,4.47793,4.47808
2756,4.47059,4.46977,4.46211,4.46286
2757,4.47435,4.47333,4.47496,4.46438
2758,4.45429,4.45318,4.45209,4.4486
2759,4.46332,4.46317,4.45676,4.45855
2760,4.46422,4.46587,4.45879,4.45906
2761,4.46382,4.46499,4.45531,4.45357
2762,4.47079,4.46867,4.46569,4.46132
2763,4.46113,4.46156,4.46125,4.4566
2764,4.46354,4.46351,4.44993,4.46382
2765,4.47163,4.47143,4.4634,4.46837
2766,4.46583,4.4655,4.47241,4.46478
2767,4.47283,4.47201,4.46993,4.48333
2768,4.46178,4.46121,4.46001,4.46346
2769,4.46273,4.46316,4.46215,4.46872
2770,4.46496,4.46298,4.46205,4.45416
2771,4.46156,4.46297,4.45764,4.45716
2772,4.47784,4.47665,4.47685,4.47465
2773,4.46479,4.46456,4.45605,4.46281
2774,4.46538,4.46444,4.4554,4.45931
2775,4.45726,4.45721,4.45018,4.44998
2776,4.45978,4.46086,4.4581,4.45812
2777,4.4559,4.45743,4.45053,4.45345
2778,4.47055,4.47376,4.46954,4.46821
2779,4.45807,4.45696,4.45226,4.45154
2780,4.46761,4.46589,4.46586,4.46099
2781,4.46468,4.46529,4.46334,4.46501
2782,4.4699,4.46765,4.45939,4.4746
2783,4.47245,4.47037,4.46253,4.46583
2784,4.47807,4.46182,4.45641,4.45634
2785,4.46524,4.46355,4.46437,4.46141
2786,4.46488,4.46409,4.45597,4.45556
2787,4.47007,4.46908,4.46257,4.46536
2788,4.4607,4.46271,4.46895,4.4671
2789,4.47318,4.46804,4.4622,4.46255
2790,4.46247,4.46286,4.45546,4.45742
2791,4.46068,4.4584,4.45913,4.45383
2792,4.46122,4.46526,4.46005,4.4645
2793,4.47923,4.4764,4.47228,4.47419
2794,4.473,4.47368,4.46665,4.47416
2795,4.46892,4.46976,4.46425,4.46225
2796,4.4673,4.46503,4.46158,4.46298
2797,4.46531,4.45397,4.44555,4.4474
2798,4.46168,4.46019,4.45029,4.45961
2799,4.45919,4.4587,4.44979,4.45043
2800,4.47656,4.4622,4.4649,4.46147
2801,4.50799,4.48356,4.4834,4.47918
2802,4.47787,4.47333,4.47228,4.46624
2803,4.47599,4.47342,4.47497,4.46602
2804,4.44312,4.44331,4.43564,4.44703
2805,4.47664,4.4754,4.46582,4.47385
2806,4.45834,4.45737,4.45146,4.45378
2807,4.51263,4.45151,4.44695,4.44761
2808,4.49455,4.46903,4.46892,4.46365
2809,4.49498,4.47186,4.46326,4.466
2810,4.53631,4.47279,4.46102,4.46781
2811,4.47047,4.46798,4.45615,4.45711
2812,4.47831,4.46555,4.45713,4.45666
2813,4.46301,4.45952,4.45652,4.4584
2814,4.4773,4.44651,4.44419,4.44498
2815,4.46858,4.4605,4.45331,4.45499
2816,4.45747,4.45508,4.44175,4.44377
2817,4.4691,4.46587,4.45595,4.4773
2818,4.47095,4.464,4.45902,4.44836
2819,4.49085,4.48236,4.48075,4.48153
2820,4.47857,4.46944,4.47322,4.47475
2821,4.47775,4.4703,4.471,4.47328
2822,4.48901,4.47366,4.46885,4.47152
2823,4.45235,4.4491,4.44895,4.45551
2824,4.47137,4.46686,4.45402,4.45177
2825,4.48385,4.47849,4.47582,4.47914
2826,4.46943,4.46156,4.45523,4.45929
2827,4.46878,4.4695,4.46528,4.46711
2828,4.46196,4.45887,4.45781,4.44636
2829,4.46624,4.46062,4.45393,4.457
2830,4.46512,4.4637,4.45813,4.46277
2831,4.48717,4.48161,4.47723,4.47466
2832,4.47247,4.46306,4.45759,4.45685
2833,4.46205,4.45791,4.45175,4.45986
2834,4.46937,4.46571,4.45932,4.4591
2835,4.46768,4.46367,4.45772,4.46145
2836,4.46587,4.46805,4.46449,4.46634
2837,4.51637,4.4779,4.46523,4.47268
2838,4.48685,4.47441,4.46502,4.47031
2839,4.46078,4.46431,4.4564,4.46455
2840,4.46506,4.46321,4.45255,4.46293
2841,4.46463,4.46511,4.45694,4.46049
2842,4.46517,4.46506,4.45757,4.4562
2843,4.46666,4.46679,4.46678,4.46184
2844,4.4813,4.47964,4.48521,4.47774
2845,4.46146,4.45868,4.4525,4.45095
2846,4.47329,4.47059,4.4661,4.46838
2847,4.47934,4.48007,4.47967,4.47535
2848,4.47585,4.47225,4.46378,4.46337
2849,4.463,4.46039,4.4607,4.45762
2850,4.47806,4.47472,4.47299,4.46508
2851,4.47089,4.46704,4.46171,4.46192
2852,4.46335,4.46038,4.45792,4.45884
2853,4.50358,4.46035,4.45799,4.45714
2854,4.47166,4.47331,4.46512,4.4621
2855,4.46791,4.46791,4.46119,4.45989
2856,4.47693,4.47509,4.46373,4.46876
2857,4.46958,4.46748,4.45741,4.46068
2858,4.45372,4.45246,4.45197,4.44798
2859,4.47066,4.46899,4.46536,4.46574
2860,4.47425,4.47658,4.47105,4.46416
2861,4.46859,4.47082,4.46781,4.47036
2862,4.47242,4.47131,4.46389,4.46961
2863,4.476,4.47414,4.4638,4.47097
2864,4.46905,4.47267,4.46292,4.47017
2865,4.47588,4.47403,4.46701,4.46421
2866,4.46981,4.46691,4.45872,4.46082
2867,4.4729,4.4654,4.45714,4.45485
2868,4.46485,4.4619,4.45203,4.45581
2869,4.47463,4.47616,4.4765,4.48567
2870,4.4721,4.47206,4.46515,4.47715
2871,4.45866,4.46262,4.47079,4.46119
2872,4.46155,4.46628,4.4584,4.46392
2873,4.46492,4.46596,4.4667,4.45691
2874,4.46658,4.46441,4.45704,4.46027
2875,4.46922,4.46514,4.45809,4.46551
2876,4.46465,4.45806,4.45111,4.45607
2877,4.46659,4.46409,4.46805,4.46738
2878,4.45687,4.45535,4.44678,4.4532
2879,4.46505,4.46064,4.45491,4.46022
2880,4.45951,4.45898,4.45073,4.45778
2881,4.4724,4.46955,4.46687,4.46782
2882,4.46922,4.47033,4.46206,4.46688
2883,4.46003,4.45918,4.45542,4.4544
2884,4.4567,4.45538,4.44977,4.45009
2885,4.46301,4.46406,4.4554,4.46184
2886,4.47865,4.4784,4.48004,4.47707
2887,4.45756,4.45843,4.45218,4.45741
2888,4.47193,4.46906,4.46781,4.46623
2889,4.46614,4.46387,4.45692,4.45866
2890,4.46591,4.46689,4.45768,4.46293
2891,4.46614,4.46452,4.46668,4.46122
2892,4.46407,4.46311,4.46265,4.46093
2893,4.45892,4.45965,4.45502,4.4538
2894,4.4758,4.47849,4.47383,4.47671
2895,4.48157,4.48145,4.47467,4.47841
2896,4.47271,4.4709,4.4725,4.46524
2897,4.47162,4.47175,4.46937,4.46606
2898,4.46032,4.46101,4.45202,4.45568
2899,4.46116,4.46109,4.45322,4.4564
2900,4.47944,4.47386,4.46994,4.46794
2901,4.46623,4.4628,4.46099,4.46545
2902,4.4693,4.46847,4.47024,4.46665
2903,4.46777,4.46515,4.45891,4.46025
2904,4.4678,4.46878,4.46225,4.46076
2905,4.47734,4.47624,4.47224,4.47867
2906,4.47674,4.47503,4.46591,4.47108
2907,4.46866,4.46778,4.46034,4.45572
2908,4.46333,4.45909,4.45713,4.45902
2909,4.45631,4.45933,4.45161,4.45234
2910,4.47369,4.4727,4.4708,4.47227
2911,4.47356,4.47361,4.47074,4.46967
2912,4.47044,4.47131,4.46216,4.46493
2913,4.45979,4.46029,4.45782,4.45198
2914,4.46748,4.46891,4.46729,4.46762
2915,4.46298,4.46247,4.45555,4.45393
2916,4.45917,4.45896,4.45312,4.45803
2917,4.46568,4.46475,4.4579,4.45476
2918,4.45079,4.45117,4.44361,4.44266
2919,4.46314,4.46406,4.46596,4.46594
2920,4.47841,4.47855,4.48263,4.47403
2921,4.4604,4.46038,4.45117,4.44764
2922,4.46375,4.46523,4.46102,4.45876
2923,4.4789,4.47898,4.47671,4.47759
2924,4.46735,4.46587,4.45858,4.46567
2925,4.46798,4.46608,4.46299,4.46332
2926,4.46395,4.46361,4.45251,4.46352
2927,4.46451,4.45726,4.44965,4.44597
2928,4.46194,4.45967,4.45665,4.46201
2929,4.46536,4.46513,4.4596,4.46468
2930,4.47518,4.47388,4.47423,4.47732
2931,4.46603,4.46628,4.45712,4.45411
2932,4.46633,4.46683,4.46434,4.46271
2933,4.45499,4.45716,4.44674,4.45006
2934,4.47742,4.47567,4.47744,4.48296
2935,4.47324,4.47225,4.47314,4.47251
2936,4.47726,4.47502,4.46471,4.4808
2937,4.47745,4.47632,4.47239,4.47398
2938,4.47058,4.47131,4.4637,4.46456
2939,4.46212,4.46127,4.45927,4.45859
2940,4.45763,4.4586,4.45484,4.44894
2941,4.47834,4.47851,4.48012,4.47241
2942,4.47427,4.47529,4.46789,4.47639
2943,4.47435,4.47057,4.46662,4.47022
2944,4.47123,4.47003,4.47105,4.4697
2945,4.48078,4.48228,4.46948,4.4693
2946,4.46261,4.46208,4.45629,4.46384
2947,4.47069,4.4719,4.46497,4.4644
2948,4.46431,4.46634,4.45758,4.45432
2949,4.46547,4.46246,4.45931,4.46573
2950,4.4597,4.45809,4.45375,4.46235
2951,4.47885,4.47793,4.47013,4.4809
2952,4.47499,4.47545,4.46195,4.46861
2953,4.46217,4.46167,4.45062,4.45493
2954,4.4608,4.45969,4.44753,4.45365
2955,4.4684,4.46482,4.46292,4.46589
2956,4.46159,4.46178,4.46137,4.45867
2957,4.46136,4.46116,4.4601,4.45654
2958,4.46965,4.47044,4.46644,4.46699
2959,4.45317,4.45315,4.4465,4.45425
2960,4.46545,4.46467,4.45241,4.46286
2961,4.46464,4.46462,4.45846,4.46044
2962,4.45979,4.46094,4.45868,4.45279
2963,4.46576,4.4661,4.46176,4.4667
2964,4.48057,4.48085,4.47327,4.47682
2965,4.46135,4.46391,4.45467,4.46134
2966,4.46798,4.47029,4.45978,4.46568
2967,4.47837,4.47885,4.47589,4.47417
2968,4.47474,4.4743,4.46677,4.47198
2969,4.46371,4.46318,4.45705,4.45934
2970,4.47807,4.47736,4.47263,4.47423
2971,4.47046,4.46937,4.4688,4.46462
2972,4.47596,4.47422,4.46682,4.47291
2973,4.46573,4.46696,4.46557,4.46407
2974,4.46158,4.46129,4.45231,4.45346
2975,4.47243,4.47314,4.46729,4.47245
2976,4.46839,4.46598,4.46132,4.46487
2977,4.46168,4.4619,4.46653,4.45455
2978,4.47064,4.47149,4.45998,4.46616
2979,4.4558,4.45656,4.45015,4.45172
2980,4.4723,4.47098,4.46941,4.46786
2981,4.47037,4.4684,4.46481,4.46635
2982,4.45764,4.45926,4.45832,4.45353
2983,4.46882,4.46783,4.47089,4.47633
2984,4.48062,4.4787,4.46844,4.47341
2985,4.474,4.47319,4.47251,4.47257
2986,4.47323,4.47296,4.46934,4.47183
2987,4.47084,4.47196,4.46489,4.47044
2988,4.48137,4.48035,4.4671,4.47365
2989,4.47026,4.46988,4.46909,4.46291
2990,4.46144,4.46071,4.45487,4.45993
2991,4.46605,4.46727,4.46011,4.46423
2992,4.45445,4.45528,4.44539,4.45085
2993,4.46503,4.46508,4.44842,4.46103
2994,4.48045,4.47795,4.47406,4.47763
2995,4.4728,4.47156,4.47072,4.47203
2996,4.46242,4.46139,4.4705,4.46489
2997,4.47253,4.47457,4.47039,4.46852
2998,4.46189,4.46313,4.46439,4.4618
2999,4.45254,4.45247,4.43744,4.45014
3000,4.47444,4.47371,4.48237,4.47946
3001,4.46029,4.46028,4.45327,4.4553
3002,4.46418,4.46477,4.45987,4.4721
3003,4.47172,4.4726,4.46994,4.47051
3004,4.4531,4.4545,4.45222,4.44927
3005,4.46361,4.46269,4.45798,4.4587
3006,4.47555,4.47548,4.47844,4.47633
3007,4.46423,4.46448,4.45385,4.46236
3008,4.46466,4.46334,4.45623,4.4677
3009,4.46362,4.46436,4.46098,4.46575
3010,4.47691,4.47604,4.47108,4.47198
3011,4.47188,4.46975,4.47408,4.47039
3012,4.47467,4.47387,4.47641,4.47162
3013,4.47189,4.47148,4.4697,4.46809
3014,4.47197,4.46738,4.46337,4.46768
3015,4.48993,4.49103,4.48555,4.48485
3016,4.47071,4.46922,4.46978,4.4637
3017,4.47529,4.47655,4.4738,4.47402
3018,4.47206,4.47027,4.46681,4.47401
3019,4.47941,4.47863,4.47686,4.48045
3020,4.49027,4.48952,4.47936,4.48415
3021,4.46778,4.4682,4.45712,4.4675
3022,4.46973,4.47256,4.46879,4.47147
3023,4.46768,4.46668,4.46484,4.46622
3024,4.46584,4.47275,4.45588,4.46275
3025,4.46835,4.46803,4.45893,4.46623
3026,4.4594,4.45468,4.44448,4.45113
3027,4.466,4.46536,4.47072,4.46251
3028,4.46382,4.46782,4.45268,4.46001
3029,4.46935,4.4616,4.46869,4.45819
3030,4.46655,4.46645,4.45283,4.46099
3031,4.45992,4.45823,4.45777,4.45754
3032,4.46625,4.46596,4.45277,4.46181
3033,4.47316,4.4726,4.45914,4.46056
3034,4.47244,4.46859,4.46133,4.46745
3035,4.47563,4.47177,4.50811,4.4712
3036,4.47032,4.47029,4.4642,4.46561
3037,4.47953,4.47731,4.4693,4.46746
3038,4.47027,4.47247,4.47509,4.46971
3039,4.47422,4.47301,4.46558,4.46866
3040,4.47914,4.47772,4.47122,4.47206
3041,4.47032,4.46723,4.4585,4.46459
3042,4.46039,4.46412,4.45425,4.46488
3043,4.46251,4.46282,4.45611,4.46377
3044,4.45916,4.45603,4.45321,4.4514
3045,4.47489,4.47482,4.46831,4.46667
3046,4.47628,4.47776,4.47969,4.46899
3047,4.47574,4.47637,4.47079,4.46765
3048,4.48794,4.48906,4.49065,4.49272
3049,4.46868,4.47514,4.46751,4.47027
3050,4.47097,4.47009,4.46526,4.46257
3051,4.46155,4.46554,4.45605,4.45963
3052,4.45772,4.45957,4.45025,4.45697
3053,4.46225,4.46357,4.45497,4.46116
3054,4.47736,4.47904,4.4661,4.47902
3055,4.46866,4.46952,4.47077,4.45834
3056,4.47225,4.47288,4.46555,4.46815
3057,4.47326,4.47226,4.47085,4.47673
3058,4.46979,4.46576,4.46304,4.46359
3059,4.45791,4.45693,4.45678,4.45884
3060,4.47636,4.47638,4.47534,4.4794
3061,4.47046,4.46593,4.46024,4.46697
3062,4.46879,4.46679,4.45468,4.4607
3063,4.45465,4.45543,4.45066,4.45617
3064,4.47002,4.467,4.45778,4.46747
3065,4.47124,4.46983,4.4517,4.46493
3066,4.4685,4.46781,4.45775,4.4646
3067,4.4742,4.47199,4.47039,4.47269
3068,4.48629,4.48726,4.47282,4.4851
3069,4.46795,4.46852,4.45717,4.46314
3070,4.46359,4.46409,4.46704,4.47108
3071,4.47134,4.47375,4.47146,4.47278
3072,4.46805,4.46734,4.45985,4.46463
3073,4.46038,4.45933,4.45472,4.45245
3074,4.46268,4.46386,4.45506,4.46493
3075,4.46764,4.46653,4.46803,4.46783
3076,4.46569,4.46457,4.46273,4.45884
3077,4.46991,4.46897,4.46254,4.4672
3078,4.46851,4.46963,4.46304,4.4687
3079,4.48033,4.48371,4.47662,4.47479
3080,4.47039,4.46882,4.46833,4.46408
3081,4.46687,4.46721,4.4586,4.46057
3082,4.4668,4.46767,4.46477,4.46623
3083,4.45803,4.45863,4.45118,4.45369
3084,4.47552,4.4739,4.46844,4.47069
3085,4.46758,4.46785,4.45626,4.46293
3086,4.44352,4.44612,4.43813,4.44361
3087,4.46993,4.47155,4.46719,4.46777
3088,4.45589,4.45568,4.44718,4.45072
3089,4.4635,4.46581,4.46451,4.45996
3090,4.45757,4.45931,4.44665,4.45679
3091,4.46234,4.46433,4.45645,4.45927
3092,4.46863,4.47101,4.46497,4.46576
3093,4.45721,4.45876,4.45772,4.45661
3094,4.45861,4.45874,4.45004,4.45566
3095,4.47,4.46917,4.46241,4.46376
3096,4.4592,4.4603,4.45737,4.46176
3097,4.46687,4.46449,4.46009,4.4589
3098,4.46542,4.46316,4.4599,4.46721
3099,4.46408,4.4641,4.46949,4.4635
3100,4.47925,4.47801,4.47387,4.47753
3101,4.48831,4.48521,4.47664,4.48252
3102,4.48214,4.48064,4.47774,4.4801
3103,4.46798,4.46871,4.46104,4.46193
3104,4.47041,4.46864,4.45497,4.46667
3105,4.47085,4.46953,4.46356,4.46629
3106,4.4729,4.47289,4.47303,4.46855
3107,4.47228,4.47223,4.46792,4.46645
3108,4.45195,4.45266,4.44413,4.45122
3109,4.46213,4.46246,4.46042,4.45487
3110,4.47463,4.46849,4.46847,4.46412
3111,4.46619,4.46453,4.46014,4.45886
3112,4.45604,4.45787,4.4548,4.45413
3113,4.45842,4.4591,4.45382,4.45546
3114,4.46704,4.46501,4.44826,4.46226
3115,4.46388,4.46557,4.46113,4.46438
3116,4.46222,4.46368,4.46149,4.47025
3117,4.47616,4.47559,4.47157,4.48427
3118,4.48982,4.49154,4.48036,4.48252
3119,4.47952,4.47915,4.47493,4.47528
3120,4.46595,4.49139,4.45995,4.45817
3121,4.49532,4.47091,4.46819,4.46545
3122,4.46419,4.46259,4.45356,4.45802
3123,4.4581,4.45823,4.45071,4.45241
3124,4.46474,4.46514,4.45857,4.46299
3125,4.49274,4.48003,4.47456,4.4756
3126,4.46104,4.46291,4.45767,4.46121
3127,4.51377,4.47039,4.46779,4.46352
3128,4.46104,4.4582,4.45702,4.47674
3129,4.50297,4.46436,4.44982,4.46274
3130,4.46695,4.46629,4.46012,4.46378
3131,4.49114,4.46517,4.45015,4.45751
3132,4.47129,4.46944,4.47093,4.469
3133,4.4666,4.4663,4.46053,4.46496
3134,4.46626,4.46791,4.46337,4.46444
3135,4.4716,4.47005,4.46753,4.46768
3136,4.46161,4.46189,4.47263,4.46908
3137,4.464,4.46227,4.4603,4.46542
3138,4.49083,4.46913,4.46719,4.46488
3139,4.4688,4.46453,4.46026,4.45819
3140,4.47859,4.47659,4.46574,4.4727
3141,4.47839,4.46535,4.45891,4.46236
3142,4.47281,4.47077,4.46788,4.46836
3143,4.46511,4.46322,4.45997,4.46215
3144,4.46435,4.46129,4.4509,4.45668
3145,4.46285,4.464,4.45555,4.45821
3146,4.45609,4.45423,4.44871,4.45174
3147,4.48398,4.48141,4.4787,4.48027
3148,4.47894,4.4802,4.47577,4.47815
3149,4.46901,4.46924,4.46193,4.46609
3150,4.45693,4.45924,4.45238,4.45207
3151,4.4761,4.47478,4.47191,4.46788
3152,4.45983,4.45867,4.45615,4.45448
3153,4.46195,4.46134,4.44966,4.45778
3154,4.4687,4.46678,4.46258,4.45812
3155,4.46214,4.46324,4.46064,4.45499
3156,4.46693,4.46854,4.46491,4.46184
3157,4.4623,4.46364,4.45918,4.46422
3158,4.46666,4.46444,4.4589,4.4936
3159,4.45773,4.45706,4.45474,4.44995
3160,4.46619,4.46367,4.45538,4.45735
3161,4.47032,4.46873,4.46413,4.46048
3162,4.47656,4.47625,4.47442,4.4763
3163,4.49046,4.48689,4.47327,4.48206
3164,4.47927,4.47817,4.47215,4.47667
3165,4.4733,4.47068,4.46353,4.46817
3166,4.46558,4.4652,4.46378,4.4649
3167,4.45176,4.44933,4.44866,4.44892
3168,4.4776,4.47483,4.46618,4.47498
3169,4.47264,4.47079,4.45961,4.46868
3170,4.45107,4.45211,4.44403,4.45063
3171,4.47041,4.46957,4.46298,4.46347
3172,4.48106,4.48157,4.4811,4.47869
3173,4.46529,4.46485,4.45839,4.45515
3174,4.4779,4.47747,4.44928,4.46563
3175,4.4681,4.46867,4.45443,4.46405
3176,4.47561,4.45662,4.45235,4.45228
3177,4.4709,4.46949,4.46836,4.47536
3178,4.47621,4.47859,4.47422,4.46962
3179,4.463,4.46256,4.45413,4.45644
3180,4.47168,4.4735,4.46242,4.46454
3181,4.46151,4.46096,4.46883,4.46837
3182,4.46822,4.46866,4.4658,4.46898
3183,4.47283,4.47044,4.46558,4.46602
3184,4.45767,4.45643,4.45132,4.45069
3185,4.47895,4.47615,4.46831,4.49264
3186,4.46394,4.4636,4.45931,4.46049
3187,4.48514,4.46595,4.45353,4.46408
3188,4.47146,4.46838,4.4584,4.46877
3189,4.45972,4.4593,4.4448,4.46103
3190,4.48104,4.48358,4.47034,4.47322
3191,4.46051,4.46153,4.44916,4.45225
3192,4.47088,4.47357,4.46971,4.47854
3193,4.45831,4.45997,4.45773,4.45228
3194,4.47746,4.47656,4.47609,4.47536
3195,4.46264,4.46283,4.45872,4.46104
3196,4.46912,4.46887,4.46546,4.46868
3197,4.46292,4.46289,4.46972,4.45658
3198,4.47216,4.46873,4.45998,4.46996
3199,4.46722,4.46642,4.45226,4.46197
3200,4.46363,4.46332,4.44722,4.45905
3201,4.46638,4.46745,4.46263,4.46382
3202,4.47245,4.47257,4.46276,4.46998
3203,4.46126,4.45822,4.45681,4.45688
3204,4.47927,4.48095,4.48676,4.48027
3205,4.47255,4.46813,4.45967,4.46912
3206,4.47184,4.47096,4.46688,4.46539
3207,4.45963,4.46255,4.45531,4.4555
3208,4.46982,4.46964,4.45876,4.46713
3209,4.44927,4.44794,4.44308,4.441
3210,4.46261,4.45924,4.44698,4.45673
3211,4.47535,4.4757,4.47135,4.47249
3212,4.46012,4.45992,4.44891,4.45495
3213,4.4619,4.46273,4.45741,4.46472
3214,4.44657,4.44637,4.44167,4.43748
3215,4.47104,4.47264,4.46468,4.46763
3216,4.47006,4.47055,4.46094,4.47061
3217,4.45703,4.45505,4.44637,4.4502
3218,4.4742,4.47462,4.46402,4.46624
3219,4.46204,4.46213,4.45717,4.45332
3220,4.47312,4.47323,4.46551,4.46936
3221,4.4539,4.45551,4.43635,4.44616
3222,4.47997,4.48055,4.47459,4.47529
3223,4.46377,4.46404,4.45883,4.4655
3224,4.47312,4.4737,4.46564,4.47428
3225,4.48305,4.47189,4.45995,4.4621
3226,4.48402,4.48492,4.47788,4.47775
3227,4.4704,4.47088,4.46797,4.47078
3228,4.46294,4.46219,4.45673,4.45874
3229,4.48705,4.48531,4.48879,4.48053
3230,4.46387,4.46138,4.46119,4.45724
3231,4.47868,4.47492,4.47547,4.47534
3232,4.47153,4.47097,4.48047,4.46704
3233,4.46191,4.46214,4.45699,4.47965
3234,4.46929,4.46361,4.45958,4.46626
3235,4.47555,4.47314,4.46406,4.4681
3236,4.48524,4.46537,4.4639,4.46174
3237,4.46362,4.46318,4.45755,4.46474
3238,4.46832,4.46841,4.45631,4.47128
3239,4.46995,4.46989,4.46062,4.47042
3240,4.45595,4.45737,4.44011,4.45593
3241,4.46193,4.46281,4.45686,4.46021
3242,4.46461,4.46334,4.45708,4.46255
3243,4.4697,4.46766,4.45312,4.46415
3244,4.47276,4.47171,4.4512,4.46328
3245,4.49934,4.46297,4.45324,4.45798
3246,4.45592,4.4525,4.44477,4.45046
3247,4.46421,4.46079,4.45773,4.46188
3248,4.4532,4.4521,4.43941,4.45373
3249,4.47045,4.47057,4.46092,4.46185
3250,4.46678,4.46377,4.45818,4.46681
3251,4.47362,4.47147,4.46703,4.47523
3252,4.48418,4.48507,4.4911,4.48826
3253,4.46826,4.466,4.46164,4.46623
3254,4.48155,4.48131,4.47249,4.47135
3255,4.44941,4.4486,4.44234,4.44611
3256,4.4666,4.46716,4.45297,4.46461
3257,4.45853,4.45666,4.44924,4.45485
3258,4.46582,4.4659,4.46379,4.46435
3259,4.45094,4.44954,4.44995,4.44467
3260,4.46763,4.46632,4.45565,4.46446
3261,4.46912,4.47045,4.46781,4.46471
3262,4.48329,4.48111,4.47639,4.47961
3263,4.46535,4.46657,4.46083,4.46665
3264,4.47306,4.47252,4.46126,4.47306
3265,4.47503,4.47569,4.45338,4.47021
3266,4.45776,4.4577,4.47496,4.45388
3267,4.4608,4.46066,4.45238,4.45696
3268,4.45777,4.45656,4.46322,4.45173
3269,4.46085,4.46152,4.45803,4.4535
3270,4.46031,4.45978,4.45423,4.45238
3271,4.47428,4.47378,4.46562,4.47236
3272,4.47628,4.47509,4.46858,4.47026
3273,4.46661,4.46685,4.45259,4.47092
3274,4.47354,4.47172,4.47124,4.47432
3275,4.46958,4.46853,4.46876,4.46683
3276,4.47483,4.47297,4.46233,4.46075
3277,4.45601,4.45503,4.4357,4.4471
3278,4.47246,4.47205,4.46518,4.46811
3279,4.46972,4.46982,4.45412,4.46624
3280,4.45954,4.45866,4.45762,4.45473
3281,4.4625,4.46265,4.45285,4.45658
3282,4.46462,4.46538,4.46479,4.46882
3283,4.47857,4.47852,4.46605,4.47563
3284,4.47233,4.47326,4.46746,4.4721
3285,4.46765,4.46723,4.46531,4.45967
3286,4.46846,4.47074,4.4688,4.46484
3287,4.45381,4.45338,4.44373,4.44933
3288,4.46864,4.46725,4.46014,4.46229
3289,4.47076,4.47168,4.46405,4.47217
3290,4.47052,4.46933,4.46438,4.4665
3291,4.47758,4.47968,4.47517,4.4804
3292,4.45849,4.46038,4.45796,4.45769
3293,4.47216,4.46935,4.46086,4.46407
3294,4.46311,4.46222,4.46075,4.46626
3295,4.46365,4.46371,4.4524,4.45713
3296,4.45876,4.46159,4.45482,4.45611
3297,4.45634,4.45664,4.45195,4.45991
3298,4.45152,4.45074,4.44372,4.44535
3299,4.45843,4.45729,4.45779,4.44982
3300,4.45893,4.45733,4.45171,4.45761
3301,4.46086,4.46269,4.45858,4.45809
3302,4.4687,4.46564,4.4606,4.45968
3303,4.46212,4.46046,4.44506,4.45895
3304,4.47352,4.47204,4.47027,4.46701
3305,4.46681,4.46708,4.45835,4.46577
3306,4.46036,4.45881,4.45072,4.45914
3307,4.46994,4.46789,4.46419,4.46472
3308,4.47432,4.47168,4.47038,4.46721
3309,4.45852,4.45649,4.44663,4.45581
3310,4.4623,4.46304,4.45366,4.45739
3311,4.47162,4.47253,4.46588,4.46531
3312,4.46604,4.46681,4.46118,4.46222
3313,4.46339,4.46211,4.45598,4.46366
3314,4.46325,4.46421,4.45786,4.45957
3315,4.47405,4.47557,4.46734,4.47185
3316,4.47084,4.47002,4.46284,4.46123
3317,4.46348,4.46537,4.45104,4.46376
3318,4.44955,4.44937,4.44207,4.44602
3319,4.464,4.46685,4.44821,4.45346
3320,4.47034,4.46973,4.46523,4.47102
3321,4.48028,4.47898,4.47344,4.47471
3322,4.47469,4.47564,4.47337,4.47622
3323,4.46413,4.46287,4.45658,4.46246
3324,4.46244,4.46293,4.4564,4.46323
3325,4.44956,4.44969,4.44744,4.44719
3326,4.46796,4.46554,4.45276,4.46332
3327,4.45389,4.45317,4.43923,4.44986
3328,4.45706,4.45648,4.44313,4.45262
3329,4.48268,4.48269,4.47809,4.48264
3330,4.4744,4.47115,4.48546,4.46396
3331,4.48701,4.48611,4.47208,4.48389
3332,4.47399,4.47339,4.47197,4.47505
3333,4.47551,4.47404,4.46814,4.47047
3334,4.46775,4.4677,4.4515,4.4568
3335,4.45816,4.45603,4.45552,4.45306
3336,4.47729,4.47833,4.46973,4.46982
3337,4.46231,4.46185,4.46069,4.4558
3338,4.47667,4.47692,4.46338,4.46369
3339,4.46412,4.46302,4.45067,4.45555
3340,4.46908,4.4687,4.45557,4.46467
3341,4.47014,4.46931,4.4723,4.47188
3342,4.46355,4.4627,4.45408,4.45183
3343,4.4595,4.46038,4.44565,4.45296
3344,4.46377,4.46093,4.4566,4.46004
3345,4.46991,4.47066,4.46042,4.46903
3346,4.46749,4.46682,4.46161,4.46852
3347,4.4669,4.46708,4.45408,4.46081
3348,4.47217,4.47139,4.46484,4.46538
3349,4.4653,4.46525,4.44858,4.4586
3350,4.46023,4.45837,4.4528,4.45625
3351,4.47272,4.47214,4.47102,4.46901
3352,4.46865,4.46756,4.46029,4.46289
3353,4.48368,4.48147,4.46554,4.47584
3354,4.46037,4.45897,4.44377,4.45036
3355,4.4656,4.46699,4.45779,4.45675
3356,4.4529,4.45312,4.45451,4.45015
3357,4.47675,4.47695,4.46439,4.47279
3358,4.45997,4.46165,4.47235,4.45417
3359,4.46298,4.46362,4.44881,4.45684
3360,4.46621,4.4666,4.46041,4.46127
3361,4.45886,4.45904,4.46236,4.45754
3362,4.46529,4.46768,4.46803,4.46466
3363,4.47581,4.47598,4.4686,4.46711
3364,4.46198,4.46147,4.46212,4.45815
3365,4.46208,4.46081,4.45899,4.45301
3366,4.46748,4.46925,4.45727,4.4638
3367,4.4809,4.47899,4.47488,4.4772
3368,4.457,4.45693,4.45118,4.45448
3369,4.46815,4.46916,4.46337,4.46478
3370,4.46648,4.4664,4.45838,4.46191
3371,4.45391,4.45323,4.43971,4.44672
3372,4.46861,4.46548,4.44784,4.45577
3373,4.46703,4.46757,4.46581,4.46484
3374,4.46472,4.46438,4.46593,4.466
3375,4.49047,4.49061,4.48772,4.48364
3376,4.4708,4.4676,4.45967,4.45955
3377,4.46774,4.46684,4.4549,4.47087
3378,4.47158,4.47102,4.46982,4.46457
3379,4.47703,4.47659,4.4714,4.4783
3380,4.48075,4.48056,4.4733,4.47436
3381,4.46155,4.46248,4.46452,4.45572
3382,4.47035,4.46724,4.46659,4.46685
3383,4.46145,4.46151,4.45018,4.46725
3384,4.46309,4.46251,4.46175,4.46039
3385,4.47379,4.47176,4.47151,4.46979
3386,4.47436,4.47101,4.46214,4.46441
3387,4.46812,4.46621,4.45692,4.46295
3388,4.47395,4.47551,4.47147,4.47644
3389,4.45071,4.44945,4.43856,4.44567
3390,4.46818,4.46746,4.46281,4.46968
3391,4.46132,4.46016,4.45698,4.45825
3392,4.45801,4.45801,4.4539,4.45716
3393,4.45631,4.45699,4.44898,4.45205
3394,4.46691,4.464,4.45112,4.45918
3395,4.4646,4.46424,4.4474,4.46415
3396,4.47606,4.475,4.47101,4.47124
3397,4.47304,4.47408,4.46353,4.47241
3398,4.46822,4.46689,4.46731,4.46808
3399,4.46792,4.46742,4.45657,4.45996
3400,4.47565,4.47479,4.47143,4.46941
3401,4.46419,4.46384,4.45701,4.45215
3402,4.46528,4.46449,4.46362,4.4663
3403,4.45908,4.45858,4.45523,4.46316
3404,4.4628,4.46318,4.4484,4.45671
3405,4.45877,4.45894,4.45234,4.45743
3406,4.46891,4.46908,4.46561,4.46576
3407,4.45411,4.45458,4.44522,4.44625
3408,4.46827,4.46781,4.4676,4.46304
3409,4.46021,4.45934,4.45107,4.45611
3410,4.46436,4.46548,4.45262,4.46344
3411,4.45712,4.45711,4.45048,4.44593
3412,4.45581,4.45757,4.44826,4.45388
3413,4.45904,4.45851,4.4537,4.45685
3414,4.47652,4.47549,4.46601,4.47338
3415,4.45218,4.45408,4.45429,4.45144
3416,4.46888,4.46835,4.45658,4.46036
3417,4.46375,4.46675,4.45506,4.46161
3418,4.47396,4.47131,4.46391,4.47049
3419,4.45844,4.458,4.43945,4.45328
3420,4.47405,4.47209,4.46233,4.46736
3421,4.47127,4.47109,4.46019,4.4633
3422,4.45875,4.45974,4.45508,4.45842
3423,4.46246,4.46201,4.46193,4.45738
3424,4.48324,4.48214,4.46086,4.47575
3425,4.45776,4.45916,4.46005,4.45193
3426,4.47097,4.46686,4.46037,4.47307
3427,4.45136,4.45266,4.44564,4.45507
3428,4.46719,4.46514,4.45194,4.46638
3429,4.46273,4.46234,4.45404,4.4651
3430,4.4773,4.47638,4.45769,4.46725
3431,4.47815,4.47623,4.46544,4.47352
3432,4.47107,4.4693,4.46075,4.47069
3433,4.47366,4.47159,4.47109,4.46573
3434,4.46541,4.464,4.47111,4.45289
3435,4.48641,4.48432,4.46866,4.48114
3436,4.45844,4.45757,4.45094,4.45442
3437,4.46687,4.46655,4.47293,4.46886
3438,4.46862,4.46734,4.47443,4.465
3439,4.45711,4.45728,4.4455,4.45162
3440,4.46751,4.46709,4.45777,4.46715
3441,4.46226,4.46289,4.45374,4.46279
3442,4.45245,4.45241,4.44613,4.44618
3443,4.45716,4.45826,4.44903,4.45245
3444,4.46346,4.46378,4.46469,4.45857
3445,4.45665,4.45588,4.44918,4.45306
3446,4.46161,4.46294,4.45178,4.46352
3447,4.47554,4.47432,4.47447,4.47075
3448,4.46263,4.46303,4.45554,4.46127
3449,4.46104,4.46074,4.47162,4.45891
3450,4.46798,4.46914,4.46969,4.46421
3451,4.46584,4.464,4.471,4.45852
3452,4.47503,4.47499,4.4732,4.47157
3453,4.47602,4.47455,4.46511,4.47041
3454,4.46441,4.46558,4.4585,4.45802
3455,4.48678,4.46992,4.47659,4.46507
3456,4.48048,4.47969,4.47697,4.47633
3457,4.46954,4.46844,4.46231,4.45663
3458,4.47462,4.47561,4.46888,4.46827
3459,4.46203,4.46109,4.45261,4.45616
3460,4.46694,4.46583,4.46116,4.46097
3461,4.46472,4.46631,4.45682,4.45571
3462,4.45954,4.4589,4.45047,4.45885
3463,4.46714,4.46396,4.46188,4.45673
3464,4.47862,4.47843,4.46459,4.47556
3465,4.47269,4.47084,4.46046,4.46553
3466,4.48518,4.48413,4.47509,4.48339
3467,4.45076,4.44923,4.45657,4.44746
3468,4.46905,4.46784,4.46198,4.46565
3469,4.47141,4.46974,4.46381,4.46987
3470,4.49972,4.4731,4.46942,4.46881
3471,4.49109,4.46849,4.46477,4.46442
3472,4.4613,4.46218,4.46279,4.45775
3473,4.46994,4.47004,4.46458,4.46692
3474,4.47529,4.47445,4.4723,4.47116
3475,4.46736,4.46584,4.45778,4.46013
3476,4.45964,4.45911,4.4574,4.45584
3477,4.48735,4.48687,4.4812,4.48206
3478,4.46497,4.46433,4.45139,4.45861
3479,4.46539,4.46459,4.45875,4.46349
3480,4.49425,4.47132,4.45635,4.46283
3481,4.47338,4.47342,4.46992,4.46836
3482,4.4553,4.45804,4.44616,4.45414
3483,4.47018,4.47008,4.46653,4.46771
3484,4.4706,4.45676,4.44879,4.44908
3485,4.4652,4.46526,4.455,4.45505
3486,4.46836,4.467,4.45918,4.4595
3487,4.46771,4.46725,4.46319,4.4663
3488,4.46494,4.46341,4.46032,4.4609
3489,4.47157,4.472,4.4674,4.4691
3490,4.46038,4.46002,4.45898,4.45837
3491,4.46294,4.46376,4.45407,4.45822
3492,4.4684,4.46383,4.45943,4.46197
3493,4.46033,4.4594,4.44343,4.44904
3494,4.47327,4.4739,4.46955,4.4728
3495,4.47062,4.46973,4.46905,4.46284
3496,4.45475,4.45361,4.43609,4.44909
3497,4.47318,4.47247,4.46113,4.46243
3498,4.47519,4.47548,4.47534,4.48005
3499,4.45881,4.45806,4.45144,4.45392
3500,4.4701,4.46834,4.46546,4.46155
3501,4.47874,4.47715,4.47588,4.48249
3502,4.46579,4.46366,4.45419,4.45613
3503,4.46866,4.46677,4.45896,4.45872
3504,4.46003,4.45999,4.4499,4.45499
3505,4.4676,4.46772,4.4594,4.46391
3506,4.4741,4.47382,4.46089,4.46842
3507,4.47161,4.47111,4.46655,4.47134
3508,4.46093,4.45965,4.44557,4.45603
3509,4.46866,4.46897,4.46783,4.46663
3510,4.46849,4.46803,4.45772,4.45985
3511,4.46275,4.46066,4.4466,4.45777
3512,4.46874,4.46904,4.46706,4.46957
3513,4.47769,4.47734,4.46586,4.47214
3514,4.46079,4.46031,4.45306,4.46117
3515,4.44927,4.44895,4.44327,4.44074
3516,4.49162,4.46306,4.44609,4.45563
3517,4.46554,4.46401,4.45592,4.46248
3518,4.46502,4.46449,4.45759,4.45965
3519,4.47359,4.47253,4.45244,4.46289
3520,4.46281,4.46194,4.46564,4.45895
3521,4.47555,4.47693,4.46732,4.47366
3522,4.47516,4.47282,4.46201,4.47022
3523,4.46919,4.4705,4.45341,4.4607
3524,4.46804,4.47175,4.47202,4.46854
3525,4.47433,4.47258,4.46461,4.47239
3526,4.47063,4.46737,4.46054,4.46684
3527,4.47438,4.47388,4.469,4.47294
3528,4.45982,4.46084,4.46402,4.45489
3529,4.46414,4.4636,4.45724,4.46062
3530,4.47744,4.47565,4.47139,4.47732
3531,4.45502,4.45429,4.45375,4.45949
3532,4.47915,4.47958,4.47479,4.4748
3533,4.46688,4.46638,4.45555,4.46373
3534,4.46307,4.46467,4.4598,4.45851
3535,4.455,4.45392,4.45592,4.45602
3536,4.46322,4.46203,4.45425,4.45512
3537,4.46672,4.46393,4.45252,4.46135
3538,4.47298,4.4721,4.4659,4.46445
3539,4.46793,4.46623,4.46242,4.46288
3540,4.46604,4.46717,4.46163,4.46074
3541,4.46902,4.46932,4.46591,4.4655
3542,4.45713,4.4575,4.44381,4.44877
3543,4.46835,4.46901,4.46037,4.45794
3544,4.47026,4.47111,4.45213,4.46131
3545,4.47199,4.47237,4.47044,4.47518
3546,4.45511,4.45505,4.44061,4.44843
3547,4.45808,4.45959,4.45949,4.45429
3548,4.45929,4.46064,4.45557,4.45393
3549,4.46145,4.46072,4.45036,4.45414
3550,4.46766,4.46707,4.45443,4.46516
3551,4.45836,4.45749,4.44865,4.456
3552,4.45747,4.45786,4.45275,4.44922
3553,4.47031,4.46886,4.46499,4.47004
3554,4.45162,4.45166,4.45212,4.44608
3555,4.45916,4.45707,4.44935,4.45398
3556,4.47171,4.47112,4.46196,4.46483
3557,4.44893,4.44713,4.44897,4.43928
3558,4.46919,4.46725,4.46488,4.46461
3559,4.46185,4.46013,4.46083,4.46013
3560,4.46887,4.46826,4.46563,4.46164
3561,4.45197,4.45341,4.45524,4.44395
3562,4.4555,4.45505,4.44985,4.45228
3563,4.47179,4.47101,4.47139,4.46756
3564,4.47338,4.47328,4.46134,4.47067
3565,4.46128,4.46086,4.45826,4.46007
3566,4.46734,4.46739,4.46262,4.46432
3567,4.47598,4.47493,4.4731,4.47034
3568,4.46263,4.46222,4.4546,4.4601
3569,4.46481,4.46502,4.46599,4.46133
3570,4.46206,4.46258,4.45678,4.45481
3571,4.46278,4.46508,4.45982,4.46574
3572,4.46768,4.46781,4.46063,4.45951
3573,4.45722,4.45709,4.44765,4.45473
3574,4.47006,4.46988,4.46341,4.46442
3575,4.44587,4.44603,4.43927,4.44316
3576,4.47265,4.47238,4.46389,4.46917
3577,4.46488,4.46468,4.45084,4.46041
3578,4.46468,4.46326,4.45342,4.46083
3579,4.48404,4.48378,4.47578,4.48252
3580,4.45655,4.45777,4.45111,4.45235
3581,4.45509,4.45449,4.44625,4.44993
3582,4.46221,4.46312,4.45509,4.45699
3583,4.4589,4.46042,4.4514,4.45469
3584,4.46042,4.46006,4.45132,4.4538
3585,4.46504,4.46494,4.45998,4.46396
3586,4.45408,4.45436,4.4541,4.45376
3587,4.46789,4.46864,4.45744,4.46501
3588,4.46474,4.46515,4.45786,4.4627
3589,4.46975,4.46841,4.45916,4.46721
3590,4.47103,4.47158,4.45924,4.46329
3591,4.47701,4.47658,4.47211,4.46761
3592,4.4709,4.47121,4.46774,4.46799
3593,4.46024,4.45981,4.45192,4.45494
3594,4.47786,4.47948,4.46839,4.46824
3595,4.46452,4.46215,4.45764,4.4622
3596,4.47886,4.47752,4.46283,4.4715
3597,4.47359,4.4731,4.46549,4.462
3598,4.47947,4.47919,4.48171,4.47518
3599,4.46601,4.46521,4.46481,4.45765
3600,4.47501,4.47259,4.47067,4.47282
3601,4.46512,4.46421,4.45123,4.46851
3602,4.46465,4.4664,4.46085,4.46713
3603,4.47361,4.4743,4.47204,4.47724
3604,4.46021,4.45883,4.46003,4.46378
3605,4.46015,4.46025,4.44978,4.45267
3606,4.46992,4.46856,4.46773,4.45539
3607,4.46507,4.46595,4.44165,4.44887
3608,4.46364,4.46396,4.45695,4.46215
3609,4.46954,4.47079,4.45206,4.46548
3610,4.45472,4.45374,4.43842,4.44994
3611,4.45622,4.4569,4.45427,4.44479
3612,4.46837,4.46856,4.46164,4.46696
3613,4.47056,4.46869,4.46646,4.46597
3614,4.463,4.46431,4.45426,4.46532
3615,4.46373,4.46349,4.45214,4.45722
3616,4.47296,4.47118,4.45727,4.46125
3617,4.46984,4.47119,4.46147,4.46501
3618,4.45944,4.45951,4.44757,4.4574
3619,4.45597,4.45604,4.45164,4.45112
3620,4.46321,4.4613,4.45218,4.45859
3621,4.45896,4.45673,4.44332,4.4515
3622,4.46875,4.46933,4.45651,4.46722
3623,4.47474,4.4742,4.46799,4.46669
3624,4.46474,4.46495,4.46074,4.457
3625,4.47786,4.4777,4.46501,4.47256
3626,4.4657,4.46711,4.45624,4.45765
3627,4.47163,4.47153,4.45942,4.47084
3628,4.47542,4.47522,4.46354,4.47344
3629,4.47296,4.47202,4.45951,4.47116
3630,4.46485,4.46547,4.46437,4.46189
3631,4.46398,4.46431,4.45832,4.45762
3632,4.46373,4.46379,4.45292,4.45891
3633,4.46079,4.45977,4.4389,4.44957
3634,4.46085,4.46134,4.453,4.45518
3635,4.46888,4.46745,4.4559,4.46078
3636,4.46928,4.46886,4.44709,4.46133
3637,4.46175,4.46159,4.44781,4.45623
3638,4.46199,4.46026,4.45267,4.45062
3639,4.46594,4.46508,4.45399,4.45234
3640,4.47585,4.47403,4.46427,4.46873
3641,4.4607,4.46106,4.45655,4.45211
3642,4.47183,4.47199,4.46286,4.46759
3643,4.46215,4.46353,4.45729,4.45793
3644,4.45587,4.45543,4.45795,4.44467
3645,4.45905,4.45874,4.4412,4.44977
3646,4.45871,4.45832,4.45284,4.44827
3647,4.47285,4.47204,4.45988,4.46061
3648,4.45652,4.45726,4.45014,4.46111
3649,4.4602,4.45958,4.44436,4.47141
3650,4.48444,4.48391,4.47772,4.47777
3651,4.45651,4.457,4.44533,4.45421
3652,4.46644,4.46461,4.46452,4.46054
3653,4.46948,4.46786,4.46018,4.46515
3654,4.45559,4.45565,4.4615,4.45039
3655,4.46791,4.46873,4.46465,4.46511
3656,4.47339,4.47261,4.4647,4.46536
3657,4.4689,4.46952,4.46389,4.46308
3658,4.46496,4.46356,4.45722,4.45802
3659,4.464,4.46279,4.46022,4.46212
3660,4.46788,4.46924,4.45887,4.48621
3661,4.45241,4.4521,4.4439,4.45105
3662,4.4714,4.47078,4.46037,4.46379
3663,4.47448,4.47372,4.46762,4.48706
3664,4.47882,4.47933,4.47157,4.4809
3665,4.47185,4.47312,4.45816,4.47861
3666,4.45976,4.4592,4.45312,4.45421
3667,4.46097,4.46062,4.45114,4.45577
3668,4.47241,4.47335,4.47337,4.47485
3669,4.46951,4.46929,4.45819,4.47621
3670,4.46513,4.46517,4.45113,4.46466
3671,4.47159,4.47091,4.46196,4.46489
3672,4.46556,4.46554,4.45933,4.45721
3673,4.46327,4.46247,4.4607,4.45389
3674,4.46062,4.46083,4.44781,4.46244
3675,4.47202,4.47061,4.45136,4.46515
3676,4.46099,4.46028,4.44471,4.45485
3677,4.47776,4.4766,4.47674,4.4742
3678,4.46953,4.47082,4.46101,4.47514
3679,4.46789,4.46751,4.45787,4.46184
3680,4.47811,4.47625,4.46425,4.47233
3681,4.47283,4.47303,4.4547,4.46286
3682,4.45693,4.45815,4.43546,4.44957
3683,4.47906,4.47843,4.47575,4.47657
3684,4.46693,4.46564,4.45927,4.4634
3685,4.44765,4.44816,4.43381,4.43914
3686,4.46605,4.467,4.44571,4.45992
3687,4.46705,4.46603,4.45668,4.46371
3688,4.4682,4.4706,4.4643,4.47005
3689,4.47443,4.47375,4.45814,4.46557
3690,4.46602,4.46554,4.45725,4.45844
3691,4.4756,4.47513,4.45969,4.4647
3692,4.46941,4.46849,4.44695,4.4589
3693,4.46746,4.46647,4.45973,4.46021
3694,4.46798,4.46855,4.47061,4.46906
3695,4.46842,4.46726,4.45171,4.45712
3696,4.46038,4.45878,4.43756,4.44944
3697,4.45324,4.452,4.44286,4.45335
3698,4.46549,4.46625,4.44521,4.4565
3699,4.46128,4.46002,4.44269,4.46121
3700,4.46232,4.46137,4.46267,4.4481
3701,4.46013,4.45921,4.45778,4.46618
3702,4.4693,4.4685,4.46147,4.46314
3703,4.4557,4.45576,4.43957,4.45325
3704,4.46722,4.46548,4.46382,4.46609
3705,4.4664,4.4658,4.47204,4.46502
3706,4.47582,4.47501,4.4723,4.47508
3707,4.47636,4.47636,4.47831,4.48104
3708,4.47196,4.47262,4.45641,4.46856
3709,4.45989,4.45897,4.44829,4.45784
3710,4.46179,4.46044,4.45294,4.45958
3711,4.47043,4.46928,4.46046,4.46946
3712,4.463,4.46347,4.46044,4.4954
3713,4.46991,4.46862,4.45213,4.46597
3714,4.46092,4.46014,4.44219,4.4548
3715,4.47103,4.46993,4.46421,4.46599
3716,4.47504,4.47615,4.46197,4.47796
3717,4.46775,4.46557,4.46188,4.46306
3718,4.46757,4.46665,4.45509,4.46153
3719,4.45192,4.45053,4.43646,4.44847
3720,4.45671,4.45883,4.44739,4.45766
3721,4.48465,4.48503,4.47789,4.47983
3722,4.47164,4.47222,4.46547,4.50517
3723,4.46012,4.46089,4.44638,4.45822
3724,4.45998,4.46092,4.44439,4.458
3725,4.47253,4.47348,4.4554,4.46946
3726,4.46244,4.46285,4.45318,4.46048
3727,4.45437,4.4558,4.44125,4.45193
3728,4.46877,4.46769,4.45389,4.46318
3729,4.45892,4.45852,4.45421,4.45771
3730,4.47091,4.47083,4.45757,4.46755
3731,4.4611,4.46019,4.47011,4.4491
3732,4.45975,4.45853,4.44677,4.45313
3733,4.46292,4.46419,4.46288,4.4772
3734,4.46016,4.45962,4.44524,4.45656
3735,4.46869,4.46815,4.45114,4.46067
3736,4.4648,4.46595,4.45422,4.46984
3737,4.46557,4.46489,4.45021,4.46239
3738,4.46792,4.46841,4.45993,4.46986
3739,4.45866,4.45889,4.44361,4.45833
3740,4.47606,4.47535,4.4639,4.48231
3741,4.46474,4.46443,4.44152,4.45701
3742,4.45968,4.45958,4.44646,4.47094
3743,4.45936,4.45914,4.4543,4.46276
3744,4.46809,4.46756,4.4527,4.46278
3745,4.45566,4.45395,4.45398,4.44888
3746,4.462,4.46197,4.45567,4.45598
3747,4.47083,4.47031,4.45812,4.47185
3748,4.46707,4.46721,4.46476,4.46316
3749,4.48507,4.46721,4.4562,4.46624
3750,4.46758,4.46669,4.45595,4.46839
3751,4.45522,4.45402,4.44053,4.45382
3752,4.46547,4.46393,4.45923,4.4643
3753,4.47075,4.46997,4.46179,4.46859
3754,4.4678,4.46652,4.45375,4.46419
3755,4.48093,4.47925,4.46498,4.49504
3756,4.46929,4.46892,4.45595,4.46041
3757,4.48616,4.48462,4.46933,4.47981
3758,4.46396,4.4647,4.44755,4.45738
3759,4.4596,4.45961,4.45651,4.45732
3760,4.45236,4.45204,4.45858,4.45034
3761,4.46567,4.4652,4.44086,4.46794
3762,4.47493,4.47526,4.46404,4.46611
3763,4.47293,4.46984,4.46678,4.47441
3764,4.47947,4.47868,4.47131,4.48105
3765,4.46307,4.4631,4.45844,4.46727
3766,4.46577,4.46341,4.4676,4.46636
3767,4.4729,4.47454,4.45136,4.47344
3768,4.47951,4.47629,4.46355,4.47125
3769,4.47389,4.47285,4.47051,4.4669
3770,4.47804,4.47543,4.4594,4.47617
3771,4.46711,4.46801,4.45326,4.46582
3772,4.4583,4.4594,4.43908,4.45504
3773,4.46606,4.46532,4.45294,4.49557
3774,4.45696,4.45792,4.45082,4.45188
3775,4.46533,4.46589,4.44833,4.46739
3776,4.46254,4.46204,4.44743,4.4605
3777,4.47268,4.47051,4.46345,4.46598
3778,4.45846,4.45564,4.43598,4.45246
3779,4.46447,4.46354,4.45702,4.45942
3780,4.45806,4.4585,4.45514,4.4561
3781,4.46764,4.46572,4.46654,4.46588
3782,4.46787,4.46666,4.45951,4.46912
3783,4.45567,4.45464,4.44053,4.45947
3784,4.47229,4.47121,4.45136,4.46707
3785,4.46306,4.46154,4.44854,4.45461
3786,4.47032,4.46782,4.46123,4.46352
3787,4.466,4.46815,4.44897,4.46411
3788,4.46455,4.46218,4.45159,4.45954
3789,4.46632,4.4668,4.44949,4.46622
3790,4.46278,4.46309,4.44984,4.45539
3791,4.46238,4.46259,4.44209,4.4601
3792,4.45748,4.45881,4.45888,4.45966
3793,4.45747,4.45902,4.46077,4.46032
3794,4.47612,4.47704,4.46567,4.47924
3795,4.47119,4.47159,4.47659,4.4765
3796,4.47244,4.47218,4.4557,4.474
3797,4.45978,4.45827,4.44654,4.45698
3798,4.47729,4.47594,4.46615,4.47301
3799,4.47867,4.47822,4.46544,4.47923
3800,4.45324,4.45463,4.44059,4.44639
3801,4.4584,4.45778,4.44983,4.45654
3802,4.4667,4.466,4.47408,4.46116
3803,4.47302,4.4714,4.45785,4.46927
3804,4.47134,4.47204,4.45885,4.46598
3805,4.47699,4.47403,4.45511,4.47066
3806,4.46603,4.46571,4.45796,4.45744
3807,4.4659,4.46556,4.456,4.46645
3808,4.45169,4.45217,4.45244,4.44841
3809,4.46615,4.4652,4.4483,4.46278
3810,4.47202,4.47178,4.46951,4.46871
3811,4.45608,4.45499,4.44947,4.45269
3812,4.45926,4.45814,4.45488,4.45494
3813,4.48092,4.46064,4.44,4.4526
3814,4.47017,4.4708,4.45678,4.46445
3815,4.46678,4.46705,4.45788,4.46243
3816,4.44921,4.44849,4.44078,4.44563
3817,4.47516,4.47504,4.45954,4.46583
3818,4.46926,4.48924,4.46597,4.46359
3819,4.46427,4.46453,4.44974,4.45772
3820,4.46729,4.46668,4.46268,4.47094
3821,4.46843,4.46846,4.45937,4.46374
3822,4.46998,4.46938,4.4734,4.46483
3823,4.46749,4.46584,4.45731,4.45766
3824,4.485,4.48291,4.48187,4.47365
3825,4.47073,4.46826,4.4594,4.46591
3826,4.46011,4.46263,4.45958,4.46026
3827,4.45758,4.45848,4.43707,4.45571
3828,4.47274,4.47209,4.46945,4.46728
3829,4.46596,4.46661,4.46222,4.4674
3830,4.46443,4.46308,4.45155,4.46585
3831,4.46738,4.46607,4.45956,4.46172
3832,4.47343,4.47247,4.46246,4.46454
3833,4.4655,4.46324,4.45369,4.46025
3834,4.45307,4.4514,4.4348,4.44583
3835,4.45932,4.45934,4.43958,4.45598
3836,4.47193,4.47065,4.45617,4.46154
3837,4.46403,4.46504,4.4578,4.46979
3838,4.45071,4.45255,4.44125,4.43956
3839,4.45682,4.4568,4.44941,4.45898
3840,4.46996,4.47057,4.46561,4.46885
3841,4.45614,4.45647,4.4498,4.45116
3842,4.46907,4.47008,4.46008,4.46941
3843,4.47265,4.47205,4.46723,4.47084
3844,4.46302,4.46376,4.45643,4.45999
3845,4.4699,4.46709,4.45795,4.46543
3846,4.46914,4.46888,4.45826,4.46756
3847,4.47315,4.47144,4.46563,4.46706
3848,4.46352,4.46205,4.446,4.45776
3849,4.4741,4.47368,4.47557,4.47027
3850,4.45662,4.45511,4.4452,4.4515
3851,4.47501,4.47256,4.46559,4.46853
3852,4.47783,4.47536,4.46557,4.46718
3853,4.47313,4.48573,4.46723,4.46897
3854,4.47177,4.47126,4.46577,4.46855
3855,4.4668,4.46734,4.45997,4.46311
3856,4.46162,4.46106,4.44901,4.45417
3857,4.46183,4.46213,4.45903,4.45667
3858,4.45495,4.4549,4.44498,4.44896
3859,4.46422,4.46308,4.44906,4.4662
3860,4.47311,4.47292,4.46252,4.47297
3861,4.45082,4.45072,4.44321,4.45009
3862,4.44848,4.44765,4.42916,4.44358
3863,4.47752,4.47736,4.46417,4.47525
3864,4.46942,4.46821,4.46722,4.4662
3865,4.46053,4.46303,4.46233,4.4548
3866,4.47951,4.47826,4.46546,4.4764
3867,4.46449,4.46149,4.44721,4.4612
3868,4.4884,4.48866,4.47946,4.4877
3869,4.47693,4.47705,4.4662,4.46627
3870,4.46704,4.46707,4.45924,4.46211
3871,4.4453,4.44628,4.43687,4.44185
3872,4.46582,4.46506,4.45354,4.45982
3873,4.4662,4.4656,4.45344,4.45819
3874,4.46891,4.46792,4.45835,4.46319
3875,4.45333,4.45422,4.4436,4.4441
3876,4.46923,4.46895,4.45194,4.46398
3877,4.47907,4.47812,4.46053,4.47675
3878,4.47289,4.47044,4.45477,4.46504
3879,4.47143,4.47014,4.45396,4.46233
3880,4.46868,4.46852,4.45562,4.47127
3881,4.47681,4.47577,4.46139,4.4751
3882,4.44382,4.44304,4.43283,4.44062
3883,4.47316,4.47394,4.46327,4.47121
3884,4.46545,4.46441,4.45736,4.45637
3885,4.47332,4.47193,4.45343,4.46984
3886,4.48637,4.48619,4.49122,4.48804
3887,4.46048,4.46219,4.45498,4.45325
3888,4.47026,4.46817,4.45633,4.45779
3889,4.46,4.45947,4.43956,4.45051
3890,4.47448,4.474,4.44699,4.47196
3891,4.46383,4.465,4.47522,4.45825
3892,4.45908,4.45834,4.45041,4.45085
3893,4.46938,4.47015,4.45809,4.46647
3894,4.46144,4.45867,4.46961,4.45444
3895,4.46067,4.46117,4.44746,4.45838
3896,4.46089,4.46248,4.45899,4.4549
3897,4.4651,4.4642,4.44412,4.4603
3898,4.45079,4.45222,4.45064,4.4438
3899,4.46865,4.46809,4.46184,4.46541
3900,4.46488,4.4665,4.44698,4.46063
3901,4.46768,4.46543,4.4479,4.45945
3902,4.47522,4.47351,4.45836,4.46909
3903,4.46436,4.46383,4.44826,4.4592
3904,4.46939,4.47015,4.4624,4.46636
3905,4.46649,4.46667,4.44475,4.46026
3906,4.46671,4.46681,4.46654,4.45962
3907,4.45543,4.45462,4.44239,4.4467
3908,4.47176,4.47036,4.45301,4.46463
3909,4.46378,4.46269,4.45427,4.45617
3910,4.46402,4.46467,4.44782,4.46048
3911,4.46052,4.46193,4.46094,4.45538
3912,4.4561,4.45528,4.45149,4.45191
3913,4.46095,4.45943,4.45128,4.4521
3914,4.46485,4.46598,4.4593,4.46058
3915,4.46668,4.46509,4.4528,4.4706
3916,4.47222,4.47153,4.46178,4.46263
3917,4.46898,4.46953,4.46447,4.46972
3918,4.46346,4.4623,4.45151,4.46105
3919,4.46406,4.46158,4.46464,4.46261
3920,4.47113,4.46912,4.45643,4.46584
3921,4.45902,4.45858,4.442,4.45166
3922,4.45866,4.45822,4.4462,4.46834
3923,4.46801,4.46678,4.45892,4.46212
3924,4.46227,4.46181,4.45779,4.45784
3925,4.45824,4.45799,4.44967,4.45408
3926,4.46384,4.46345,4.44619,4.45998
3927,4.45499,4.45516,4.43641,4.45019
3928,4.4638,4.46144,4.43985,4.45572
3929,4.481,4.4563,4.43941,4.45073
3930,4.46441,4.4636,4.45431,4.45886
3931,4.46376,4.4624,4.4503,4.46325
3932,4.48627,4.48541,4.47197,4.4816
3933,4.45198,4.45332,4.44064,4.44702
3934,4.45859,4.45723,4.44174,4.45292
3935,4.48103,4.47966,4.46441,4.4742
3936,4.46716,4.46591,4.44006,4.46079
3937,4.46351,4.46365,4.45074,4.45922
3938,4.46388,4.46237,4.45005,4.45421
3939,4.4808,4.48092,4.4743,4.47267
3940,4.46092,4.4621,4.4657,4.45323
3941,4.48637,4.48652,4.47774,4.4849
3942,4.47034,4.46898,4.4769,4.46614
3943,4.45292,4.45396,4.44304,4.45226
3944,4.45885,4.45976,4.44464,4.45769
3945,4.45042,4.45101,4.43776,4.4487
3946,4.47391,4.47296,4.45097,4.46449
3947,4.46584,4.46549,4.46066,4.46418
3948,4.46628,4.46754,4.46219,4.46657
3949,4.46525,4.46661,4.4522,4.46251
3950,4.45197,4.45211,4.43704,4.44776
3951,4.48762,4.48538,4.47708,4.49526
3952,4.46174,4.46145,4.45054,4.45704
3953,4.47965,4.47861,4.47318,4.47525
3954,4.46694,4.4685,4.44988,4.46046
3955,4.47236,4.4728,4.45361,4.47044
3956,4.47841,4.47716,4.46909,4.47427
3957,4.46652,4.46561,4.45441,4.46033
3958,4.47004,4.47092,4.45437,4.46373
3959,4.45422,4.45471,4.44518,4.44452
3960,4.45358,4.4525,4.43535,4.44706
3961,4.46457,4.46402,4.44073,4.45808
3962,4.46403,4.48228,4.44656,4.45826
3963,4.4875,4.48595,4.47703,4.4815
3964,4.45954,4.46048,4.44444,4.45775
3965,4.46832,4.47146,4.45201,4.45919
3966,4.45439,4.45374,4.43958,4.44591
3967,4.47275,4.48633,4.46557,4.46758
3968,4.46807,4.46704,4.45735,4.46357
3969,4.47026,4.46887,4.46233,4.4668
3970,4.462,4.46203,4.4585,4.46147
3971,4.47022,4.46906,4.46304,4.46939
3972,4.47111,4.46746,4.45228,4.46564
3973,4.47593,4.4744,4.45599,4.47082
3974,4.47157,4.47008,4.45551,4.46499
3975,4.47514,4.47451,4.45685,4.46953
3976,4.46943,4.47151,4.45225,4.47141
3977,4.46491,4.46512,4.43975,4.45933
3978,4.46323,4.46408,4.45033,4.4564
3979,4.46042,4.45852,4.44781,4.45795
3980,4.4568,4.45758,4.4415,4.45803
3981,4.46634,4.4714,4.45472,4.46244
3982,4.47929,4.47644,4.4666,4.47325
3983,4.44963,4.45129,4.43055,4.45028
3984,4.47234,4.47054,4.4624,4.46334
3985,4.46236,4.46342,4.45272,4.45567
3986,4.47033,4.46893,4.46551,4.46477
3987,4.46226,4.46125,4.45376,4.45461
3988,4.48353,4.48156,4.46878,4.47848
3989,4.46798,4.46788,4.45897,4.46242
3990,4.46742,4.46652,4.45613,4.46233
3991,4.47473,4.47419,4.4727,4.47638
3992,4.48659,4.4835,4.46522,4.48126
3993,4.46569,4.46728,4.453,4.4645
3994,4.48694,4.47509,4.46892,4.46485
3995,4.47059,4.47108,4.48814,4.46522
3996,4.45764,4.45904,4.45011,4.45461
3997,4.46604,4.46568,4.45762,4.46486
3998,4.46938,4.46801,4.46527,4.46165
3999,4.47629,4.47498,4.46217,4.47017
4000,4.45401,4.45345,4.4539,4.44677
4001,4.46259,4.46122,4.45437,4.44928
4002,4.46568,4.46521,4.45795,4.45643
4003,4.46961,4.46889,4.45589,4.45992
4004,4.4663,4.4654,4.4487,4.46049
4005,4.48175,4.47178,4.45508,4.46835
4006,4.47466,4.47546,4.4631,4.47311
4007,4.47516,4.47526,4.472,4.47513
4008,4.46967,4.46738,4.45416,4.46519
4009,4.46052,4.45807,4.44585,4.4523
4010,4.4682,4.46667,4.45164,4.46074
4011,4.46428,4.4637,4.44154,4.46105
4012,4.45734,4.4575,4.45034,4.44952
4013,4.47389,4.47199,4.45979,4.47255
4014,4.47044,4.4687,4.44794,4.46133
4015,4.46856,4.46661,4.45542,4.46523
4016,4.46444,4.46235,4.46182,4.45812
4017,4.46522,4.46368,4.44694,4.46556
4018,4.46171,4.46227,4.44855,4.45733
4019,4.46609,4.46635,4.45312,4.46388
4020,4.46116,4.45999,4.44555,4.44695
4021,4.48497,4.46731,4.45648,4.46965
4022,4.46592,4.46642,4.44915,4.45952
4023,4.47314,4.47411,4.46687,4.46788
4024,4.46278,4.46185,4.46146,4.46076
4025,4.45495,4.45436,4.43652,4.45305
4026,4.46438,4.46472,4.45422,4.46869
4027,4.46698,4.46584,4.46063,4.46668
4028,4.48188,4.47003,4.46337,4.4657
4029,4.47303,4.47279,4.45976,4.47025
4030,4.46844,4.46659,4.46738,4.46763
4031,4.47324,4.47511,4.46475,4.46637
4032,4.46325,4.46345,4.45041,4.45547
4033,4.46297,4.46398,4.44753,4.45772
4034,4.46423,4.46285,4.45906,4.46195
4035,4.45664,4.45764,4.45434,4.44953
4036,4.46574,4.46428,4.44357,4.46112
4037,4.45984,4.45811,4.44441,4.45666
4038,4.48162,4.47843,4.46497,4.47203
4039,4.46577,4.46315,4.4531,4.46066
4040,4.46874,4.46448,4.45941,4.46223
4041,4.4651,4.46481,4.45093,4.46357
4042,4.46434,4.46387,4.45068,4.45783
4043,4.47116,4.47124,4.45377,4.46822
4044,4.4766,4.47631,4.46357,4.47553
4045,4.47203,4.47171,4.46358,4.46563
4046,4.46309,4.46059,4.45551,4.46047
4047,4.45745,4.45796,4.44993,4.45383
4048,4.4686,4.46629,4.45487,4.46479
4049,4.47048,4.46955,4.46933,4.46594
4050,4.45858,4.45833,4.44129,4.44673
4051,4.46886,4.46901,4.46153,4.46712
4052,4.48719,4.46648,4.46253,4.46705
4053,4.48677,4.46518,4.46118,4.45544
4054,4.4868,4.46114,4.46417,4.45849
4055,4.45434,4.45307,4.44381,4.44712
4056,4.46322,4.46323,4.45382,4.45903
4057,4.47038,4.45783,4.44576,4.442
4058,4.46095,4.45858,4.44597,4.45709
4059,4.4756,4.47449,4.45966,4.47089
4060,4.46845,4.47315,4.46758,4.46784
4061,4.47151,4.4722,4.46388,4.47228
4062,4.47376,4.47246,4.46057,4.46562
4063,4.46404,4.46316,4.45367,4.45909
4064,4.48208,4.48041,4.48171,4.47962
4065,4.47366,4.4724,4.45844,4.47262
4066,4.46462,4.46169,4.44553,4.4544
4067,4.47605,4.47512,4.46895,4.4723
4068,4.46978,4.46847,4.46179,4.46357
4069,4.47221,4.47385,4.4614,4.46733
4070,4.46967,4.47014,4.46297,4.46563
4071,4.46275,4.46314,4.45601,4.45697
4072,4.47773,4.47745,4.46696,4.47426
4073,4.45996,4.45938,4.4513,4.45393
4074,4.46182,4.46226,4.46124,4.45423
4075,4.47655,4.47523,4.4692,4.47081
4076,4.47856,4.47715,4.47059,4.47719
4077,4.47382,4.47341,4.45749,4.46904
4078,4.4619,4.462,4.4435,4.45903
4079,4.45489,4.45362,4.44506,4.45506
4080,4.46359,4.4649,4.47167,4.45931
4081,4.47031,4.46972,4.46438,4.46611
4082,4.4764,4.47529,4.46335,4.46818
4083,4.46922,4.46809,4.45408,4.47188
4084,4.47098,4.47027,4.45752,4.46269
4085,4.47204,4.46907,4.45664,4.46263
4086,4.46035,4.46081,4.44337,4.45844
4087,4.4628,4.46257,4.43515,4.45642
4088,4.46422,4.46204,4.44739,4.45499
4089,4.4645,4.46136,4.46078,4.47119
4090,4.4792,4.47769,4.46832,4.47802
4091,4.46098,4.46192,4.46064,4.45363
4092,4.46821,4.46666,4.45792,4.46219
4093,4.4646,4.46456,4.45694,4.46159
4094,4.45739,4.45567,4.44408,4.45571
4095,4.46399,4.46384,4.4546,4.45942
4096,4.46324,4.46284,4.44931,4.45348
4097,4.47403,4.47374,4.45958,4.4637
4098,4.47126,4.46881,4.46168,4.46505
4099,4.47667,4.47443,4.46303,4.47326
4100,4.46146,4.46379,4.44421,4.45736
4101,4.46923,4.46974,4.45414,4.47035
4102,4.45733,4.45945,4.43882,4.44592
4103,4.47787,4.47684,4.46639,4.4744
4104,4.46544,4.46358,4.44966,4.45927
4105,4.46511,4.46328,4.44857,4.4574
4106,4.46614,4.4641,4.4535,4.46352
4107,4.47213,4.47166,4.45903,4.47419
4108,4.47559,4.47705,4.46648,4.47417
4109,4.45787,4.4573,4.44942,4.4546
4110,4.47894,4.47711,4.46115,4.47463
4111,4.46521,4.46557,4.44649,4.46056
4112,4.47326,4.47142,4.47496,4.47019
4113,4.45545,4.45808,4.45642,4.45139
4114,4.45382,4.45755,4.44081,4.45587
4115,4.46874,4.46639,4.47156,4.46962
4116,4.45593,4.45745,4.44619,4.45176
4117,4.45203,4.45491,4.44601,4.44724
4118,4.46594,4.46577,4.45358,4.46544
4119,4.46503,4.46536,4.45062,4.45547
4120,4.4671,4.46539,4.45686,4.46075
4121,4.4795,4.47872,4.47001,4.4717
4122,4.46101,4.46063,4.45018,4.45694
4123,4.46904,4.46961,4.45199,4.46726
4124,4.4715,4.4723,4.45957,4.46543
4125,4.46199,4.46296,4.45525,4.46034
4126,4.46407,4.46429,4.44787,4.45265
4127,4.47155,4.46964,4.44682,4.46479
4128,4.46365,4.46404,4.45464,4.45708
4129,4.46982,4.47116,4.46538,4.46556
4130,4.47256,4.47377,4.47183,4.46949
4131,4.47588,4.4758,4.4629,4.46978
4132,4.48176,4.48127,4.46448,4.48456
4133,4.46737,4.46605,4.44988,4.46464
4134,4.47221,4.47154,4.45659,4.46765
4135,4.4694,4.46952,4.45417,4.4636
4136,4.46166,4.46185,4.4489,4.45504
4137,4.46269,4.4633,4.45887,4.46255
4138,4.46642,4.46699,4.46478,4.45964
4139,4.4597,4.45963,4.44331,4.45435
4140,4.46384,4.46317,4.44201,4.45396
4141,4.46489,4.46567,4.45639,4.46447
4142,4.47102,4.46936,4.44769,4.46297
4143,4.46383,4.46199,4.45666,4.45857
4144,4.47107,4.46902,4.46114,4.46562
4145,4.46764,4.46724,4.45298,4.46507
4146,4.45667,4.45648,4.43054,4.44895
4147,4.46298,4.46278,4.45708,4.45749
4148,4.46463,4.46505,4.4731,4.46428
4149,4.46417,4.4646,4.45388,4.46289
4150,4.47328,4.47452,4.4597,4.46979
4151,4.45627,4.45505,4.43678,4.45582
4152,4.4698,4.46838,4.46441,4.46597
4153,4.47378,4.4733,4.45895,4.47578
4154,4.45236,4.45336,4.44213,4.44517
4155,4.47426,4.47255,4.46299,4.47131
4156,4.46451,4.46207,4.46289,4.45835
4157,4.47908,4.47793,4.47142,4.47682
4158,4.47074,4.46938,4.45687,4.46655
4159,4.47841,4.47646,4.46881,4.47602
4160,4.46993,4.46863,4.45595,4.47037
4161,4.47058,4.47021,4.47982,4.46182
4162,4.45688,4.45607,4.45144,4.45421
4163,4.47029,4.47075,4.47699,4.46818
4164,4.46184,4.46311,4.44272,4.45775
4165,4.46008,4.46022,4.44558,4.45944
4166,4.47956,4.47989,4.46138,4.47322
4167,4.45697,4.45668,4.44421,4.45623
4168,4.46712,4.46548,4.45554,4.46259
4169,4.46702,4.46771,4.46374,4.46518
4170,4.47279,4.47227,4.45655,4.46569
4171,4.47047,4.4716,4.46161,4.46612
4172,4.47047,4.47012,4.45454,4.4619
4173,4.47451,4.47474,4.47218,4.47081
4174,4.4711,4.4701,4.4547,4.46217
4175,4.46198,4.46148,4.45249,4.45871
4176,4.46251,4.46364,4.45413,4.45914
4177,4.46217,4.46304,4.44976,4.46326
4178,4.4723,4.4714,4.46216,4.46774
4179,4.46378,4.46332,4.46245,4.45676
4180,4.4637,4.46694,4.45575,4.46157
4181,4.47025,4.47303,4.45051,4.47085
4182,4.45427,4.45288,4.45831,4.45487
4183,4.47945,4.47739,4.46265,4.46861
4184,4.46112,4.46097,4.45746,4.45767
4185,4.46506,4.46595,4.4646,4.4633
4186,4.46595,4.46447,4.45042,4.45589
4187,4.46918,4.46726,4.45598,4.47149
4188,4.47284,4.46926,4.45713,4.46846
4189,4.46526,4.46422,4.44805,4.46061
4190,4.46676,4.4693,4.4593,4.4716
4191,4.46552,4.46485,4.4482,4.46122
4192,4.45922,4.46098,4.44754,4.46043
4193,4.47283,4.47245,4.46017,4.47031
4194,4.48114,4.48058,4.46942,4.47492
4195,4.469,4.46947,4.45123,4.46784
4196,4.4644,4.46574,4.45287,4.46181
4197,4.46741,4.46732,4.44709,4.45516
4198,4.46203,4.46124,4.4575,4.45966
4199,4.46664,4.46457,4.4455,4.46389
4200,4.46083,4.46001,4.44197,4.45762
4201,4.46411,4.46321,4.44881,4.46257
4202,4.47248,4.47205,4.46086,4.48451
4203,4.46174,4.46171,4.44634,4.45619
4204,4.46391,4.46277,4.4606,4.45965
4205,4.46436,4.46223,4.45517,4.45922
4206,4.46005,4.4562,4.44053,4.45146
4207,4.46377,4.46127,4.43674,4.45195
4208,4.47328,4.47599,4.46475,4.46722
4209,4.47227,4.4706,4.45923,4.46875
4210,4.4628,4.4624,4.46521,4.45491
4211,4.47206,4.47195,4.45803,4.46622
4212,4.47213,4.47139,4.45697,4.47751
4213,4.46717,4.46724,4.44771,4.46526
4214,4.46148,4.46261,4.44679,4.4548
4215,4.47236,4.47048,4.46351,4.46484
4216,4.47009,4.46968,4.45017,4.46777
4217,4.4631,4.46495,4.45945,4.46151
4218,4.47155,4.472,4.46763,4.46877
4219,4.45705,4.45751,4.44791,4.45202
4220,4.45126,4.45079,4.429,4.44847
4221,4.45988,4.45828,4.44553,4.4588
4222,4.46678,4.46556,4.44613,4.46213
4223,4.45049,4.45105,4.43141,4.44733
4224,4.44339,4.44424,4.44477,4.43927
4225,4.47107,4.47013,4.46616,4.46664
4226,4.47441,4.47409,4.45502,4.47011
4227,4.47207,4.47206,4.44936,4.4708
4228,4.46235,4.4606,4.44017,4.45595
4229,4.47335,4.47296,4.46264,4.47001
4230,4.46466,4.46384,4.45459,4.46015
4231,4.47543,4.47538,4.45911,4.47505
4232,4.46382,4.46562,4.46926,4.45675
4233,4.46907,4.46694,4.45013,4.4641
4234,4.46367,4.46329,4.44718,4.46179
4235,4.46883,4.46838,4.45987,4.46653
4236,4.46929,4.46819,4.46696,4.46427
4237,4.45864,4.45833,4.4357,4.45741
4238,4.46521,4.46862,4.4475,4.46411
4239,4.46286,4.46353,4.44752,4.46084
4240,4.46518,4.4647,4.45776,4.4602
4241,4.46635,4.46501,4.45469,4.45663
4242,4.47535,4.47478,4.46948,4.47489
4243,4.45556,4.45575,4.43591,4.4511
4244,4.47074,4.47021,4.4565,4.46784
4245,4.4567,4.45492,4.44224,4.44603
4246,4.45908,4.45973,4.44283,4.4556
4247,4.45808,4.45817,4.44587,4.45122
4248,4.4665,4.46563,4.44869,4.45878
4249,4.46725,4.468,4.4548,4.46041
4250,4.46515,4.46592,4.45976,4.45546
4251,4.47382,4.47163,4.46746,4.4747
4252,4.46177,4.46092,4.45114,4.45775
4253,4.4634,4.4619,4.46416,4.45977
4254,4.47065,4.47083,4.45519,4.4627
4255,4.46423,4.46356,4.45545,4.46303
4256,4.45894,4.4597,4.44888,4.45758
4257,4.46276,4.46093,4.44311,4.46029
4258,4.45664,4.45806,4.44117,4.45427
4259,4.46714,4.46768,4.44352,4.46315
4260,4.46159,4.46352,4.44386,4.45771
4261,4.46803,4.46835,4.46989,4.4603
4262,4.47839,4.4778,4.47527,4.47391
4263,4.45874,4.45958,4.44176,4.45114
4264,4.46245,4.46349,4.44851,4.45776
4265,4.46294,4.46315,4.462,4.45642
4266,4.46727,4.46601,4.4562,4.4661
4267,4.46009,4.4607,4.44845,4.45624
4268,4.47221,4.47281,4.48252,4.46785
4269,4.47046,4.46981,4.463,4.46427
4270,4.47156,4.4724,4.46233,4.46634
4271,4.46722,4.46883,4.47122,4.45988
4272,4.47612,4.47552,4.45809,4.47213
4273,4.45404,4.45403,4.44495,4.44229
4274,4.46529,4.46361,4.45408,4.45319
4275,4.46894,4.46736,4.46831,4.46249
4276,4.46147,4.46024,4.44885,4.45376
4277,4.46088,4.46058,4.45154,4.45551
4278,4.48232,4.4823,4.47365,4.47835
4279,4.46867,4.4679,4.45998,4.46379
4280,4.4727,4.47072,4.46003,4.47304
4281,4.45606,4.45468,4.44652,4.45304
4282,4.46033,4.46124,4.44998,4.46148
4283,4.47266,4.47171,4.45816,4.47222
4284,4.45549,4.45551,4.44052,4.45493
4285,4.457,4.45682,4.4501,4.4486
4286,4.4566,4.45686,4.44599,4.45465
4287,4.46258,4.4628,4.45436,4.46277
4288,4.45399,4.45435,4.48802,4.45325
4289,4.46159,4.46338,4.45069,4.45785
4290,4.4667,4.46719,4.4552,4.46532
4291,4.48429,4.48373,4.48181,4.47892
4292,4.47769,4.47874,4.46298,4.47566
4293,4.46586,4.46541,4.45767,4.46076
4294,4.47246,4.47126,4.45454,4.46682
4295,4.4603,4.45887,4.44234,4.45264
4296,4.47389,4.47341,4.45827,4.46911
4297,4.47062,4.47102,4.45691,4.46173
4298,4.46522,4.46517,4.44863,4.46601
4299,4.46509,4.46433,4.44753,4.46293
4300,4.46222,4.46331,4.44664,4.45969
4301,4.45166,4.45131,4.43773,4.45096
4302,4.45543,4.45405,4.43687,4.45566
4303,4.46897,4.46797,4.46003,4.46524
4304,4.46036,4.45943,4.46886,4.45644
4305,4.46102,4.46038,4.45272,4.45729
4306,4.45632,4.45443,4.46498,4.44468
4307,4.46317,4.4644,4.45448,4.46313
4308,4.46686,4.46545,4.45294,4.46175
4309,4.47637,4.47366,4.47361,4.46446
4310,4.47027,4.46934,4.45549,4.46843
4311,4.46534,4.46416,4.46071,4.45451
4312,4.47464,4.47287,4.45491,4.46852
4313,4.46692,4.4656,4.45287,4.45899
4314,4.46347,4.46272,4.44768,4.46076
4315,4.4584,4.46042,4.44871,4.45246
4316,4.46715,4.46629,4.45527,4.46687
4317,4.45646,4.45729,4.44127,4.4522
4318,4.46254,4.4622,4.45341,4.45935
4319,4.47021,4.4685,4.45965,4.46551
4320,4.45971,4.45852,4.44244,4.45313
4321,4.46965,4.46967,4.44921,4.46145
4322,4.46877,4.46848,4.45415,4.45919
4323,4.45941,4.46051,4.44504,4.45497
4324,4.45627,4.4575,4.4488,4.45431
4325,4.4646,4.46435,4.44591,4.45754
4326,4.4681,4.46635,4.47206,4.46353
4327,4.46745,4.46731,4.45497,4.46171
4328,4.46312,4.46411,4.45786,4.46712
4329,4.46668,4.46371,4.45784,4.45797
4330,4.46099,4.46053,4.45074,4.45396
4331,4.46589,4.46556,4.44791,4.46303
4332,4.45754,4.45659,4.45534,4.44883
4333,4.46227,4.46238,4.43829,4.45836
4334,4.46811,4.46634,4.46631,4.46108
4335,4.45637,4.45632,4.44164,4.45212
4336,4.46133,4.46322,4.45456,4.45478
4337,4.46401,4.46203,4.44663,4.45693
4338,4.46357,4.46269,4.44853,4.45993
4339,4.46138,4.46052,4.44695,4.45686
4340,4.47493,4.47518,4.46095,4.47048
4341,4.46496,4.46545,4.44573,4.46578
4342,4.46669,4.46942,4.46324,4.46249
4343,4.45703,4.45798,4.44705,4.45864
4344,4.47708,4.478,4.46262,4.47266
4345,4.46599,4.46506,4.46269,4.46057
4346,4.45415,4.45371,4.44144,4.44933
4347,4.45461,4.4554,4.44182,4.44774
4348,4.45768,4.45843,4.44406,4.45449
4349,4.45874,4.45901,4.44194,4.45802
4350,4.4714,4.46992,4.45071,4.46374
4351,4.47131,4.471,4.45263,4.4675
4352,4.47027,4.46784,4.45457,4.46211
4353,4.46102,4.46156,4.44445,4.46074
4354,4.48595,4.48608,4.47499,4.48443
4355,4.47505,4.47514,4.47327,4.47617
4356,4.46437,4.46449,4.4579,4.46054
4357,4.45273,4.45387,4.44449,4.45197
4358,4.44892,4.44927,4.43887,4.4464
4359,4.46711,4.4648,4.45362,4.45689
4360,4.47396,4.47155,4.45834,4.46769
4361,4.44647,4.44504,4.42835,4.44613
4362,4.47262,4.47273,4.46487,4.46534
4363,4.4705,4.46985,4.45555,4.46253
4364,4.46191,4.46225,4.45931,4.46204
4365,4.46487,4.46562,4.44508,4.45932
4366,4.46701,4.4667,4.47252,4.46025
4367,4.46028,4.46162,4.46157,4.45888
4368,4.48275,4.48139,4.47367,4.4796
4369,4.46486,4.46763,4.44394,4.45938
4370,4.4663,4.46445,4.4615,4.45865
4371,4.46323,4.46348,4.44797,4.45357
4372,4.4744,4.47662,4.459,4.46871
4373,4.47162,4.47225,4.46382,4.47025
4374,4.46707,4.46693,4.46757,4.46597
4375,4.47325,4.47265,4.45534,4.47182
4376,4.46748,4.46676,4.45766,4.46537
4377,4.47627,4.47652,4.46161,4.47512
4378,4.4534,4.45407,4.44054,4.44335
4379,4.47176,4.46945,4.46094,4.46877
4380,4.46729,4.46765,4.45705,4.46028
4381,4.47378,4.47272,4.46395,4.46656
4382,4.45909,4.45963,4.44079,4.44848
4383,4.45933,4.46125,4.45454,4.45668
4384,4.46577,4.46696,4.45561,4.464
4385,4.45955,4.4596,4.44968,4.45579
4386,4.45535,4.45548,4.4511,4.45409
4387,4.468,4.46834,4.45546,4.46128
4388,4.4597,4.45694,4.4505,4.44563
4389,4.46521,4.46803,4.45518,4.46689
4390,4.45774,4.45674,4.48494,4.45403
4391,4.46805,4.46702,4.46,4.46607
4392,4.46258,4.46288,4.44692,4.45525
4393,4.46566,4.46467,4.45184,4.46205
4394,4.46706,4.46897,4.46129,4.46755
4395,4.46299,4.46747,4.44674,4.46388
4396,4.46714,4.46748,4.45608,4.46513
4397,4.4724,4.47409,4.45212,4.46856
4398,4.46419,4.46805,4.44942,4.45962
4399,4.47548,4.47959,4.46506,4.4777
4400,4.46365,4.46207,4.45188,4.45415
4401,4.47647,4.47521,4.45935,4.46839
4402,4.46844,4.46374,4.4478,4.45833
4403,4.46778,4.46657,4.45351,4.46395
4404,4.46962,4.47037,4.46224,4.46909
4405,4.46761,4.46934,4.45978,4.46297
4406,4.45998,4.46082,4.44669,4.45537
4407,4.46568,4.46437,4.45558,4.46227
4408,4.45737,4.45583,4.43882,4.44873
4409,4.47459,4.47299,4.46096,4.46994
4410,4.47078,4.47007,4.46525,4.47103
4411,4.47461,4.4744,4.4634,4.47405
4412,4.45306,4.45457,4.4373,4.44565
4413,4.45763,4.45627,4.4669,4.45008
4414,4.46176,4.46307,4.45159,4.45831
4415,4.47753,4.47822,4.47345,4.47632
4416,4.45893,4.45879,4.43976,4.45035
4417,4.46211,4.46237,4.45753,4.4621
4418,4.4616,4.46111,4.44757,4.45757
4419,4.4697,4.46917,4.44988,4.46621
4420,4.46805,4.46859,4.45649,4.45935
4421,4.4622,4.46167,4.45532,4.4576
4422,4.45878,4.4589,4.44509,4.45311
4423,4.4593,4.45899,4.4454,4.45636
4424,4.47073,4.47012,4.45521,4.46755
4425,4.46594,4.46807,4.45744,4.4601
4426,4.46976,4.46978,4.46326,4.4635
4427,4.46293,4.46499,4.44693,4.46164
4428,4.46349,4.46472,4.4424,4.45992
4429,4.46863,4.47095,4.44429,4.46295
4430,4.46209,4.45868,4.4493,4.45791
4431,4.45708,4.45814,4.44103,4.45798
4432,4.46441,4.46469,4.45902,4.45824
4433,4.48363,4.48236,4.4867,4.47876
4434,4.46909,4.46931,4.4566,4.46231
4435,4.46281,4.46238,4.44119,4.45555
4436,4.45492,4.4554,4.446,4.44819
4437,4.46373,4.46713,4.46426,4.46455
4438,4.47034,4.47087,4.45132,4.46662
4439,4.46943,4.47181,4.46558,4.46439
4440,4.46023,4.45817,4.45644,4.45078
4441,4.45991,4.46024,4.44236,4.45085
4442,4.47116,4.4721,4.45943,4.47323
4443,4.46251,4.46273,4.45296,4.46011
4444,4.46286,4.46326,4.46013,4.46108
4445,4.46563,4.46623,4.45193,4.46579
4446,4.46278,4.46191,4.45985,4.45711
4447,4.46132,4.46322,4.44317,4.45386
4448,4.46862,4.46489,4.44812,4.46629
4449,4.47057,4.47001,4.45173,4.46557
4450,4.47777,4.47528,4.4633,4.47325
4451,4.48228,4.48114,4.4724,4.47741
4452,4.47658,4.47741,4.46652,4.46976
4453,4.46275,4.46203,4.44891,4.45677
4454,4.46891,4.46923,4.45855,4.4658
4455,4.46806,4.46658,4.45733,4.46446
4456,4.45364,4.45296,4.43673,4.44268
4457,4.46525,4.4651,4.45342,4.46235
4458,4.46271,4.46356,4.44837,4.45655
4459,4.46347,4.46248,4.45933,4.46104
4460,4.47421,4.4742,4.45308,4.47132
4461,4.46338,4.46296,4.44559,4.44975
4462,4.46362,4.46136,4.44837,4.45745
4463,4.46452,4.46321,4.45579,4.45635
4464,4.46585,4.46268,4.45486,4.45717
4465,4.45859,4.45995,4.44978,4.45567
4466,4.46081,4.46054,4.43942,4.45591
4467,4.47168,4.47105,4.4624,4.4694
4468,4.46971,4.46942,4.45839,4.46136
4469,4.46074,4.46367,4.4563,4.45517
4470,4.4782,4.4734,4.46141,4.46697
4471,4.46402,4.46226,4.44623,4.45565
4472,4.46612,4.4626,4.44195,4.4599
4473,4.46697,4.46385,4.45495,4.46345
4474,4.47289,4.47067,4.45681,4.46475
4475,4.45988,4.46062,4.45073,4.45795
4476,4.47216,4.47123,4.46326,4.46476
4477,4.47098,4.46995,4.46613,4.46723
4478,4.46889,4.46866,4.45889,4.46859
4479,4.47252,4.47445,4.45731,4.4691
4480,4.45695,4.45943,4.45035,4.45716
4481,4.46538,4.46638,4.45469,4.45591
4482,4.46531,4.46539,4.44843,4.45987
4483,4.45288,4.45332,4.44308,4.44901
4484,4.47321,4.47429,4.46232,4.47474
4485,4.46391,4.46425,4.44644,4.46247
4486,4.46334,4.46407,4.45382,4.45657
4487,4.45404,4.45527,4.4474,4.45185
4488,4.4701,4.46827,4.46885,4.46557
4489,4.4633,4.4643,4.4619,4.46438
4490,4.46224,4.46039,4.45563,4.4614
4491,4.46318,4.46483,4.44918,4.46109
4492,4.46835,4.46742,4.45799,4.46611
4493,4.47777,4.47636,4.46671,4.47257
4494,4.46094,4.46153,4.44665,4.45893
4495,4.47127,4.46755,4.45741,4.46792
4496,4.46332,4.46512,4.45174,4.45858
4497,4.45899,4.45888,4.44376,4.45116
4498,4.47174,4.46678,4.45726,4.46702
4499,4.46213,4.45938,4.45048,4.45614
4500,4.4701,4.46838,4.45723,4.46137
4501,4.4746,4.47267,4.46133,4.46617
4502,4.46726,4.4678,4.45515,4.46508
4503,4.46604,4.46543,4.45542,4.46483
4504,4.45907,4.45946,4.45679,4.45173
4505,4.46716,4.46608,4.45635,4.46406
4506,4.47435,4.47313,4.46144,4.47013
4507,4.46095,4.46156,4.4513,4.45769
4508,4.46911,4.46956,4.45769,4.46616
4509,4.45635,4.45562,4.45771,4.45092
4510,4.46318,4.46251,4.44383,4.45712
4511,4.4731,4.4742,4.45831,4.46609
4512,4.46004,4.46169,4.45164,4.45978
4513,4.46801,4.46717,4.45273,4.46323
4514,4.4659,4.46572,4.45975,4.46218
4515,4.47897,4.47583,4.46322,4.47274
4516,4.47689,4.47392,4.45915,4.46989
4517,4.46597,4.4622,4.44704,4.45871
4518,4.46284,4.46469,4.44261,4.46273
4519,4.45647,4.45562,4.43885,4.44805
4520,4.45055,4.45139,4.44948,4.44921
4521,4.4617,4.45923,4.43679,4.45353
4522,4.46263,4.46466,4.45677,4.46207
4523,4.45884,4.46276,4.43985,4.45934
4524,4.46548,4.46469,4.45383,4.45554
4525,4.46319,4.46438,4.44578,4.45664
4526,4.47301,4.47309,4.45833,4.46661
4527,4.46659,4.46458,4.45467,4.45918
4528,4.45249,4.4526,4.43766,4.44598
4529,4.45978,4.46015,4.44531,4.45076
4530,4.46209,4.46228,4.44641,4.46589
4531,4.47592,4.47415,4.45519,4.46252
4532,4.47108,4.47022,4.44896,4.46334
4533,4.45713,4.45591,4.44385,4.45451
4534,4.46012,4.45905,4.43941,4.45071
4535,4.46552,4.46464,4.44543,4.46171
4536,4.46008,4.45961,4.44762,4.45565
4537,4.45809,4.46091,4.44967,4.45289
4538,4.47138,4.4715,4.46534,4.46995
4539,4.47664,4.47703,4.47233,4.46872
4540,4.46068,4.4606,4.44838,4.45928
4541,4.46891,4.47194,4.45353,4.46971
4542,4.46655,4.46783,4.45148,4.46437
4543,4.46652,4.46707,4.45368,4.46865
4544,4.46522,4.46647,4.45343,4.46802
4545,4.47448,4.47557,4.4591,4.4742
4546,4.45977,4.46222,4.45824,4.45902
4547,4.4719,4.47109,4.45463,4.46788
4548,4.46578,4.46349,4.46306,4.46009
4549,4.45452,4.45469,4.44468,4.4471
4550,4.45884,4.46041,4.45561,4.45454
4551,4.464,4.46502,4.45046,4.46027
4552,4.46012,4.45755,4.44436,4.45204
4553,4.47451,4.47269,4.46647,4.46615
4554,4.46337,4.46597,4.45298,4.46255
4555,4.47064,4.47302,4.45311,4.47062
4556,4.46309,4.46109,4.4492,4.46382
4557,4.45773,4.45941,4.4447,4.45513
4558,4.47065,4.47001,4.44933,4.46546
4559,4.45809,4.46192,4.44327,4.45372
4560,4.45291,4.45157,4.43226,4.4522
4561,4.4575,4.45913,4.43864,4.45503
4562,4.46712,4.46905,4.4512,4.46484
4563,4.46091,4.46001,4.45115,4.45202
4564,4.4802,4.48382,4.46049,4.47972
4565,4.49859,4.47532,4.46098,4.47708
4566,4.46451,4.4646,4.46142,4.46337
4567,4.46635,4.46654,4.47956,4.45893
4568,4.47991,4.48166,4.45988,4.47997
4569,4.4725,4.47174,4.46555,4.4682
4570,4.46726,4.46737,4.45109,4.46262
4571,4.48498,4.48368,4.48526,4.4817
4572,4.46503,4.46083,4.4482,4.46091
4573,4.45534,4.45437,4.44112,4.44772
4574,4.46343,4.46489,4.44939,4.4604
4575,4.4596,4.45989,4.44903,4.45158
4576,4.46488,4.46695,4.44634,4.4628
4577,4.45202,4.45202,4.44498,4.44527
4578,4.47231,4.47188,4.46173,4.4689
4579,4.47016,4.47012,4.4541,4.46376
4580,4.45929,4.45747,4.44715,4.44715
4581,4.47707,4.4752,4.45628,4.47475
4582,4.44703,4.44985,4.43753,4.44639
4583,4.47684,4.47473,4.4727,4.47081
4584,4.47134,4.4684,4.44791,4.46779
4585,4.47349,4.46852,4.44688,4.46203
4586,4.45909,4.45764,4.43673,4.45384
4587,4.46715,4.46727,4.4416,4.46128
4588,4.46582,4.46868,4.45612,4.46054
4589,4.46889,4.46707,4.46326,4.46549
4590,4.46383,4.46433,4.44759,4.45804
4591,4.4619,4.4607,4.45614,4.46031
4592,4.47419,4.47461,4.46141,4.46871
4593,4.4578,4.46398,4.44207,4.45598
4594,4.46852,4.46499,4.44796,4.45519
4595,4.48685,4.48537,4.46401,4.4833
4596,4.44454,4.4481,4.43116,4.4442
4597,4.45879,4.45574,4.44028,4.45251
4598,4.4758,4.4744,4.45066,4.46559
4599,4.46483,4.4624,4.45749,4.45884
4600,4.46883,4.46668,4.4483,4.46296
4601,4.4657,4.46499,4.45096,4.45685
4602,4.48422,4.48678,4.47635,4.4777
4603,4.46144,4.46141,4.45816,4.45886
4604,4.47488,4.47397,4.44983,4.46902
4605,4.4689,4.46669,4.45758,4.46193
4606,4.47975,4.48223,4.46237,4.47811
4607,4.45934,4.46357,4.45943,4.45799
4608,4.46437,4.46442,4.4566,4.46296
4609,4.46722,4.46077,4.4535,4.45569
4610,4.46214,4.46595,4.45463,4.45894
4611,4.46103,4.46138,4.44955,4.45237
4612,4.47246,4.46924,4.4431,4.46118
4613,4.46446,4.46466,4.4464,4.46034
4614,4.46063,4.45992,4.45434,4.45171
4615,4.45542,4.45928,4.44305,4.45456
4616,4.46734,4.46323,4.46285,4.46232
4617,4.46225,4.46823,4.44951,4.46455
4618,4.45851,4.44773,4.43663,4.44047
4619,4.48791,4.46968,4.45927,4.4664
4620,4.46421,4.46176,4.44396,4.46221
4621,4.45107,4.45316,4.4399,4.44715
4622,4.46664,4.46887,4.45747,4.47111
4623,4.46847,4.47097,4.45143,4.46352
4624,4.46738,4.47483,4.45569,4.46782
4625,4.49732,4.47133,4.46529,4.46781
4626,4.47532,4.46843,4.46456,4.46266
4627,4.47014,4.47009,4.45155,4.46578
4628,4.46576,4.46672,4.45137,4.45904
4629,4.46986,4.46736,4.45782,4.46276
4630,4.468,4.46276,4.45407,4.45896
4631,4.45134,4.45232,4.44807,4.44694
4632,4.46825,4.46636,4.44839,4.46548
4633,4.45804,4.45962,4.4458,4.45392
4634,4.46759,4.46634,4.45192,4.45959
4635,4.46793,4.4645,4.45163,4.46472
4636,4.45098,4.45448,4.42968,4.4421
4637,4.47746,4.47773,4.46305,4.47892
4638,4.4687,4.46653,4.45889,4.45966
4639,4.47358,4.46801,4.45239,4.46169
4640,4.4681,4.46841,4.44947,4.46137
4641,4.46584,4.46584,4.44885,4.46308
4642,4.45749,4.45826,4.44334,4.44965
4643,4.47041,4.47055,4.46549,4.46734
4644,4.47778,4.47774,4.46988,4.47317
4645,4.46647,4.46417,4.45115,4.45706
4646,4.47008,4.46573,4.46077,4.46249
4647,4.45261,4.45002,4.43057,4.44316
4648,4.45821,4.46105,4.43912,4.45038
4649,4.45108,4.45479,4.4457,4.45199
4650,4.46964,4.47047,4.45362,4.46633
4651,4.47651,4.47668,4.46117,4.46938
4652,4.44696,4.44606,4.4301,4.4384
4653,4.48131,4.46535,4.44935,4.46056
4654,4.45782,4.45983,4.44119,4.45787
4655,4.45385,4.45494,4.43035,4.45033
4656,4.46748,4.46832,4.46309,4.46646
4657,4.47333,4.47422,4.45543,4.46909
4658,4.48237,4.47954,4.46985,4.4735
4659,4.45911,4.45655,4.45433,4.451
4660,4.46333,4.46505,4.44507,4.46052
4661,4.47272,4.46723,4.45907,4.45944
4662,4.46779,4.47,4.44863,4.46513
4663,4.44918,4.44761,4.4462,4.44739
4664,4.45951,4.46299,4.44201,4.45874
4665,4.45155,4.4505,4.4351,4.44503
4666,4.48191,4.45708,4.44368,4.45046
4667,4.48248,4.47958,4.45799,4.46956
4668,4.46632,4.46512,4.45493,4.46435
4669,4.45041,4.4549,4.44477,4.45713
4670,4.48948,4.48475,4.47146,4.4785
4671,4.46761,4.46459,4.45541,4.45998
4672,4.45261,4.45677,4.44335,4.45129
4673,4.46387,4.467,4.44596,4.45932
4674,4.4601,4.45911,4.45322,4.45519
4675,4.46534,4.46524,4.44562,4.45995
4676,4.47495,4.47545,4.46623,4.46829
4677,4.46424,4.46409,4.45907,4.46151
4678,4.46077,4.45991,4.44111,4.45868
4679,4.46932,4.46928,4.456,4.47111
4680,4.47189,4.47129,4.45493,4.46467
4681,4.46953,4.46771,4.454,4.46141
4682,4.47426,4.47411,4.46184,4.46635
4683,4.46328,4.46193,4.45022,4.45481
4684,4.473,4.47504,4.45723,4.46941
4685,4.46466,4.462,4.44498,4.46159
4686,4.4774,4.47752,4.46515,4.4766
4687,4.4692,4.46852,4.46286,4.46541
4688,4.47277,4.47004,4.45381,4.46327
4689,4.46835,4.467,4.44753,4.46146
4690,4.47154,4.46808,4.4578,4.46241
4691,4.45052,4.45275,4.44636,4.44831
4692,4.46994,4.46908,4.44881,4.4609
4693,4.46934,4.47008,4.45617,4.46458
4694,4.45931,4.45903,4.44611,4.45617
4695,4.46784,4.46971,4.44438,4.47427
4696,4.46019,4.46181,4.45803,4.45626
4697,4.46778,4.46632,4.45394,4.45828
4698,4.46163,4.4613,4.44688,4.45091
4699,4.47409,4.47178,4.45885,4.46677
4700,4.47542,4.47649,4.46082,4.47067
4701,4.4645,4.46437,4.45843,4.46195
4702,4.46823,4.47174,4.45657,4.47115
4703,4.48535,4.48535,4.463,4.48067
4704,4.4582,4.45699,4.44945,4.45044
4705,4.46567,4.46498,4.45678,4.45712
4706,4.47029,4.46873,4.46105,4.47717
4707,4.47303,4.47394,4.4568,4.46513
4708,4.46609,4.46366,4.45203,4.45567
4709,4.46561,4.46683,4.44593,4.45565
4710,4.46764,4.46942,4.45204,4.46869
4711,4.47173,4.46856,4.45262,4.46011
4712,4.46829,4.46471,4.46427,4.46235
4713,4.47204,4.46807,4.44724,4.45767
4714,4.46324,4.46268,4.44866,4.45902
4715,4.45637,4.4571,4.43996,4.44773
4716,4.46669,4.46461,4.45774,4.46104
4717,4.46746,4.46695,4.45861,4.46088
4718,4.44994,4.4511,4.43374,4.43938
4719,4.47057,4.46762,4.46093,4.45878
4720,4.45933,4.4597,4.44878,4.45252
4721,4.46066,4.4603,4.44531,4.45751
4722,4.49534,4.46153,4.44315,4.45246
4723,4.48472,4.4635,4.47215,4.45858
4724,4.46518,4.46619,4.45164,4.46112
4725,4.48245,4.47301,4.44639,4.4636
4726,4.50264,4.46711,4.46284,4.4594
4727,4.46424,4.46592,4.45135,4.46131
4728,4.47251,4.4703,4.4571,4.46451
4729,4.47016,4.47112,4.45615,4.46282
4730,4.46666,4.46526,4.44675,4.4589
4731,4.46391,4.46307,4.4552,4.45753
4732,4.47387,4.4695,4.45198,4.46692
4733,4.45719,4.45569,4.44387,4.45511
4734,4.47216,4.4737,4.45932,4.47445
4735,4.46855,4.46759,4.44373,4.4559
4736,4.46443,4.46358,4.45714,4.46165
4737,4.48661,4.45722,4.44014,4.45117
4738,4.48581,4.45946,4.4473,4.45903
4739,4.47825,4.46007,4.44043,4.45186
4740,4.50944,4.46515,4.45241,4.45997
4741,4.47602,4.47589,4.46072,4.47072
4742,4.47336,4.47453,4.46035,4.47022
4743,4.47179,4.47067,4.44148,4.46052
4744,4.45993,4.45943,4.44007,4.4499
4745,4.46573,4.46325,4.44363,4.46281
4746,4.46225,4.46052,4.46214,4.45954
4747,4.46492,4.45648,4.43703,4.45088
4748,4.47042,4.46847,4.4506,4.46506
4749,4.46159,4.45982,4.4488,4.45092
4750,4.47857,4.47924,4.45826,4.47692
4751,4.46423,4.46014,4.43589,4.45384
4752,4.47582,4.47312,4.45175,4.46225
4753,4.46134,4.46152,4.44417,4.45979
4754,4.44677,4.44721,4.42939,4.44212
4755,4.47943,4.47892,4.46173,4.47703
4756,4.4619,4.46272,4.4442,4.45273
4757,4.47295,4.47234,4.46415,4.46728
4758,4.49006,4.48774,4.47243,4.48377
4759,4.46766,4.46905,4.462,4.46252
4760,4.4638,4.462,4.45546,4.46194
4761,4.46656,4.46362,4.45942,4.45742
4762,4.46516,4.4627,4.44508,4.45766
4763,4.46634,4.46883,4.44996,4.46869
4764,4.47341,4.47143,4.45156,4.46628
4765,4.47605,4.47247,4.45972,4.46863
4766,4.4612,4.46151,4.44942,4.45627
4767,4.46055,4.45893,4.44484,4.45399
4768,4.47701,4.45766,4.44078,4.45325
4769,4.49333,4.47079,4.45621,4.46028
4770,4.46943,4.4691,4.45543,4.46022
4771,4.45918,4.4634,4.45096,4.45872
4772,4.46064,4.45912,4.44281,4.45303
4773,4.46292,4.4578,4.44173,4.45517
4774,4.46353,4.46184,4.44307,4.45947
4775,4.47023,4.46908,4.4619,4.46246
4776,4.45583,4.45866,4.44396,4.45715
4777,4.47027,4.47275,4.45495,4.46409
4778,4.4755,4.47256,4.46773,4.4667
4779,4.46612,4.46674,4.44739,4.46241
4780,4.46015,4.46056,4.44457,4.44793
4781,4.47397,4.4729,4.45436,4.46772
4782,4.47354,4.47378,4.46536,4.46726
4783,4.47041,4.4688,4.45732,4.46633
4784,4.46719,4.46262,4.45147,4.45959
4785,4.47154,4.47026,4.45591,4.46673
4786,4.46831,4.46863,4.45328,4.46185
4787,4.48431,4.45044,4.43417,4.44886
4788,4.47208,4.47243,4.44433,4.47283
4789,4.4512,4.45229,4.44737,4.44868
4790,4.47236,4.47069,4.47001,4.46155
4791,4.46745,4.46711,4.44676,4.46084
4792,4.46484,4.46769,4.45764,4.46573
4793,4.46429,4.46646,4.45112,4.46442
4794,4.47098,4.47181,4.45237,4.47073
4795,4.46272,4.46264,4.4408,4.45671
4796,4.46719,4.46895,4.45153,4.46132
4797,4.46403,4.46494,4.45316,4.46092
4798,4.46822,4.46839,4.4697,4.46411
4799,4.45977,4.46136,4.44197,4.45571
4800,4.46874,4.46881,4.45084,4.46058
4801,4.46332,4.45986,4.4442,4.4534
4802,4.46559,4.46498,4.44052,4.45821
4803,4.46448,4.46404,4.45086,4.46437
4804,4.46268,4.46449,4.44979,4.46625
4805,4.47689,4.47429,4.463,4.47151
4806,4.46636,4.46256,4.45156,4.45392
4807,4.46792,4.46601,4.44534,4.46187
4808,4.45941,4.45744,4.44561,4.44958
4809,4.45944,4.46273,4.44802,4.4557
4810,4.4692,4.46975,4.45136,4.46718
4811,4.46114,4.46192,4.44791,4.4553
4812,4.4557,4.45847,4.43446,4.45191
4813,4.45782,4.45911,4.43919,4.44866
4814,4.46281,4.46124,4.4361,4.45767
4815,4.44844,4.45023,4.4347,4.44339
4816,4.45896,4.45828,4.43615,4.44786
4817,4.46844,4.46886,4.45093,4.46441
4818,4.45702,4.45671,4.4378,4.45038
4819,4.46841,4.46781,4.45728,4.46349
4820,4.47033,4.47023,4.45391,4.46707
4821,4.45754,4.45844,4.44633,4.45324
4822,4.45981,4.45937,4.44365,4.45143
4823,4.47583,4.47209,4.46749,4.46908
4824,4.46605,4.46714,4.44767,4.46646
4825,4.48441,4.46594,4.44707,4.45894
4826,4.47437,4.46946,4.45397,4.46248
4827,4.46376,4.46382,4.44296,4.45693
4828,4.46173,4.4628,4.4592,4.4567
4829,4.47484,4.47426,4.45872,4.46339
4830,4.47323,4.47269,4.47144,4.46935
4831,4.46209,4.46145,4.4488,4.46114
4832,4.47746,4.4765,4.47741,4.47538
4833,4.47112,4.47715,4.46454,4.47309
4834,4.46629,4.46759,4.43981,4.4606
4835,4.48667,4.46883,4.44571,4.46136
4836,4.45589,4.45649,4.45272,4.45235
4837,4.46275,4.45573,4.43859,4.44941
4838,4.46186,4.46601,4.4495,4.4573
4839,4.46145,4.46117,4.44411,4.45201
4840,4.47005,4.46708,4.44373,4.45905
4841,4.45463,4.4549,4.43919,4.44972
4842,4.45901,4.46351,4.44225,4.45486
4843,4.45677,4.45786,4.44301,4.45014
4844,4.46953,4.46949,4.4456,4.46167
4845,4.45203,4.44962,4.43097,4.44145
4846,4.46979,4.46853,4.44978,4.45498
4847,4.46228,4.46028,4.45304,4.45573
4848,4.47722,4.47572,4.45575,4.47586
4849,4.48345,4.47849,4.45887,4.46784
4850,4.46321,4.46375,4.44525,4.45306
4851,4.47272,4.47304,4.46152,4.46877
4852,4.46021,4.46095,4.4438,4.45323
4853,4.46245,4.4614,4.44319,4.45022
4854,4.46589,4.46778,4.4503,4.46373
4855,4.48316,4.47823,4.46656,4.4749
4856,4.4645,4.46378,4.45515,4.46461
4857,4.46809,4.46834,4.47087,4.46064
4858,4.46322,4.46495,4.44029,4.45919
4859,4.46178,4.46345,4.44166,4.45742
4860,4.46209,4.46314,4.4424,4.45288
4861,4.46618,4.46577,4.4518,4.46786
4862,4.46974,4.47034,4.45209,4.46263
4863,4.45857,4.45949,4.44592,4.45236
4864,4.46802,4.46582,4.45756,4.46196
4865,4.4652,4.46326,4.45016,4.46369
4866,4.46222,4.46206,4.45552,4.4552
4867,4.47102,4.46949,4.44741,4.46235
4868,4.46945,4.46802,4.4615,4.46451
4869,4.46204,4.46336,4.44689,4.46161
4870,4.47313,4.46986,4.45249,4.46645
4871,4.46607,4.46773,4.4592,4.46123
4872,4.46953,4.46929,4.46242,4.46782
4873,4.45484,4.46038,4.44032,4.45291
4874,4.4701,4.46918,4.44362,4.46258
4875,4.45557,4.45441,4.44714,4.45155
4876,4.4602,4.45871,4.44273,4.46145
4877,4.47112,4.46762,4.4691,4.46224
4878,4.4587,4.45792,4.43977,4.4497
4879,4.46995,4.4704,4.47676,4.46519
4880,4.47022,4.47361,4.44924,4.46415
4881,4.47134,4.47623,4.46606,4.47559
4882,4.47062,4.46769,4.44559,4.46423
4883,4.4547,4.45275,4.44557,4.45272
4884,4.47562,4.47122,4.45263,4.46119
4885,4.45834,4.45954,4.44728,4.45122
4886,4.45602,4.4593,4.44412,4.45168
4887,4.46793,4.47103,4.46019,4.46879
4888,4.46425,4.46675,4.45123,4.4643
4889,4.47351,4.47234,4.45335,4.46614
4890,4.46253,4.45965,4.44006,4.45326
4891,4.46627,4.46429,4.44324,4.46302
4892,4.45985,4.45768,4.44465,4.44983
4893,4.46614,4.46681,4.45987,4.46555
4894,4.46279,4.46236,4.45,4.45525
4895,4.45887,4.46629,4.44673,4.46344
4896,4.47376,4.4741,4.45645,4.46843
4897,4.4613,4.46225,4.44807,4.45844
4898,4.46146,4.46294,4.43991,4.45539
4899,4.46804,4.46472,4.44554,4.46056
4900,4.462,4.46172,4.44787,4.45692
4901,4.46901,4.46869,4.45532,4.46563
4902,4.47218,4.47282,4.45003,4.46499
4903,4.47874,4.47891,4.46099,4.4731
4904,4.48522,4.45238,4.44059,4.44831
4905,4.47144,4.47025,4.44991,4.46954
4906,4.47529,4.47246,4.44845,4.46491
4907,4.46686,4.4686,4.46818,4.46621
4908,4.47505,4.47426,4.45734,4.47199
4909,4.4705,4.46842,4.45251,4.46887
4910,4.46144,4.46251,4.45028,4.46178
4911,4.46001,4.4576,4.43909,4.45501
4912,4.46653,4.4664,4.44128,4.46339
4913,4.46752,4.46768,4.4592,4.46356
4914,4.4636,4.46468,4.44696,4.45774
4915,4.4675,4.46216,4.44825,4.4601
4916,4.47312,4.47154,4.45955,4.46542
4917,4.45221,4.45194,4.43193,4.44199
4918,4.4653,4.46658,4.45401,4.46838
4919,4.47827,4.47685,4.45962,4.46487
4920,4.45427,4.46335,4.44555,4.45514
4921,4.45281,4.45299,4.44115,4.44796
4922,4.46821,4.47222,4.45141,4.46752
4923,4.46353,4.46927,4.44684,4.46533
4924,4.45734,4.45543,4.44574,4.44993
4925,4.47288,4.46981,4.4506,4.46758
4926,4.46124,4.46005,4.45,4.44849
4927,4.4613,4.45602,4.43433,4.44535
4928,4.46989,4.46718,4.45748,4.46244
4929,4.45245,4.46324,4.45055,4.45667
4930,4.46133,4.46164,4.4465,4.45904
4931,4.46016,4.45945,4.4459,4.45943
4932,4.47314,4.46901,4.4658,4.4659
4933,4.46379,4.46246,4.45254,4.45859
4934,4.46774,4.47018,4.45315,4.46767
4935,4.46042,4.46193,4.45345,4.46001
4936,4.47328,4.47196,4.47305,4.46676
4937,4.46512,4.46199,4.45319,4.45427
4938,4.46014,4.45617,4.44943,4.45516
4939,4.47032,4.46496,4.44637,4.46035
4940,4.47826,4.47521,4.46402,4.47152
4941,4.4679,4.46826,4.45532,4.46518
4942,4.47316,4.47451,4.45603,4.47486
4943,4.46667,4.46836,4.45083,4.46561
4944,4.47561,4.46824,4.45135,4.46838
4945,4.46937,4.47116,4.44997,4.4679
4946,4.4644,4.46809,4.45674,4.4602
4947,4.45561,4.45687,4.44883,4.45131
4948,4.47388,4.47412,4.46861,4.47249
4949,4.48147,4.47809,4.46382,4.47248
4950,4.46053,4.46096,4.44635,4.45469
4951,4.4578,4.45724,4.45004,4.45157
4952,4.45032,4.45649,4.43475,4.45045
4953,4.45311,4.45438,4.43973,4.44687
4954,4.46811,4.46776,4.45139,4.45701
4955,4.47261,4.4714,4.45683,4.47243
4956,4.47101,4.46965,4.4503,4.46629
4957,4.46929,4.47156,4.4649,4.4723
4958,4.45414,4.45785,4.46134,4.45375
4959,4.45873,4.45938,4.46252,4.45225
4960,4.4655,4.46182,4.44877,4.45793
4961,4.48109,4.46762,4.45774,4.46606
4962,4.46963,4.46828,4.45768,4.46348
4963,4.48483,4.48184,4.47617,4.47832
4964,4.46936,4.46836,4.46084,4.46429
4965,4.4723,4.4592,4.44263,4.45415
4966,4.46941,4.46311,4.44702,4.46222
4967,4.46612,4.46488,4.45998,4.45736
4968,4.47283,4.47179,4.45945,4.47211
4969,4.46532,4.46748,4.45051,4.46226
4970,4.46577,4.46277,4.4561,4.45719
4971,4.46876,4.4691,4.44824,4.4612
4972,4.46901,4.47039,4.45479,4.46211
4973,4.47133,4.47149,4.45653,4.46843
4974,4.46445,4.46402,4.45057,4.45868
4975,4.47409,4.47302,4.45426,4.46664
4976,4.4619,4.46215,4.44531,4.45898
4977,4.47757,4.47812,4.46129,4.47757
4978,4.46421,4.46305,4.45126,4.45822
4979,4.46131,4.46328,4.44716,4.45812
4980,4.46477,4.46393,4.44467,4.46028
4981,4.46992,4.45951,4.4394,4.45902
4982,4.46533,4.46161,4.44623,4.46029
4983,4.46212,4.46431,4.45928,4.46205
4984,4.46669,4.4652,4.44718,4.46335
4985,4.46645,4.46459,4.44917,4.46158
4986,4.47229,4.4687,4.46417,4.45932
4987,4.46214,4.45858,4.43694,4.46155
4988,4.46005,4.45825,4.45314,4.45637
4989,4.44922,4.45017,4.42841,4.4418
4990,4.45523,4.45196,4.4412,4.44072
4991,4.47883,4.46224,4.44478,4.45479
4992,4.46406,4.46433,4.44789,4.45703
4993,4.46608,4.46422,4.43922,4.45766
4994,4.467,4.46762,4.4496,4.46918
4995,4.47998,4.48153,4.46718,4.48183
4996,4.46938,4.46671,4.45283,4.46307
4997,4.472,4.46611,4.44664,4.46126
4998,4.46157,4.46421,4.44521,4.4609
4999,4.472,4.4699,4.44177,4.46478
5000,4.47753,4.46107,4.43197,4.45199
5001,4.46641,4.46609,4.45792,4.4614
5002,4.45986,4.46122,4.43639,4.45582
5003,4.45763,4.46256,4.44159,4.45929
5004,4.46237,4.46294,4.45356,4.45856
5005,4.46449,4.47008,4.45653,4.46717
5006,4.4626,4.46244,4.43843,4.45832
5007,4.45584,4.45393,4.42906,4.44918
5008,4.44879,4.44782,4.42328,4.43909
5009,4.47128,4.45343,4.44743,4.44963
5010,4.46783,4.46425,4.46245,4.45488
5011,4.47953,4.4777,4.47829,4.47557
5012,4.46088,4.45895,4.438,4.45229
5013,4.4613,4.45975,4.43672,4.45273
5014,4.47009,4.45859,4.451,4.45514
5015,4.47415,4.47224,4.45084,4.46796
5016,4.44754,4.45503,4.43608,4.45402
5017,4.46522,4.46412,4.44589,4.46084
5018,4.4607,4.46134,4.43967,4.45506
5019,4.48432,4.48566,4.47314,4.48068
5020,4.47972,4.47486,4.46004,4.47322
5021,4.46714,4.46732,4.45118,4.46531
5022,4.46989,4.46874,4.45461,4.46545
5023,4.47156,4.47221,4.44927,4.46653
5024,4.46705,4.46555,4.44602,4.46303
5025,4.45955,4.45913,4.44777,4.45247
5026,4.47204,4.4682,4.46202,4.46148
5027,4.46222,4.45999,4.44031,4.45225
5028,4.47905,4.4797,4.46585,4.47005
5029,4.47139,4.47221,4.45914,4.46212
5030,4.46779,4.46664,4.44807,4.46335
5031,4.45929,4.46235,4.44425,4.45456
5032,4.46538,4.46496,4.45423,4.45939
5033,4.4613,4.46134,4.449,4.45208
5034,4.45333,4.45235,4.4498,4.45343
5035,4.47073,4.47223,4.46389,4.47244
5036,4.4655,4.46617,4.44723,4.45832
5037,4.46756,4.46751,4.45653,4.4617
5038,4.47489,4.47313,4.45451,4.47102
5039,4.48077,4.48059,4.46187,4.4755
5040,4.46294,4.46525,4.45319,4.46319
5041,4.46457,4.46637,4.45911,4.46451
5042,4.46733,4.4671,4.46699,4.46716
5043,4.47719,4.47296,4.46709,4.46819
5044,4.47642,4.47738,4.45363,4.47339
5045,4.45515,4.45789,4.4414,4.44469
5046,4.46834,4.4663,4.46012,4.4629
5047,4.46401,4.46429,4.45195,4.46194
5048,4.46638,4.46491,4.45587,4.46094
5049,4.47039,4.46736,4.44844,4.46586
5050,4.46065,4.46067,4.45495,4.46051
5051,4.47053,4.46732,4.45441,4.46025
5052,4.46314,4.46158,4.43837,4.45653
5053,4.47466,4.47287,4.4671,4.46922
5054,4.46134,4.46356,4.44709,4.45832
5055,4.47306,4.46849,4.45102,4.46761
5056,4.4868,4.4698,4.46225,4.47102
5057,4.46278,4.46003,4.44842,4.45636
5058,4.4614,4.46083,4.44707,4.4552
5059,4.46984,4.47034,4.45363,4.46154
5060,4.45678,4.45677,4.44963,4.45346
5061,4.45651,4.45696,4.43705,4.45274
5062,4.46066,4.46447,4.45633,4.46299
5063,4.47209,4.47097,4.44638,4.4617
5064,4.47692,4.46104,4.45376,4.45709
5065,4.46091,4.46217,4.44535,4.459
5066,4.47972,4.47775,4.45163,4.47254
5067,4.47154,4.47131,4.44836,4.47251
5068,4.4642,4.46408,4.45207,4.45855
5069,4.47416,4.47522,4.45204,4.47128
5070,4.46867,4.46477,4.44686,4.46416
5071,4.4698,4.46904,4.4537,4.47248
5072,4.46945,4.46999,4.45502,4.4683
5073,4.46323,4.46876,4.44656,4.46352
5074,4.46731,4.46607,4.44212,4.46136
5075,4.46232,4.46999,4.45013,4.46313
5076,4.45351,4.45475,4.44493,4.45014
5077,4.47878,4.47592,4.45668,4.47394
5078,4.46012,4.45816,4.43878,4.44681
5079,4.45931,4.4504,4.43767,4.44481
5080,4.46413,4.45975,4.44685,4.44827
5081,4.46826,4.46966,4.44723,4.46413
5082,4.46581,4.46185,4.44487,4.45825
5083,4.46754,4.4652,4.45012,4.45883
5084,4.46186,4.45907,4.43488,4.46228
5085,4.47368,4.47227,4.4623,4.46522
5086,4.45346,4.45403,4.44966,4.44939
5087,4.46395,4.46487,4.45424,4.46672
5088,4.45496,4.45488,4.44721,4.44722
5089,4.45919,4.4595,4.43313,4.45292
5090,4.46304,4.45923,4.43862,4.45037
5091,4.46547,4.46671,4.44506,4.46448
5092,4.46333,4.46365,4.45942,4.44896
5093,4.45984,4.45792,4.44028,4.45283
5094,4.46612,4.46597,4.45787,4.45596
5095,4.47059,4.46831,4.45455,4.46356
5096,4.46587,4.46631,4.4572,4.46526
5097,4.47021,4.47275,4.45685,4.46985
5098,4.46443,4.46455,4.44472,4.45569
5099,4.47117,4.47012,4.46087,4.46403
5100,4.46902,4.46928,4.44592,4.46804
5101,4.47712,4.47879,4.45838,4.48312
5102,4.46864,4.46908,4.456,4.46842
5103,4.45242,4.45515,4.42917,4.44548
5104,4.45935,4.45902,4.43989,4.45021
5105,4.46498,4.46144,4.4496,4.45294
5106,4.46725,4.46448,4.45068,4.46416
5107,4.46325,4.46254,4.45083,4.46193
5108,4.46456,4.46168,4.44298,4.4604
5109,4.46352,4.46481,4.45094,4.45589
5110,4.47626,4.4732,4.46482,4.47078
5111,4.47057,4.46924,4.44936,4.45859
5112,4.46528,4.46507,4.44214,4.45684
5113,4.4612,4.46292,4.44894,4.45955
5114,4.48243,4.47979,4.46259,4.47454
5115,4.46503,4.46463,4.45564,4.45381
5116,4.46044,4.46295,4.44414,4.45831
5117,4.4633,4.46287,4.44533,4.45511
5118,4.46055,4.46552,4.44832,4.4622
5119,4.46561,4.46833,4.46314,4.4618
5120,4.46769,4.47087,4.45676,4.46754
5121,4.47304,4.47011,4.44959,4.4657
5122,4.45638,4.45912,4.44219,4.45824
5123,4.45452,4.45907,4.44185,4.45696
5124,4.46671,4.46198,4.45093,4.45882
5125,4.46513,4.46831,4.45434,4.4674
5126,4.46713,4.47035,4.45861,4.46349
5127,4.47015,4.47042,4.44426,4.46696
5128,4.47017,4.46881,4.4518,4.45656
5129,4.46329,4.45847,4.45929,4.44679
5130,4.45557,4.45765,4.43615,4.45324
5131,4.47205,4.47337,4.45073,4.47371
5132,4.45944,4.45872,4.44027,4.45764
5133,4.46517,4.46546,4.44706,4.46581
5134,4.45648,4.4561,4.43633,4.44917
5135,4.46443,4.46482,4.4623,4.46549
5136,4.46676,4.47262,4.45806,4.46399
5137,4.47383,4.47235,4.45397,4.46905
5138,4.46155,4.4623,4.44835,4.46034
5139,4.47021,4.46998,4.46385,4.46752
5140,4.46512,4.46416,4.45005,4.4591
5141,4.47096,4.46745,4.46195,4.46481
5142,4.46539,4.46536,4.45268,4.46139
5143,4.46039,4.46072,4.45179,4.45025
5144,4.46416,4.46381,4.45385,4.45573
5145,4.44883,4.45725,4.43722,4.45618
5146,4.4573,4.4641,4.44719,4.4582
5147,4.45953,4.45961,4.44646,4.45642
5148,4.4739,4.47686,4.45768,4.46656
5149,4.47484,4.47319,4.45587,4.46897
5150,4.47422,4.46791,4.4623,4.46609
5151,4.46397,4.46492,4.44984,4.45925
5152,4.4595,4.46507,4.44783,4.45739
5153,4.46764,4.46605,4.45076,4.47024
5154,4.47105,4.46979,4.45874,4.46641
5155,4.45488,4.45625,4.43539,4.45257
5156,4.45859,4.45918,4.44407,4.45202
5157,4.46656,4.47131,4.45257,4.46641
5158,4.46482,4.46529,4.45025,4.46194
5159,4.44915,4.45253,4.43181,4.44557
5160,4.4727,4.46937,4.46356,4.46097
5161,4.45244,4.45694,4.43772,4.45027
5162,4.46548,4.46415,4.44482,4.45832
5163,4.46381,4.46266,4.45814,4.45813
5164,4.45916,4.45411,4.44386,4.44708
5165,4.46526,4.46805,4.44879,4.46583
5166,4.46389,4.46472,4.4474,4.45729
5167,4.47543,4.4715,4.46369,4.46399
5168,4.47145,4.47742,4.45449,4.4742
5169,4.46696,4.4662,4.44247,4.46222
5170,4.45498,4.45695,4.43447,4.44903
5171,4.45253,4.45772,4.44269,4.45595
5172,4.47132,4.47168,4.46229,4.46595
5173,4.45881,4.46146,4.44455,4.45729
5174,4.46911,4.46888,4.45207,4.46204
5175,4.47115,4.46491,4.45644,4.46338
5176,4.47062,4.46937,4.45093,4.46108
5177,4.45588,4.45753,4.43968,4.45287
5178,4.47546,4.47477,4.46518,4.46947
5179,4.46805,4.46738,4.44272,4.46566
5180,4.46387,4.4644,4.44152,4.45461
5181,4.46223,4.46269,4.45235,4.46205
5182,4.46145,4.46241,4.45525,4.45911
5183,4.46024,4.46619,4.44271,4.46362
5184,4.45229,4.45058,4.43572,4.44688
5185,4.46575,4.46519,4.44428,4.45791
5186,4.45527,4.4604,4.44096,4.45566
5187,4.47031,4.47467,4.45097,4.46951
5188,4.45884,4.45783,4.43965,4.45084
5189,4.48101,4.48222,4.46892,4.47311
5190,4.45015,4.45817,4.45058,4.4537
5191,4.46434,4.46323,4.44803,4.456
5192,4.46206,4.46297,4.43826,4.46131
5193,4.4689,4.46827,4.45702,4.46255
5194,4.46664,4.46727,4.45568,4.46468
5195,4.4671,4.46834,4.44704,4.46114
5196,4.45334,4.45551,4.43201,4.44994
5197,4.45439,4.45535,4.44027,4.44701
5198,4.47704,4.47837,4.45587,4.47076
5199,4.46686,4.47604,4.45321,4.47503
5200,4.45658,4.45712,4.44025,4.45762
5201,4.46214,4.46221,4.46201,4.45493
5202,4.45704,4.45928,4.43974,4.45532
5203,4.45848,4.46978,4.44899,4.46474
5204,4.46843,4.47263,4.45948,4.4707
5205,4.4592,4.4609,4.44001,4.45893
5206,4.47783,4.47632,4.44832,4.4686
5207,4.4589,4.45866,4.45277,4.45746
5208,4.46334,4.46348,4.44474,4.45361
5209,4.4706,4.46688,4.46667,4.45529
5210,4.46,4.45943,4.45766,4.45082
5211,4.4577,4.46051,4.44162,4.45828
5212,4.4669,4.46831,4.45105,4.47362
5213,4.45875,4.45809,4.44853,4.45209
5214,4.45168,4.45784,4.45297,4.45388
5215,4.45582,4.45595,4.44291,4.44704
5216,4.46169,4.46085,4.44733,4.4591
5217,4.4486,4.45278,4.43309,4.45126
5218,4.45776,4.45707,4.44524,4.44957
5219,4.45762,4.4674,4.45097,4.46124
5220,4.46463,4.466,4.44342,4.45678
5221,4.45253,4.45946,4.43562,4.45441
5222,4.46604,4.46875,4.4542,4.4599
5223,4.44991,4.45045,4.43156,4.44282
5224,4.48289,4.4793,4.46677,4.4789
5225,4.46075,4.46137,4.44452,4.45764
5226,4.47071,4.47098,4.45369,4.46203
5227,4.46352,4.46346,4.44935,4.46197
5228,4.46459,4.46457,4.45431,4.45978
5229,4.46412,4.47065,4.4558,4.4686
5230,4.46006,4.46123,4.44557,4.46101
5231,4.4609,4.45875,4.44263,4.45479
5232,4.47283,4.47268,4.46779,4.47098
5233,4.48035,4.47196,4.46433,4.46282
5234,4.47244,4.47099,4.45508,4.46257
5235,4.4718,4.47012,4.44861,4.4629
5236,4.48208,4.48104,4.465,4.48235
5237,4.46265,4.45809,4.43384,4.452
5238,4.45531,4.45545,4.4305,4.44693
5239,4.46566,4.46786,4.45558,4.47047
5240,4.47259,4.47138,4.4512,4.46191
5241,4.45515,4.4559,4.44173,4.45902
5242,4.47128,4.47011,4.45722,4.46652
5243,4.46423,4.46378,4.4644,4.46056
5244,4.45541,4.45543,4.45035,4.46294
5245,4.4647,4.46536,4.44144,4.45661
5246,4.45772,4.4567,4.43943,4.45042
5247,4.45901,4.45773,4.44609,4.45629
5248,4.46981,4.46942,4.46145,4.46929
5249,4.46116,4.46092,4.45699,4.45884
5250,4.453,4.45209,4.42642,4.45206
5251,4.46679,4.46856,4.45618,4.46619
5252,4.47831,4.47824,4.46085,4.47458
5253,4.48164,4.47983,4.45407,4.47516
5254,4.46327,4.46352,4.43953,4.46172
5255,4.47575,4.47387,4.4493,4.47529
5256,4.45685,4.45728,4.44027,4.45676
5257,4.47953,4.47894,4.45611,4.47658
5258,4.48492,4.48428,4.4662,4.48163
5259,4.47127,4.47033,4.4556,4.46524
5260,4.46975,4.47295,4.45524,4.46507
5261,4.46117,4.46521,4.4478,4.46272
5262,4.45481,4.45595,4.44134,4.44961
5263,4.47838,4.47713,4.46245,4.47679
5264,4.47184,4.47234,4.45427,4.47096
5265,4.46399,4.4597,4.44203,4.45474
5266,4.46195,4.46411,4.44605,4.46264
5267,4.46419,4.46307,4.44145,4.45811
5268,4.46532,4.46644,4.45075,4.46187
5269,4.46915,4.4691,4.45827,4.46982
5270,4.47388,4.47401,4.45425,4.46872
5271,4.45393,4.4528,4.43684,4.45266
5272,4.45324,4.45547,4.43857,4.44708
5273,4.46666,4.46698,4.44428,4.46635
5274,4.45815,4.4589,4.44073,4.46045
5275,4.46673,4.46597,4.44504,4.45974
5276,4.46428,4.46747,4.45432,4.45985
5277,4.46105,4.46087,4.4486,4.45778
5278,4.4707,4.46598,4.44195,4.4657
5279,4.45059,4.4528,4.44061,4.44359
5280,4.46883,4.46552,4.44926,4.45904
5281,4.45257,4.45524,4.44674,4.449
5282,4.46712,4.47478,4.46813,4.47116
5283,4.45433,4.45124,4.44317,4.44224
5284,4.46876,4.46817,4.45017,4.46107
5285,4.48277,4.4831,4.46611,4.47869
5286,4.46606,4.46568,4.44913,4.46129
5287,4.45638,4.45641,4.44534,4.45503
5288,4.46395,4.45841,4.4431,4.45663
5289,4.46836,4.48443,4.45786,4.47249
5290,4.46366,4.46789,4.4497,4.46334
5291,4.45231,4.46209,4.44341,4.462
5292,4.4631,4.45664,4.43631,4.45256
5293,4.45987,4.45911,4.43955,4.45345
5294,4.4542,4.45843,4.43847,4.45393
5295,4.47386,4.4642,4.45181,4.45607
5296,4.45939,4.45909,4.44919,4.46111
5297,4.47987,4.47974,4.47002,4.47699
5298,4.47717,4.46822,4.46157,4.46608
5299,4.46752,4.46779,4.45497,4.46224
5300,4.48023,4.47771,4.45931,4.47342
5301,4.45387,4.45658,4.43454,4.45189
5302,4.46066,4.46058,4.43315,4.45437
5303,4.46135,4.47061,4.44507,4.46343
5304,4.46883,4.46659,4.44821,4.46547
5305,4.45828,4.45842,4.45064,4.47056
5306,4.45445,4.45759,4.43535,4.4567
5307,4.47083,4.4711,4.45071,4.4743
5308,4.47068,4.47207,4.46183,4.47112
5309,4.47174,4.4734,4.44697,4.46316
5310,4.46624,4.46658,4.46046,4.46353
5311,4.46721,4.46767,4.45278,4.45952
5312,4.4598,4.46108,4.44312,4.45348
5313,4.4689,4.46985,4.45057,4.47464
5314,4.46021,4.45936,4.44205,4.45866
5315,4.45611,4.46257,4.44588,4.46566
5316,4.47549,4.47475,4.45205,4.46537
5317,4.45485,4.45708,4.4404,4.45277
5318,4.46952,4.46787,4.45872,4.46925
5319,4.46606,4.46991,4.45137,4.46578
5320,4.46287,4.46528,4.45704,4.46121
5321,4.46259,4.45967,4.46818,4.46091
5322,4.46236,4.46183,4.44989,4.45438
5323,4.45399,4.45867,4.43281,4.45678
5324,4.45974,4.46387,4.44391,4.4669
5325,4.46168,4.46504,4.4505,4.46214
5326,4.46969,4.46875,4.45425,4.46522
5327,4.45506,4.45637,4.44064,4.45373
5328,4.46072,4.4694,4.44894,4.46187
5329,4.47045,4.46989,4.44518,4.47011
5330,4.46534,4.46557,4.43566,4.45559
5331,4.45746,4.45837,4.4429,4.45607
5332,4.47249,4.46974,4.46013,4.46431
5333,4.46712,4.46737,4.4539,4.46181
5334,4.45621,4.45991,4.43776,4.44833
5335,4.4764,4.47419,4.45953,4.47079
5336,4.46853,4.46807,4.4562,4.46003
5337,4.47366,4.47035,4.46522,4.46595
5338,4.47089,4.4707,4.44738,4.46989
5339,4.4615,4.45921,4.44151,4.45186
5340,4.45773,4.45599,4.45515,4.45507
5341,4.46558,4.46307,4.44903,4.45651
5342,4.46418,4.46536,4.44711,4.46067
5343,4.46943,4.47027,4.45152,4.46202
5344,4.46369,4.46319,4.44363,4.45684
5345,4.45597,4.45765,4.43868,4.44949
5346,4.4612,4.45964,4.44466,4.45764
5347,4.45484,4.45303,4.43497,4.44685
5348,4.47568,4.47755,4.46166,4.47459
5349,4.46655,4.46726,4.45209,4.46619
5350,4.47102,4.47071,4.46509,4.46929
5351,4.45234,4.45382,4.43761,4.44392
5352,4.46388,4.46428,4.45618,4.45957
5353,4.46131,4.46184,4.44897,4.46098
5354,4.46027,4.45879,4.44878,4.45375
5355,4.47166,4.47172,4.46284,4.46725
5356,4.47038,4.46898,4.447,4.46677
5357,4.47167,4.47271,4.45451,4.47053
5358,4.46186,4.46179,4.43935,4.45405
5359,4.45904,4.45809,4.43737,4.45513
5360,4.45872,4.45722,4.43737,4.45564
5361,4.46247,4.4607,4.44453,4.46086
5362,4.4632,4.46028,4.44878,4.46015
5363,4.45621,4.4576,4.4584,4.45463
5364,4.46136,4.45912,4.44604,4.45677
5365,4.46287,4.46472,4.4472,4.4638
5366,4.46427,4.46299,4.44871,4.46153
5367,4.46241,4.4606,4.44565,4.455
5368,4.45684,4.45611,4.43411,4.45334
5369,4.46911,4.46802,4.44171,4.46316
5370,4.47236,4.47263,4.45754,4.4677
5371,4.46991,4.46844,4.4469,4.45278
5372,4.45693,4.4571,4.43306,4.4553
5373,4.46606,4.46624,4.45693,4.4656
5374,4.461,4.45936,4.44407,4.45728
5375,4.47272,4.47482,4.45357,4.46793
5376,4.47007,4.46943,4.45012,4.46868
5377,4.46977,4.46791,4.44824,4.46628
5378,4.47129,4.47129,4.45695,4.4684
5379,4.47122,4.47066,4.45629,4.46733
5380,4.46503,4.46635,4.44247,4.45816
5381,4.46512,4.46506,4.44872,4.45754
5382,4.4715,4.46865,4.46149,4.46757
5383,4.4683,4.46711,4.45866,4.46289
5384,4.46434,4.46214,4.44825,4.46044
5385,4.46832,4.46881,4.4574,4.46273
5386,4.4621,4.46176,4.44181,4.45613
5387,4.47131,4.47195,4.45254,4.46015
5388,4.46777,4.46742,4.44598,4.45647
5389,4.46659,4.46691,4.45263,4.4628
5390,4.47284,4.47068,4.45809,4.46919
5391,4.45825,4.45898,4.4393,4.45376
5392,4.46254,4.46172,4.44808,4.46324
5393,4.46308,4.46167,4.4354,4.45645
5394,4.46047,4.46222,4.44951,4.4549
5395,4.46491,4.4635,4.44329,4.46092
5396,4.47457,4.47319,4.45598,4.46734
5397,4.46314,4.463,4.44813,4.45746
5398,4.47553,4.47526,4.46208,4.47089
5399,4.47018,4.47164,4.45156,4.46464
5400,4.45969,4.45995,4.44406,4.46222
5401,4.46392,4.46308,4.44836,4.45759
5402,4.46617,4.46389,4.44997,4.45887
5403,4.45717,4.458,4.44501,4.44722
5404,4.4706,4.47001,4.45482,4.46858
5405,4.47049,4.47035,4.45427,4.46857
5406,4.46469,4.46443,4.44461,4.46231
5407,4.46361,4.46375,4.45277,4.45949
5408,4.47507,4.47398,4.45906,4.46617
5409,4.458,4.45711,4.44962,4.45346
5410,4.47033,4.47186,4.46046,4.4693
5411,4.46031,4.4624,4.45287,4.47099
5412,4.46252,4.46424,4.44789,4.46028
5413,4.46097,4.46119,4.43614,4.45945
5414,4.46486,4.46339,4.44324,4.4647
5415,4.4676,4.46667,4.44308,4.45966
5416,4.46677,4.4662,4.44796,4.46097
5417,4.45229,4.45291,4.43526,4.44685
5418,4.46622,4.46547,4.45305,4.46345
5419,4.4683,4.46893,4.4464,4.46703
5420,4.46883,4.46917,4.45341,4.46379
5421,4.45445,4.45445,4.45031,4.45228
5422,4.45575,4.45569,4.42991,4.44882
5423,4.46744,4.46667,4.44774,4.46121
5424,4.47537,4.47367,4.46809,4.46801
5425,4.47988,4.47934,4.45577,4.47486
5426,4.45493,4.45663,4.44027,4.45435
5427,4.47008,4.47046,4.45702,4.46567
5428,4.46626,4.46495,4.4473,4.46161
5429,4.46193,4.46388,4.44144,4.46092
5430,4.47227,4.47138,4.4568,4.46757
5431,4.4696,4.46888,4.45946,4.46339
5432,4.46028,4.45952,4.44899,4.4559
5433,4.46671,4.46762,4.4484,4.46205
5434,4.4744,4.47458,4.45519,4.46812
5435,4.46582,4.46493,4.44644,4.4572
5436,4.46468,4.46406,4.44722,4.46169
5437,4.46958,4.46824,4.44665,4.46157
5438,4.47152,4.46878,4.4595,4.47205
5439,4.46663,4.46763,4.45045,4.46712
5440,4.45947,4.45909,4.44061,4.45785
5441,4.46966,4.46641,4.45939,4.46799
5442,4.46333,4.4635,4.44806,4.46049
5443,4.46136,4.46068,4.44113,4.45585
5444,4.46197,4.46079,4.4398,4.45729
5445,4.46896,4.46677,4.44293,4.46261
5446,4.46141,4.46101,4.4484,4.4583
5447,4.46245,4.46315,4.44537,4.4563
5448,4.46164,4.46153,4.43397,4.45576
5449,4.47268,4.47244,4.4563,4.47211
5450,4.45813,4.45796,4.44769,4.45776
5451,4.46849,4.46778,4.45425,4.464
5452,4.48597,4.47304,4.45823,4.47251
5453,4.47264,4.47272,4.45399,4.46651
5454,4.46723,4.46768,4.44963,4.45981
5455,4.45867,4.45944,4.45567,4.45535
5456,4.45429,4.45361,4.44994,4.44619
5457,4.46481,4.46446,4.4525,4.46026
5458,4.46825,4.46778,4.44431,4.46115
5459,4.47577,4.47331,4.46154,4.46933
5460,4.48067,4.47944,4.45664,4.47837
5461,4.45787,4.45727,4.43789,4.45541
5462,4.46349,4.46146,4.46323,4.46299
5463,4.47054,4.47073,4.45042,4.46544
5464,4.45404,4.4547,4.44353,4.45058
5465,4.46841,4.46618,4.44337,4.45913
5466,4.4612,4.45876,4.43807,4.45735
5467,4.45851,4.45741,4.44115,4.45082
5468,4.4614,4.46125,4.44738,4.4551
5469,4.47149,4.47076,4.45196,4.46424
5470,4.46821,4.46678,4.45605,4.46569
5471,4.46803,4.46998,4.45482,4.46935
5472,4.47195,4.47048,4.45298,4.46208
5473,4.48166,4.47794,4.45866,4.47495
5474,4.45409,4.45453,4.44272,4.45196
5475,4.4582,4.45794,4.43337,4.45271
5476,4.48693,4.4725,4.45614,4.46661
5477,4.47121,4.46994,4.45416,4.46124
5478,4.47231,4.47048,4.45617,4.46798
5479,4.46813,4.46938,4.45432,4.46745
5480,4.46633,4.46561,4.44495,4.46606
5481,4.46385,4.46474,4.449,4.46152
5482,4.47224,4.4722,4.4592,4.47125
5483,4.45277,4.45135,4.44089,4.44759
5484,4.47155,4.47134,4.44736,4.46551
5485,4.4659,4.4663,4.45158,4.4615
5486,4.46699,4.46689,4.44942,4.46226
5487,4.46035,4.45949,4.4407,4.44877
5488,4.47516,4.47489,4.45968,4.47516
5489,4.45068,4.45127,4.42627,4.44315
5490,4.47451,4.47326,4.45498,4.46813
5491,4.48328,4.48107,4.46445,4.47708
5492,4.46419,4.46329,4.44557,4.46002
5493,4.4629,4.46418,4.44926,4.46007
5494,4.46722,4.46423,4.43969,4.45598
5495,4.47012,4.47139,4.45135,4.47122
5496,4.46015,4.45855,4.43722,4.45457
5497,4.46524,4.46693,4.44538,4.46387
5498,4.47212,4.46899,4.45375,4.46876
5499,4.46107,4.46003,4.4547,4.45682
5500,4.459,4.45812,4.43359,4.45245
5501,4.45548,4.4551,4.4338,4.44991
5502,4.47787,4.47546,4.45426,4.46968
5503,4.47923,4.47707,4.45785,4.47329
5504,4.45798,4.4577,4.44336,4.45245
5505,4.45619,4.45588,4.43418,4.45406
5506,4.46349,4.46566,4.45024,4.4625
5507,4.45611,4.45331,4.43098,4.44815
5508,4.46653,4.46741,4.45105,4.45734
5509,4.46308,4.46672,4.43869,4.45302
5510,4.47379,4.47255,4.44791,4.46794
5511,4.45817,4.45827,4.43686,4.43972
5512,4.46009,4.46343,4.45286,4.46477
5513,4.45275,4.45276,4.42875,4.44566
5514,4.46442,4.46437,4.43703,4.45802
5515,4.46855,4.47,4.45002,4.46407
5516,4.47931,4.47607,4.47577,4.46836
5517,4.45913,4.4603,4.44079,4.44742
5518,4.46703,4.46579,4.45435,4.46377
5519,4.45936,4.45957,4.43943,4.45324
5520,4.47298,4.47278,4.45243,4.46859
5521,4.47959,4.47758,4.46656,4.47104
5522,4.45218,4.45306,4.45283,4.4524
5523,4.45791,4.45664,4.43952,4.45484
5524,4.45541,4.45431,4.43167,4.44682
5525,4.47488,4.47388,4.45134,4.46809
5526,4.45809,4.45786,4.43916,4.44375
5527,4.47166,4.47131,4.45561,4.46917
5528,4.45378,4.45241,4.43674,4.45221
5529,4.48614,4.48602,4.46519,4.47957
5530,4.45787,4.45837,4.43412,4.44922
5531,4.45654,4.45689,4.43617,4.45182
5532,4.44927,4.45092,4.43217,4.44561
5533,4.47145,4.47204,4.45116,4.46812
5534,4.46158,4.46035,4.44354,4.4597
5535,4.47207,4.47154,4.45103,4.46576
5536,4.46173,4.46061,4.44049,4.45517
5537,4.46005,4.46049,4.44622,4.45851
5538,4.46749,4.46694,4.46259,4.46782
5539,4.44791,4.4484,4.42914,4.44053
5540,4.45389,4.45315,4.4421,4.45766
5541,4.46589,4.46618,4.4466,4.46191
5542,4.46866,4.46714,4.44783,4.46545
5543,4.46125,4.46077,4.43299,4.45578
5544,4.47355,4.47602,4.45589,4.47762
5545,4.4639,4.46429,4.4392,4.45664
5546,4.46045,4.45956,4.44589,4.45285
5547,4.46482,4.46377,4.43813,4.46028
5548,4.48325,4.48205,4.47181,4.47742
5549,4.46749,4.46802,4.46124,4.4644
5550,4.46803,4.46644,4.45776,4.46413
5551,4.44269,4.44573,4.42996,4.44088
5552,4.46397,4.4676,4.45172,4.46342
5553,4.4604,4.45986,4.44673,4.45122
5554,4.46507,4.46343,4.4399,4.4648
5555,4.47007,4.46689,4.45258,4.46421
5556,4.46893,4.46909,4.44877,4.4629
5557,4.47721,4.47659,4.47046,4.46949
5558,4.46968,4.4692,4.45338,4.45999
5559,4.45878,4.45746,4.43161,4.44976
5560,4.47622,4.47753,4.4586,4.47239
5561,4.46793,4.46646,4.45158,4.4637
5562,4.46331,4.4613,4.45218,4.45812
5563,4.47612,4.47552,4.45219,4.46525
5564,4.46017,4.45932,4.43443,4.46037
5565,4.46089,4.46181,4.44406,4.45798
5566,4.47905,4.47717,4.46041,4.47051
5567,4.47084,4.46988,4.44772,4.46359
5568,4.48068,4.47935,4.46381,4.46887
5569,4.46716,4.46616,4.44108,4.46455
5570,4.46221,4.46376,4.44341,4.45667
5571,4.48152,4.48059,4.47066,4.47678
5572,4.47324,4.47134,4.44859,4.46601
5573,4.46402,4.46245,4.4536,4.4621
5574,4.46458,4.46374,4.44011,4.45736
5575,4.46637,4.46416,4.45954,4.4606
5576,4.46717,4.46509,4.44198,4.46294
5577,4.46725,4.46803,4.44564,4.4603
5578,4.47134,4.4717,4.45079,4.4604
5579,4.45214,4.45187,4.42763,4.4481
5580,4.4705,4.47082,4.45311,4.46919
5581,4.46383,4.4617,4.44408,4.45746
5582,4.46515,4.46471,4.45249,4.45898
5583,4.46316,4.46182,4.44243,4.46281
5584,4.46137,4.46096,4.43685,4.45462
5585,4.45507,4.45369,4.4389,4.45133
5586,4.45653,4.45648,4.44171,4.4509
5587,4.46737,4.46607,4.45047,4.46122
5588,4.46953,4.46975,4.45121,4.46711
5589,4.46752,4.46902,4.45776,4.45836
5590,4.46446,4.46236,4.44972,4.46096
5591,4.47925,4.48115,4.46609,4.47432
5592,4.46928,4.46951,4.44739,4.46374
5593,4.46162,4.46033,4.4471,4.45666
5594,4.46468,4.46399,4.44161,4.45536
5595,4.45354,4.45217,4.42304,4.44529
5596,4.469,4.46931,4.44334,4.46396
5597,4.46681,4.46653,4.45774,4.45869
5598,4.46056,4.46065,4.44152,4.45508
5599,4.45987,4.45968,4.44978,4.45223
5600,4.4658,4.46576,4.45631,4.4636
5601,4.46804,4.46772,4.44969,4.46983
5602,4.45998,4.46074,4.44557,4.45878
5603,4.46234,4.4623,4.44758,4.45727
5604,4.46261,4.46101,4.45201,4.45329
5605,4.47002,4.46979,4.4522,4.46509
5606,4.45867,4.45921,4.43841,4.45442
5607,4.47289,4.47289,4.45814,4.46341
5608,4.45639,4.45577,4.44679,4.45465
5609,4.45776,4.45833,4.43256,4.45201
5610,4.48407,4.48282,4.47066,4.47413
5611,4.47036,4.47058,4.44222,4.46147
5612,4.46616,4.46689,4.45164,4.45897
5613,4.46171,4.46059,4.43647,4.4616
5614,4.44948,4.44969,4.44295,4.44696
5615,4.46496,4.4636,4.44737,4.46179
5616,4.46632,4.46713,4.44603,4.47058
5617,4.45307,4.45317,4.45008,4.44733
5618,4.46278,4.46492,4.44221,4.45522
5619,4.47128,4.46986,4.46156,4.47022
5620,4.4885,4.45927,4.44012,4.45545
5621,4.46653,4.46638,4.44406,4.46448
5622,4.46592,4.46415,4.44508,4.46505
5623,4.45507,4.45498,4.43695,4.4502
5624,4.47164,4.47357,4.4755,4.47031
5625,4.47225,4.47325,4.4551,4.46592
5626,4.45985,4.46011,4.43885,4.44827
5627,4.4895,4.49099,4.47369,4.48801
5628,4.46512,4.46477,4.4445,4.4591
5629,4.46513,4.46434,4.44928,4.46019
5630,4.45542,4.45523,4.4374,4.45065
5631,4.47541,4.47558,4.46233,4.47688
5632,4.4599,4.46024,4.44022,4.45588
5633,4.45394,4.45553,4.43791,4.44975
5634,4.47359,4.47314,4.45035,4.46353
5635,4.47134,4.47269,4.45118,4.46594
5636,4.45611,4.45678,4.44472,4.45945
5637,4.47256,4.47109,4.44289,4.45797
5638,4.46176,4.46194,4.45463,4.45424
5639,4.46478,4.46472,4.43997,4.45324
5640,4.46721,4.46587,4.45183,4.46523
5641,4.45982,4.4575,4.44584,4.45013
5642,4.46872,4.46945,4.44592,4.47058
5643,4.46274,4.46102,4.4394,4.45748
5644,4.46802,4.46689,4.44448,4.46172
5645,4.47339,4.47204,4.4561,4.47128
5646,4.47398,4.47368,4.45198,4.46731
5647,4.46987,4.4687,4.44462,4.46581
5648,4.46173,4.46188,4.44275,4.45432
5649,4.47766,4.47818,4.46364,4.4719
5650,4.45587,4.45571,4.44083,4.45085
5651,4.46376,4.46285,4.44303,4.4585
5652,4.45654,4.45839,4.43403,4.45042
5653,4.45747,4.45935,4.44136,4.4559
5654,4.46031,4.46025,4.44647,4.4559
5655,4.46981,4.46985,4.44768,4.46676
5656,4.47061,4.46858,4.44996,4.46495
5657,4.46996,4.46943,4.4553,4.4631
5658,4.46484,4.46464,4.44232,4.46241
5659,4.45668,4.45612,4.4341,4.45464
5660,4.45881,4.45923,4.4445,4.45226
5661,4.47381,4.47179,4.45074,4.46874
5662,4.46255,4.46309,4.43934,4.45387
5663,4.46525,4.46721,4.45753,4.45847
5664,4.45946,4.46004,4.44536,4.45736
5665,4.47312,4.47173,4.45828,4.4682
5666,4.46614,4.46683,4.44645,4.45768
5667,4.46277,4.46208,4.44915,4.4602
5668,4.46485,4.46529,4.45744,4.46017
5669,4.47652,4.47337,4.4611,4.47244
5670,4.46052,4.45913,4.43917,4.46105
5671,4.47189,4.47079,4.45357,4.47105
5672,4.47165,4.47146,4.45586,4.46488
5673,4.4714,4.47042,4.44813,4.46609
5674,4.45739,4.45681,4.4352,4.45718
5675,4.4701,4.4682,4.44742,4.46562
5676,4.46125,4.46229,4.44243,4.45553
5677,4.45766,4.45786,4.43715,4.45006
5678,4.4569,4.45547,4.43445,4.45263
5679,4.46822,4.46818,4.44928,4.46853
5680,4.4669,4.46566,4.44696,4.46289
5681,4.47239,4.47292,4.45026,4.46367
5682,4.4571,4.45817,4.43396,4.45036
5683,4.45993,4.45995,4.44682,4.45448
5684,4.47342,4.4721,4.46138,4.46968
5685,4.46657,4.46328,4.44591,4.46285
5686,4.46942,4.47034,4.44823,4.46192
5687,4.45806,4.45601,4.42939,4.44879
5688,4.46197,4.46036,4.44312,4.45482
5689,4.46802,4.4671,4.45714,4.46377
5690,4.48038,4.48061,4.45542,4.47976
5691,4.4628,4.4627,4.44385,4.4588
5692,4.4644,4.4636,4.43665,4.461
5693,4.47039,4.47007,4.44459,4.46682
5694,4.4653,4.46601,4.45114,4.4589
5695,4.46278,4.46322,4.44218,4.45902
5696,4.45634,4.4567,4.43738,4.45123
5697,4.47523,4.4749,4.46672,4.4665
5698,4.47334,4.47284,4.45662,4.46999
5699,4.47146,4.47078,4.44984,4.46549
5700,4.46047,4.46035,4.458,4.4587
5701,4.45944,4.45918,4.4369,4.45518
5702,4.46673,4.46654,4.44898,4.46083
5703,4.46093,4.46128,4.4391,4.45795
5704,4.4784,4.47909,4.44997,4.47276
5705,4.46046,4.45979,4.455,4.45663
5706,4.46315,4.46438,4.44335,4.46009
5707,4.46223,4.4626,4.44575,4.45197
5708,4.47382,4.47235,4.45012,4.46743
5709,4.46759,4.46557,4.44292,4.46016
5710,4.46352,4.46439,4.44675,4.45974
5711,4.45572,4.45624,4.44214,4.45312
5712,4.47059,4.47209,4.4568,4.46913
5713,4.46645,4.466,4.43903,4.4554
5714,4.45309,4.4528,4.43861,4.45259
5715,4.45985,4.45797,4.43655,4.45293
5716,4.45135,4.45093,4.42842,4.44707
5717,4.46769,4.46898,4.44481,4.46736
5718,4.45611,4.45516,4.42896,4.45252
5719,4.46149,4.46015,4.44242,4.45597
5720,4.45782,4.45839,4.43679,4.45333
5721,4.4744,4.4752,4.45745,4.4692
5722,4.46298,4.46425,4.44499,4.46887
5723,4.4661,4.46552,4.44842,4.46347
5724,4.45509,4.45531,4.4339,4.44911
5725,4.46645,4.46638,4.44753,4.45997
5726,4.46134,4.46166,4.44178,4.45441
5727,4.46831,4.46555,4.44634,4.46488
5728,4.46898,4.46842,4.4435,4.46462
5729,4.46397,4.46229,4.44203,4.45527
5730,4.47436,4.47383,4.45215,4.46869
5731,4.45421,4.45461,4.43905,4.45046
5732,4.47292,4.47072,4.44476,4.46403
5733,4.47503,4.47524,4.46093,4.47007
5734,4.47009,4.4699,4.4542,4.46991
5735,4.45647,4.45613,4.43174,4.44642
5736,4.46272,4.46202,4.44008,4.45171
5737,4.47009,4.46956,4.45624,4.47139
5738,4.46525,4.46556,4.44043,4.45824
5739,4.48043,4.48107,4.45978,4.47353
5740,4.4816,4.48214,4.46391,4.47898
5741,4.46568,4.46501,4.45178,4.4553
5742,4.46427,4.46252,4.44698,4.4567
5743,4.4601,4.45926,4.44033,4.44685
5744,4.46778,4.46782,4.44175,4.46381
5745,4.46997,4.46912,4.4446,4.46164
5746,4.4682,4.46663,4.45683,4.46721
5747,4.46948,4.47031,4.45416,4.46941
5748,4.45693,4.45801,4.43899,4.45093
5749,4.46555,4.46636,4.442,4.45549
5750,4.47116,4.47228,4.45662,4.4708
5751,4.46313,4.46016,4.44408,4.45575
5752,4.46962,4.46811,4.45201,4.4619
5753,4.47132,4.46932,4.44441,4.46899
5754,4.45988,4.45899,4.43921,4.44929
5755,4.46592,4.46452,4.44011,4.45481
5756,4.46548,4.46529,4.46058,4.46983
5757,4.46456,4.4635,4.44071,4.46137
5758,4.46599,4.46718,4.4469,4.46624
5759,4.468,4.46787,4.45473,4.45756
5760,4.45837,4.45767,4.44418,4.45482
5761,4.46126,4.4609,4.43769,4.4625
5762,4.47279,4.47126,4.45367,4.46558
5763,4.47108,4.47181,4.44968,4.46337
5764,4.46543,4.46631,4.43876,4.46397
5765,4.46556,4.46591,4.44283,4.45875
5766,4.46436,4.46371,4.45546,4.4587
5767,4.46673,4.46727,4.45241,4.45977
5768,4.46506,4.46508,4.46582,4.46532
5769,4.46306,4.4654,4.44062,4.45736
5770,4.46105,4.46159,4.44241,4.45107
5771,4.46936,4.46822,4.4434,4.46006
5772,4.47014,4.47083,4.44867,4.46612
5773,4.47071,4.47041,4.4573,4.46171
5774,4.4665,4.4661,4.44395,4.46285
5775,4.47043,4.46962,4.44689,4.46492
5776,4.46034,4.46079,4.43662,4.45212
5777,4.46873,4.46796,4.44908,4.4638
5778,4.46178,4.46158,4.44567,4.45744
5779,4.46749,4.46625,4.4437,4.46174
5780,4.46126,4.46141,4.44577,4.456
5781,4.45897,4.45898,4.44395,4.45173
5782,4.45991,4.45891,4.4385,4.45776
5783,4.46837,4.46763,4.44629,4.4649
5784,4.46287,4.46418,4.44296,4.45499
5785,4.46271,4.46208,4.43403,4.45942
5786,4.46695,4.46736,4.45416,4.4631
5787,4.47334,4.47241,4.45168,4.46955
5788,4.4693,4.46677,4.44191,4.46536
5789,4.45906,4.46086,4.43919,4.45758
5790,4.46286,4.46266,4.44514,4.45978
5791,4.45061,4.44927,4.42905,4.44453
5792,4.45814,4.45885,4.45296,4.45198
5793,4.45855,4.45933,4.43817,4.4509
5794,4.46097,4.46165,4.43915,4.45599
5795,4.45813,4.45854,4.45835,4.45456
5796,4.45997,4.46083,4.44762,4.45169
5797,4.47131,4.4708,4.45785,4.46654
5798,4.46581,4.4661,4.45056,4.46294
5799,4.4689,4.46902,4.45138,4.46143
5800,4.47019,4.47037,4.45032,4.47024
5801,4.47298,4.46996,4.44713,4.4675
5802,4.4766,4.47665,4.46611,4.46832
5803,4.46699,4.46655,4.44749,4.46062
5804,4.4635,4.46217,4.44063,4.45585
5805,4.46864,4.46794,4.45047,4.46066
5806,4.46765,4.46789,4.4401,4.46143
5807,4.47169,4.46926,4.45482,4.46761
5808,4.46323,4.46372,4.45349,4.46146
5809,4.48327,4.48339,4.45813,4.46959
5810,4.45651,4.4568,4.44188,4.45124
5811,4.47568,4.47476,4.46181,4.46863
5812,4.46386,4.46447,4.44598,4.46404
5813,4.45716,4.45785,4.44876,4.45552
5814,4.47072,4.47008,4.44662,4.46399
5815,4.45881,4.45818,4.43624,4.45005
5816,4.45814,4.45862,4.44489,4.45321
5817,4.45955,4.45978,4.43841,4.44586
5818,4.46369,4.46344,4.44548,4.46212
5819,4.46011,4.46011,4.43958,4.45733
5820,4.46172,4.46229,4.44248,4.45499
5821,4.47234,4.49679,4.44834,4.46385
5822,4.47229,4.47257,4.44975,4.46763
5823,4.46654,4.46564,4.44994,4.45624
5824,4.47039,4.51576,4.44875,4.46533
5825,4.46392,4.50519,4.4435,4.45447
5826,4.45122,4.47457,4.4315,4.44456
5827,4.46892,4.49383,4.44616,4.46841
5828,4.46696,4.49093,4.44359,4.4587
5829,4.46437,4.5032,4.43921,4.45338
5830,4.46906,4.49277,4.44239,4.45954
5831,4.45839,4.47243,4.43579,4.4507
5832,4.45601,4.46089,4.43735,4.46061
5833,4.46722,4.46747,4.44264,4.45549
5834,4.46184,4.46175,4.43845,4.45236
5835,4.46842,4.46893,4.45004,4.46905
5836,4.45849,4.45936,4.4494,4.45499
5837,4.47095,4.47207,4.44842,4.46524
5838,4.46202,4.46247,4.44248,4.45687
5839,4.47562,4.47608,4.46473,4.47019
5840,4.45501,4.45612,4.43086,4.44811
5841,4.46523,4.4654,4.44748,4.4644
5842,4.47312,4.47341,4.45904,4.47015
5843,4.46143,4.46129,4.44036,4.45612
5844,4.47271,4.47326,4.45271,4.46538
5845,4.46621,4.46731,4.45096,4.46869
5846,4.46752,4.46805,4.4467,4.46147
5847,4.46241,4.46301,4.4422,4.45624
5848,4.4599,4.4601,4.44503,4.46034
5849,4.45691,4.4585,4.44342,4.4574
5850,4.46313,4.46186,4.43836,4.4541
5851,4.47365,4.47335,4.44866,4.47104
5852,4.46979,4.4689,4.44861,4.46354
5853,4.46949,4.4712,4.44816,4.4588
5854,4.46451,4.46477,4.44025,4.4567
5855,4.47142,4.47305,4.45494,4.46371
5856,4.46546,4.46617,4.44452,4.46056
5857,4.47608,4.47703,4.46116,4.46601
5858,4.46199,4.46246,4.43353,4.45658
5859,4.46612,4.46572,4.4367,4.45736
5860,4.46702,4.46555,4.45484,4.46219
5861,4.45977,4.45831,4.44629,4.45304
5862,4.46762,4.46669,4.43819,4.46049
5863,4.45414,4.45633,4.44425,4.45365
5864,4.4662,4.4658,4.44122,4.45513
5865,4.45845,4.46077,4.44809,4.45664
5866,4.47211,4.47445,4.45773,4.46296
5867,4.47056,4.47239,4.44547,4.46629
5868,4.4628,4.48613,4.44949,4.4599
5869,4.46092,4.46222,4.45289,4.45428
5870,4.46384,4.4635,4.44273,4.46278
5871,4.45536,4.45217,4.44017,4.45527
5872,4.46493,4.4652,4.44394,4.46203
5873,4.47457,4.479,4.457,4.47268
5874,4.46944,4.47041,4.44499,4.46625
5875,4.46712,4.4678,4.44162,4.46001
5876,4.46276,4.46425,4.43959,4.46484
5877,4.4558,4.45843,4.43695,4.44867
5878,4.46998,4.46942,4.44739,4.46336
5879,4.456,4.45455,4.43703,4.44103
5880,4.4637,4.46086,4.44971,4.45786
5881,4.4647,4.46581,4.44998,4.46211
5882,4.46606,4.46687,4.44386,4.46098
5883,4.46818,4.46982,4.44992,4.46378
5884,4.45437,4.4526,4.43615,4.45082
5885,4.47115,4.47142,4.45051,4.46381
5886,4.44799,4.44874,4.42384,4.44095
5887,4.46118,4.46215,4.44679,4.45643
5888,4.46097,4.46148,4.44082,4.4549
5889,4.46998,4.46812,4.45144,4.46502
5890,4.45833,4.46021,4.43356,4.45138
5891,4.45204,4.45037,4.44355,4.44685
5892,4.46146,4.46389,4.44099,4.45161
5893,4.46043,4.46177,4.45427,4.45938
5894,4.46589,4.46568,4.44778,4.45876
5895,4.46779,4.46654,4.44463,4.45789
5896,4.4667,4.46814,4.45017,4.46261
5897,4.46026,4.46004,4.43177,4.44163
5898,4.46111,4.46086,4.44158,4.45898
5899,4.45542,4.45576,4.43695,4.45344
5900,4.45855,4.4599,4.43404,4.45119
5901,4.46258,4.46292,4.44847,4.45614
5902,4.44761,4.44871,4.43425,4.4421
5903,4.45385,4.45394,4.42844,4.44601
5904,4.47527,4.47539,4.45636,4.47011
5905,4.45352,4.45314,4.43051,4.44981
5906,4.46333,4.46135,4.4505,4.45927
5907,4.47711,4.47636,4.46486,4.46241
5908,4.47554,4.47583,4.45075,4.47271
5909,4.47323,4.47204,4.46226,4.46638
5910,4.46673,4.46489,4.44466,4.46018
5911,4.47574,4.47456,4.44948,4.46554
5912,4.48303,4.48078,4.45609,4.47166
5913,4.45873,4.4571,4.44368,4.45967
5914,4.45862,4.45796,4.43681,4.45549
5915,4.47558,4.47262,4.45052,4.4626
5916,4.46045,4.45904,4.44683,4.44948
5917,4.46584,4.46679,4.44935,4.46723
5918,4.46322,4.46161,4.44018,4.46014
5919,4.46942,4.46524,4.44596,4.46863
5920,4.45912,4.45768,4.44334,4.45712
5921,4.45976,4.46442,4.43767,4.45529
5922,4.46526,4.46348,4.44666,4.45843
5923,4.46957,4.46736,4.44493,4.45445
5924,4.4727,4.47194,4.46011,4.4678
5925,4.46127,4.46057,4.43545,4.45386
5926,4.4636,4.46908,4.43925,4.45994
5927,4.46839,4.46978,4.44421,4.46923
5928,4.47599,4.47504,4.452,4.47856
5929,4.47547,4.47341,4.45684,4.474
5930,4.45799,4.46001,4.4422,4.45328
5931,4.47143,4.47135,4.44887,4.46957
5932,4.473,4.47307,4.45837,4.47071
5933,4.45865,4.45789,4.43949,4.45546
5934,4.47234,4.4733,4.45486,4.47206
5935,4.46939,4.46848,4.44583,4.46867
5936,4.47813,4.47866,4.46097,4.47163
5937,4.46402,4.46504,4.45505,4.46503
5938,4.45937,4.46102,4.43329,4.45763
5939,4.47017,4.4706,4.45744,4.46292
5940,4.47273,4.47339,4.4576,4.46486
5941,4.46154,4.4613,4.44251,4.45922
5942,4.45058,4.45059,4.43385,4.44729
5943,4.46016,4.45898,4.43791,4.45667
5944,4.45911,4.45968,4.43678,4.45135
5945,4.46035,4.46049,4.43503,4.45693
5946,4.46996,4.46892,4.45389,4.46953
5947,4.46594,4.46486,4.44724,4.46081
5948,4.45739,4.45558,4.43278,4.45266
5949,4.47501,4.47408,4.44895,4.46984
5950,4.4707,4.46946,4.44848,4.46687
5951,4.46033,4.45883,4.43638,4.45584
5952,4.46731,4.46948,4.45447,4.46161
5953,4.4715,4.47238,4.44542,4.47007
5954,4.46564,4.46428,4.44605,4.4622
5955,4.46435,4.46375,4.44479,4.46374
5956,4.45787,4.4587,4.44508,4.45455
5957,4.46501,4.46313,4.44287,4.46015
5958,4.47234,4.47292,4.45303,4.47035
5959,4.4712,4.47151,4.44642,4.46308
5960,4.47813,4.47753,4.45284,4.4696
5961,4.47616,4.47587,4.44797,4.46968
5962,4.45406,4.45498,4.42984,4.45342
5963,4.47505,4.47178,4.45607,4.46745
5964,4.45807,4.45837,4.4427,4.45771
5965,4.46064,4.46193,4.45582,4.45676
5966,4.45943,4.46093,4.44634,4.4575
5967,4.45465,4.45439,4.43231,4.44978
5968,4.46947,4.46977,4.44645,4.46365
5969,4.46744,4.46702,4.44394,4.46197
5970,4.46405,4.46273,4.44713,4.45796
5971,4.47638,4.47523,4.4578,4.46538
5972,4.45789,4.45667,4.43814,4.44996
5973,4.46475,4.46399,4.44881,4.46457
5974,4.46399,4.46522,4.44656,4.45906
5975,4.46897,4.46878,4.45554,4.46545
5976,4.4639,4.46599,4.43682,4.46277
5977,4.46682,4.46668,4.44779,4.46463
5978,4.46212,4.46041,4.44414,4.45807
5979,4.46288,4.46433,4.43155,4.4501
5980,4.46001,4.4594,4.43565,4.4549
5981,4.46263,4.46254,4.44404,4.45628
5982,4.47583,4.4735,4.45569,4.46922
5983,4.47278,4.4738,4.45108,4.47176
5984,4.46083,4.46151,4.44564,4.45706
5985,4.47048,4.47214,4.44803,4.46539
5986,4.47506,4.47469,4.44482,4.46459
5987,4.45751,4.48341,4.44527,4.45302
5988,4.46975,4.46784,4.44882,4.46747
5989,4.44671,4.44695,4.43016,4.44326
5990,4.46953,4.46743,4.44486,4.47206
5991,4.46377,4.46477,4.44237,4.46224
5992,4.47475,4.47405,4.46422,4.46744
5993,4.46681,4.46772,4.44754,4.45972
5994,4.46735,4.46934,4.43861,4.46041
5995,4.46216,4.46315,4.43954,4.45897
5996,4.46376,4.46517,4.44858,4.46078
5997,4.46751,4.46805,4.44441,4.46382
5998,4.45502,4.4554,4.44484,4.44869
5999,4.4785,4.4783,4.45069,4.47656
6000,4.47117,4.47315,4.44342,4.46579
