step,exact,kimi,srd,srd_f
1,5.58444,5.58551,5.58451,5.58451
2,5.48257,5.48087,5.48209,5.48207
3,5.30513,5.3061,5.3053,5.30532
4,5.23105,5.23006,5.23125,5.23135
5,5.15245,5.14499,5.15206,5.152
6,5.09313,5.09046,5.09474,5.09526
7,5.02105,5.02322,5.0213,5.0216
8,4.97526,4.97703,4.9746,4.9747
9,4.96364,4.94898,4.96742,4.96744
10,4.82133,4.95285,4.81964,4.82077
11,4.83101,4.83626,4.82974,4.83018
12,4.81459,4.87247,4.80945,4.81048
13,4.75075,4.76996,4.74267,4.74469
14,4.67878,4.67556,4.66819,4.67012
15,4.72045,4.73629,4.73396,4.73607
16,4.65475,4.67343,4.65496,4.65758
17,4.64242,4.65197,4.63989,4.64094
18,4.53994,4.54692,4.53958,4.54149
19,4.5974,4.61171,4.59944,4.59733
20,4.58126,4.58082,4.58231,4.58466
21,4.59773,4.58002,4.59973,4.59955
22,4.55169,4.55691,4.54415,4.5472
23,4.54538,4.55352,4.54339,4.54485
24,4.57571,4.57897,4.57551,4.57601
25,4.55052,4.54015,4.55159,4.55287
26,4.56717,4.56346,4.56701,4.56815
27,4.5736,4.58592,4.57244,4.57356
28,4.51935,4.51511,4.52042,4.52122
29,4.53655,4.53746,4.534,4.53515
30,4.51845,4.51666,4.52012,4.51876
31,4.56383,4.57265,4.5621,4.56214
32,4.52995,4.53048,4.52942,4.53096
33,4.53303,4.53734,4.53046,4.53192
34,4.54221,4.53749,4.54334,4.54403
35,4.52153,4.51989,4.52047,4.52173
36,4.55142,4.55255,4.54809,4.55156
37,4.52514,4.52363,4.5249,4.52704
38,4.55898,4.55993,4.55742,4.55983
39,4.53744,4.52993,4.53353,4.53682
40,4.52367,4.52677,4.52161,4.52256
41,4.48553,4.48265,4.48751,4.48723
42,4.52993,4.52679,4.52844,4.52868
43,4.49804,4.49807,4.49936,4.49809
44,4.53046,4.53034,4.53325,4.53128
45,4.51499,4.51675,4.51301,4.51483
46,4.49343,4.49413,4.49477,4.49346
47,4.54286,4.54474,4.54236,4.54204
48,4.47594,4.4786,4.47558,4.47658
49,4.49107,4.48967,4.48867,4.49047
50,4.52232,4.52569,4.52285,4.52497
51,4.53595,4.53482,4.5365,4.53399
52,4.56735,4.56568,4.57032,4.56726
53,4.53039,4.52752,4.53311,4.52989
54,4.55892,4.55461,4.55835,4.55774
55,4.50614,4.50071,4.50596,4.50789
56,4.48959,4.48674,4.49099,4.49763
57,4.48133,4.48263,4.48693,4.48296
58,4.50631,4.50592,4.50505,4.50627
59,4.49965,4.50158,4.49781,4.50006
60,4.54127,4.54478,4.54261,4.54202
61,4.52779,4.51221,4.51363,4.51541
62,4.54072,4.53552,4.54063,4.53989
63,4.52457,4.52105,4.5256,4.5507
64,4.53096,4.53258,4.53346,4.53799
65,4.52126,4.51696,4.52123,4.52347
66,4.50701,4.50567,4.50545,4.51333
67,4.50491,4.50808,4.50845,4.51292
68,4.53174,4.527,4.52885,4.54656
69,4.48918,4.4865,4.48651,4.49611
70,4.52953,4.51606,4.51717,4.52122
71,4.53269,4.53239,4.53379,4.55449
72,4.52902,4.52884,4.52751,4.51458
73,4.50027,4.49758,4.49089,4.49567
74,4.51289,4.51178,4.51441,4.51288
75,4.5155,4.51479,4.51049,4.51646
76,4.49907,4.49765,4.49839,4.49769
77,4.50811,4.49948,4.50501,4.50433
78,4.48736,4.47862,4.48021,4.48021
79,4.53388,4.53011,4.53617,4.53348
80,4.47236,4.4718,4.47367,4.47542
81,4.5142,4.5188,4.5168,4.51335
82,4.51792,4.51287,4.52083,4.52662
83,4.53149,4.52914,4.53318,4.54573
84,4.52243,4.48601,4.48913,4.49373
85,4.48594,4.47307,4.47474,4.47682
86,4.48144,4.45922,4.46019,4.46179
87,4.50743,4.51058,4.51111,4.51197
88,4.49184,4.48793,4.48875,4.49111
89,4.51706,4.51679,4.5184,4.52083
90,4.52883,4.53791,4.53272,4.57247
91,4.49737,4.49769,4.49807,4.51307
92,4.53537,4.53158,4.53062,4.5356
93,4.49705,4.49568,4.49578,4.5024
94,4.49048,4.49329,4.49172,4.49671
95,4.50821,4.51084,4.5065,4.51405
96,4.50912,4.51453,4.51022,4.52772
97,4.52855,4.50798,4.50629,4.51228
98,4.49416,4.49742,4.492,4.49466
99,4.49443,4.49225,4.49083,4.48845
100,4.53923,4.5289,4.52795,4.5467
101,4.52632,4.52292,4.52648,4.52936
102,4.50064,4.50227,4.49731,4.50981
103,4.52468,4.50619,4.5003,4.50473
104,4.50026,4.49577,4.49973,4.50809
105,4.50027,4.50446,4.50511,4.49976
106,4.50537,4.50708,4.50219,4.50994
107,4.48451,4.48219,4.48535,4.48875
108,4.53021,4.51041,4.50944,4.51214
109,4.51619,4.506,4.50739,4.51359
110,4.50798,4.50628,4.49849,4.50141
111,4.49037,4.48347,4.48734,4.49002
112,4.47789,4.47567,4.47493,4.5036
113,4.51361,4.50246,4.50174,4.49376
114,4.50485,4.50738,4.51456,4.51236
115,4.52064,4.52063,4.53806,4.51568
116,4.49658,4.48752,4.49177,4.49606
117,4.49364,4.49541,4.49374,4.48632
118,4.46671,4.47334,4.46985,4.45925
119,4.55373,4.5576,4.55616,4.54746
120,4.48004,4.47405,4.4776,4.47989
121,4.49887,4.49716,4.49827,4.49622
122,4.49306,4.49159,4.4914,4.49822
123,4.49487,4.49497,4.48902,4.49955
124,4.49857,4.4984,4.50252,4.50021
125,4.5046,4.50284,4.50409,4.50445
126,4.50718,4.50936,4.5051,4.50401
127,4.50153,4.50196,4.50035,4.51228
128,4.51262,4.5091,4.50988,4.51283
129,4.50152,4.50259,4.50112,4.49956
130,4.45813,4.4589,4.45987,4.46112
131,4.51505,4.51356,4.50975,4.5144
132,4.50869,4.50671,4.50628,4.52336
133,4.46927,4.46654,4.46785,4.47445
134,4.49925,4.49849,4.49947,4.49893
135,4.5207,4.52484,4.52639,4.52849
136,4.50236,4.51005,4.50706,4.5056
137,4.51155,4.50245,4.5004,4.50569
138,4.50894,4.49691,4.4961,4.5054
139,4.48271,4.47621,4.47786,4.48417
140,4.46779,4.45794,4.45862,4.46183
141,4.4916,4.48341,4.49959,4.48864
142,4.49265,4.49262,4.49451,4.49335
143,4.51081,4.50903,4.50829,4.50749
144,4.50807,4.49913,4.49971,4.50776
145,4.51559,4.49557,4.49308,4.49601
146,4.50827,4.50491,4.50893,4.51259
147,4.51839,4.51656,4.51764,4.52002
148,4.50926,4.50925,4.51654,4.51831
149,4.51498,4.50805,4.50864,4.508
150,4.49976,4.50011,4.50282,4.50082
151,4.49134,4.48251,4.48627,4.48904
152,4.48695,4.47753,4.48166,4.47932
153,4.51478,4.50918,4.51136,4.50823
154,4.50405,4.50027,4.50041,4.50348
155,4.5133,4.51861,4.51918,4.52257
156,4.54256,4.52139,4.52066,4.52109
157,4.45932,4.46063,4.46264,4.46195
158,4.50994,4.5089,4.50764,4.50562
159,4.51542,4.51335,4.51133,4.51448
160,4.50064,4.4977,4.49672,4.49974
161,4.48833,4.48818,4.48795,4.48162
162,4.50565,4.50872,4.50922,4.52394
163,4.47563,4.4805,4.47507,4.47864
164,4.47997,4.48158,4.48349,4.48957
165,4.51489,4.51325,4.51361,4.51634
166,4.48295,4.48234,4.47934,4.48451
167,4.49442,4.48619,4.48777,4.48966
168,4.48271,4.48449,4.48239,4.48961
169,4.51655,4.52322,4.52059,4.52788
170,4.50067,4.50421,4.50422,4.50469
171,4.48874,4.49163,4.49139,4.49261
172,4.49969,4.50302,4.5018,4.5043
173,4.50302,4.4996,4.49954,4.49953
174,4.4808,4.48121,4.48197,4.48254
175,4.49362,4.49288,4.49383,4.49236
176,4.4955,4.49574,4.49676,4.49788
177,4.46407,4.46297,4.46425,4.46485
178,4.49034,4.48698,4.48983,4.48582
179,4.4838,4.47854,4.47775,4.48131
180,4.49655,4.49659,4.4991,4.50029
181,4.47957,4.47805,4.47894,4.47755
182,4.51405,4.50902,4.51236,4.51145
183,4.503,4.49417,4.49599,4.49679
184,4.4607,4.45977,4.46151,4.46274
185,4.52562,4.51987,4.52388,4.51674
186,4.49617,4.4991,4.49926,4.49927
187,4.50345,4.50571,4.50292,4.50601
188,4.4788,4.47564,4.47658,4.47909
189,4.51331,4.508,4.50894,4.50557
190,4.51662,4.5142,4.51684,4.51591
191,4.47962,4.47915,4.47892,4.48787
192,4.47533,4.4737,4.47377,4.47167
193,4.5303,4.52641,4.52668,4.52359
194,4.50284,4.50213,4.50152,4.50323
195,4.48184,4.486,4.48786,4.48461
196,4.48576,4.48617,4.48809,4.48467
197,4.48175,4.47848,4.47927,4.48018
198,4.50499,4.50238,4.50059,4.51023
199,4.52007,4.52142,4.51919,4.52366
200,4.46923,4.47102,4.47141,4.47186
201,4.49771,4.49583,4.49733,4.50175
202,4.46505,4.46465,4.46568,4.46754
203,4.49382,4.49276,4.4939,4.49999
204,4.51335,4.51193,4.51407,4.51432
205,4.51235,4.51024,4.50952,4.51204
206,4.53201,4.52935,4.53549,4.5321
207,4.481,4.47764,4.48037,4.47769
208,4.48774,4.48853,4.4902,4.48928
209,4.4956,4.49614,4.49516,4.50068
210,4.51486,4.51495,4.51728,4.51651
211,4.48726,4.49126,4.49541,4.48917
212,4.46294,4.45601,4.46096,4.47014
213,4.48069,4.47768,4.47813,4.47759
214,4.46595,4.46539,4.46611,4.46785
215,4.49744,4.49819,4.50023,4.5046
216,4.48705,4.48347,4.49226,4.48847
217,4.48908,4.48589,4.49041,4.48303
218,4.47176,4.46967,4.4687,4.47036
219,4.49131,4.49088,4.48549,4.49073
220,4.50629,4.50255,4.5041,4.50165
221,4.47754,4.47733,4.47552,4.47748
222,4.48025,4.48008,4.4801,4.47957
223,4.49942,4.49652,4.49297,4.49874
224,4.46932,4.4688,4.47472,4.47079
225,4.48168,4.47983,4.47378,4.47765
226,4.50141,4.50114,4.49988,4.50389
227,4.4747,4.47696,4.47987,4.47829
228,4.52535,4.52259,4.52617,4.52592
229,4.50481,4.50415,4.50503,4.50687
230,4.50413,4.50426,4.50438,4.50165
231,4.47843,4.47685,4.47469,4.47983
232,4.48219,4.48359,4.48629,4.48368
233,4.49222,4.49373,4.49488,4.49221
234,4.47411,4.47283,4.47294,4.47673
235,4.48674,4.48793,4.48772,4.48855
236,4.4959,4.48967,4.49153,4.49454
237,4.46973,4.46976,4.47771,4.47128
238,4.46478,4.47268,4.47246,4.46662
239,4.48646,4.48591,4.48915,4.48845
240,4.48022,4.47759,4.48088,4.47801
241,4.49775,4.49761,4.49942,4.49675
242,4.48292,4.46612,4.46457,4.46618
243,4.49473,4.4857,4.48579,4.48622
244,4.48575,4.48443,4.48255,4.48526
245,4.48962,4.48608,4.4893,4.48786
246,4.4775,4.47608,4.47749,4.47794
247,4.50999,4.53836,4.50392,4.50928
248,4.48579,4.48757,4.48653,4.48828
249,4.47614,4.47557,4.47516,4.47497
250,4.48755,4.48646,4.48669,4.48736
251,4.49666,4.4991,4.49573,4.49627
252,4.48812,4.52932,4.49026,4.4901
253,4.48018,4.48267,4.4814,4.48322
254,4.51018,4.50956,4.51099,4.51011
255,4.4758,4.47485,4.47531,4.4758
256,4.5143,4.51092,4.51286,4.51372
257,4.49002,4.48977,4.49175,4.48838
258,4.48983,4.48717,4.48897,4.48968
259,4.50121,4.49856,4.50184,4.49855
260,4.50557,4.50579,4.50563,4.50417
261,4.48811,4.48744,4.4864,4.4896
262,4.47466,4.47023,4.47102,4.47258
263,4.50801,4.50499,4.50563,4.50519
264,4.47428,4.47783,4.47299,4.47391
265,4.48547,4.48596,4.4843,4.48579
266,4.46901,4.47036,4.46678,4.46859
267,4.49801,4.49795,4.50011,4.49972
268,4.4772,4.47881,4.47566,4.4769
269,4.49591,4.49546,4.49588,4.49485
270,4.4878,4.52202,4.48743,4.48652
271,4.50238,4.50086,4.50708,4.50144
272,4.49268,4.5088,4.49047,4.49357
273,4.48631,4.4875,4.48417,4.48422
274,4.49924,4.50145,4.5008,4.50109
275,4.49629,4.49013,4.49426,4.49028
276,4.49934,4.49516,4.50003,4.49847
277,4.49578,4.49165,4.49652,4.49293
278,4.49637,4.49819,4.49607,4.49647
279,4.46232,4.46107,4.46091,4.45961
280,4.50865,4.50423,4.50835,4.51039
281,4.47959,4.47873,4.48002,4.47812
282,4.49291,4.48825,4.49151,4.49478
283,4.45927,4.45873,4.4589,4.45948
284,4.4781,4.48136,4.47858,4.47836
285,4.46667,4.46747,4.46568,4.46836
286,4.48466,4.48337,4.48411,4.48594
287,4.50581,4.51157,4.48646,4.48737
288,4.49487,4.49455,4.49535,4.49604
289,4.47334,4.49949,4.47313,4.47394
290,4.47619,4.46566,4.46064,4.46153
291,4.46478,4.48836,4.46241,4.46264
292,4.47996,4.4782,4.47994,4.47936
293,4.53022,4.53095,4.52915,4.52851
294,4.51984,4.47809,4.47581,4.47539
295,4.4627,4.46071,4.46347,4.46537
296,4.47926,4.47776,4.47692,4.4769
297,4.48795,4.48982,4.48906,4.48873
298,4.49843,4.49532,4.49544,4.49724
299,4.48857,4.49084,4.48908,4.49201
300,4.49757,4.49978,4.49354,4.49644
301,4.50719,4.50499,4.50826,4.50752
302,4.47766,4.48031,4.47882,4.47682
303,4.50427,4.505,4.50643,4.50896
304,4.4902,4.49211,4.48798,4.49256
305,4.49256,4.57792,4.49254,4.49352
306,4.4948,4.492,4.48872,4.49133
307,4.48377,4.48119,4.48328,4.48774
308,4.48523,4.47986,4.48336,4.48343
309,4.49002,4.4913,4.4933,4.49013
310,4.47196,4.46946,4.47636,4.47236
311,4.51483,4.51181,4.51518,4.51539
312,4.48502,4.50705,4.48552,4.48637
313,4.48886,4.48794,4.4894,4.48925
314,4.4865,4.50157,4.48577,4.48527
315,4.50119,4.50158,4.50074,4.50202
316,4.48181,4.47656,4.47994,4.48309
317,4.48627,4.48588,4.48255,4.48696
318,4.47406,4.47964,4.47832,4.47351
319,4.47966,4.47574,4.47783,4.47704
320,4.48872,4.48711,4.48377,4.48642
321,4.4897,4.48886,4.48854,4.48785
322,4.49321,4.49273,4.49172,4.52322
323,4.49671,4.49896,4.50058,4.49709
324,4.48293,4.50416,4.48889,4.48565
325,4.47096,4.46802,4.47526,4.46847
326,4.5099,4.47962,4.47925,4.48022
327,4.48177,4.48122,4.483,4.48236
328,4.48925,4.48863,4.48938,4.49155
329,4.47196,4.47194,4.47156,4.47229
330,4.49784,4.5024,4.50001,4.49937
331,4.49653,4.50128,4.50022,4.51862
332,4.47651,4.47861,4.4769,4.48041
333,4.47002,4.47241,4.47254,4.46915
334,4.44341,4.45929,4.44394,4.4451
335,4.47848,4.47776,4.48052,4.4791
336,4.46799,4.47251,4.46857,4.46794
337,4.5127,4.51159,4.5119,4.51609
338,4.48908,4.48675,4.49059,4.48916
339,4.48748,4.48542,4.48625,4.49033
340,4.47747,4.47861,4.47541,4.47809
341,4.48573,4.48446,4.48477,4.48622
342,4.48746,4.48643,4.4866,4.50015
343,4.48015,4.47971,4.49471,4.47895
344,4.49939,4.49674,4.49879,4.50087
345,4.47394,4.47482,4.47955,4.4743
346,4.49649,4.49772,4.49408,4.49407
347,4.46711,4.46823,4.46851,4.46503
348,4.46615,4.46376,4.46079,4.46474
349,4.48105,4.47576,4.48481,4.4813
350,4.48602,4.48831,4.49548,4.48615
351,4.47857,4.48195,4.47291,4.49521
352,4.48419,4.48211,4.48452,4.49888
353,4.47393,4.47203,4.47848,4.47625
354,4.46158,4.46272,4.46183,4.46246
355,4.45659,4.45724,4.45978,4.45828
356,4.51323,4.51622,4.51415,4.5161
357,4.50193,4.50134,4.50408,4.50294
358,4.50543,4.50477,4.50486,4.50908
359,4.48069,4.48181,4.48331,4.47894
360,4.49162,4.49005,4.49199,4.49531
361,4.47613,4.47716,4.47799,4.47701
362,4.4794,4.47985,4.4801,4.48319
363,4.47434,4.47513,4.47193,4.47199
364,4.48157,4.48494,4.48356,4.48227
365,4.48449,4.48322,4.48671,4.48625
366,4.47629,4.48998,4.4766,4.47455
367,4.46654,4.469,4.47124,4.47031
368,4.49905,4.49732,4.49652,4.4967
369,4.47717,4.47778,4.4745,4.47579
370,4.50223,4.5053,4.50581,4.50076
371,4.4723,4.50199,4.47464,4.47352
372,4.47847,4.49867,4.47829,4.47629
373,4.48145,4.48023,4.48276,4.48435
374,4.49597,4.49683,4.49518,4.49402
375,4.48167,4.47818,4.47971,4.47923
376,4.47539,4.47843,4.47321,4.48854
377,4.48816,4.48855,4.48921,4.48602
378,4.48608,4.48273,4.48377,4.48205
379,4.45685,4.45505,4.45267,4.45272
380,4.48685,4.48735,4.48567,4.48649
381,4.47073,4.46928,4.4732,4.47215
382,4.47159,4.47192,4.47015,4.47591
383,4.4894,4.48874,4.49019,4.49139
384,4.49362,4.49132,4.4961,4.49519
385,4.48324,4.4815,4.48662,4.48921
386,4.4876,4.48568,4.48954,4.48605
387,4.46232,4.46441,4.46362,4.48912
388,4.46425,4.46393,4.46414,4.48709
389,4.48468,4.48894,4.48643,4.48395
390,4.49089,4.48794,4.4897,4.48925
391,4.49688,4.49478,4.49655,4.4955
392,4.47137,4.46926,4.46715,4.4695
393,4.49027,4.48882,4.48946,4.4871
394,4.46782,4.46551,4.46575,4.46416
395,4.45417,4.45578,4.45384,4.45565
396,4.48288,4.48135,4.48356,4.48558
397,4.50985,4.51129,4.50979,4.50969
398,4.47253,4.47811,4.47206,4.47582
399,4.47545,4.47953,4.47581,4.47787
400,4.4945,4.49406,4.49453,4.49407
401,4.47052,4.47092,4.4707,4.4723
402,4.47941,4.47926,4.48008,4.48044
403,4.49131,4.48967,4.48907,4.49167
404,4.46364,4.45956,4.46128,4.46315
405,4.47397,4.47498,4.47585,4.47894
406,4.45632,4.45781,4.4592,4.45698
407,4.46241,4.46344,4.46008,4.4616
408,4.53192,4.53126,4.53287,4.53541
409,4.47001,4.47421,4.47,4.4716
410,4.49566,4.49711,4.49646,4.49771
411,4.48376,4.48169,4.48376,4.48026
412,4.46462,4.46482,4.4656,4.46656
413,4.47999,4.48149,4.48166,4.48265
414,4.4719,4.47086,4.47217,4.47249
415,4.47327,4.4758,4.47416,4.47266
416,4.50755,4.50841,4.50775,4.50423
417,4.47161,4.47508,4.47396,4.47473
418,4.46727,4.46718,4.4689,4.4694
419,4.4602,4.46234,4.46055,4.46302
420,4.46822,4.47254,4.46995,4.46881
421,4.49219,4.49049,4.49202,4.49005
422,4.47326,4.47231,4.47223,4.47393
423,4.48056,4.47899,4.48076,4.4804
424,4.50832,4.50465,4.50444,4.50887
425,4.47485,4.47831,4.47583,4.4787
426,4.47768,4.47914,4.47953,4.47947
427,4.50645,4.5033,4.50331,4.50389
428,4.47697,4.47677,4.47515,4.47682
429,4.4891,4.48774,4.48828,4.49039
430,4.45769,4.45824,4.45826,4.45732
431,4.49053,4.49033,4.49124,4.49134
432,4.50002,4.49976,4.50016,4.49892
433,4.46601,4.46522,4.46394,4.46898
434,4.47919,4.4791,4.47827,4.47898
435,4.46304,4.46239,4.46292,4.46276
436,4.47019,4.4724,4.47206,4.4697
437,4.49894,4.49878,4.49835,4.50255
438,4.48926,4.49272,4.4889,4.48885
439,4.48138,4.47694,4.48089,4.48196
440,4.48156,4.48238,4.48151,4.48256
441,4.50102,4.50013,4.49996,4.49924
442,4.46422,4.46511,4.46515,4.46455
443,4.49001,4.4907,4.48989,4.49085
444,4.48258,4.48133,4.48336,4.48259
445,4.48162,4.48008,4.48495,4.49421
446,4.47036,4.47518,4.47203,4.47307
447,4.46413,4.46457,4.46301,4.46217
448,4.47086,4.47569,4.46962,4.47032
449,4.49649,4.4974,4.49682,4.49567
450,4.48024,4.4785,4.47868,4.50331
451,4.44746,4.44958,4.44592,4.45084
452,4.46032,4.4624,4.46376,4.46204
453,4.46927,4.4675,4.4696,4.46719
454,4.46517,4.46265,4.46214,4.48611
455,4.49713,4.49695,4.49669,4.49869
456,4.4879,4.48682,4.48907,4.48868
457,4.4578,4.45726,4.45787,4.45714
458,4.45966,4.45507,4.4571,4.4575
459,4.50106,4.4991,4.49965,4.50361
460,4.49392,4.49166,4.4943,4.49242
461,4.50125,4.4975,4.49932,4.49958
462,4.49611,4.49349,4.49352,4.49669
463,4.48692,4.48958,4.48704,4.48616
464,4.46833,4.46682,4.46725,4.46881
465,4.46783,4.46855,4.46748,4.4786
466,4.48314,4.48259,4.48372,4.50282
467,4.49062,4.49208,4.49036,4.49241
468,4.47347,4.47628,4.47317,4.47811
469,4.4877,4.48937,4.48717,4.48826
470,4.48625,4.48228,4.48625,4.48704
471,4.46605,4.46571,4.46635,4.46811
472,4.48728,4.48479,4.48606,4.48793
473,4.47685,4.47935,4.47864,4.47872
474,4.47719,4.47647,4.47772,4.47809
475,4.47156,4.47183,4.47105,4.47294
476,4.47743,4.47639,4.47743,4.47702
477,4.46623,4.46565,4.46549,4.46634
478,4.47065,4.47149,4.4706,4.47115
479,4.48069,4.48031,4.48043,4.48187
480,4.4832,4.48572,4.48499,4.48345
481,4.50589,4.50789,4.50754,4.50438
482,4.51844,4.51412,4.51501,4.51514
483,4.48353,4.48197,4.4821,4.47996
484,4.46935,4.46909,4.47182,4.4716
485,4.48986,4.48567,4.48881,4.4873
486,4.47032,4.47073,4.47036,4.4722
487,4.48204,4.47996,4.48146,4.48491
488,4.46505,4.46414,4.46528,4.46669
489,4.47666,4.47426,4.47761,4.47581
490,4.47502,4.47431,4.4762,4.47593
491,4.48826,4.48646,4.48703,4.48689
492,4.48197,4.48262,4.48207,4.48187
493,4.48545,4.48716,4.48506,4.48603
494,4.48535,4.4844,4.48508,4.48653
495,4.47904,4.47872,4.47876,4.48179
496,4.48698,4.48711,4.48493,4.48836
497,4.49037,4.49015,4.48904,4.49061
498,4.47585,4.47513,4.47577,4.47694
499,4.5009,4.50095,4.49821,4.50123
500,4.46719,4.46497,4.46621,4.46935
501,4.46887,4.47107,4.46924,4.47034
502,4.47822,4.47746,4.47814,4.48126
503,4.47668,4.47507,4.47513,4.47606
504,4.48187,4.48159,4.48064,4.48033
505,4.47566,4.47237,4.47507,4.47581
506,4.4634,4.46316,4.46187,4.46073
507,4.47663,4.47401,4.47728,4.4758
508,4.48255,4.48137,4.48368,4.48221
509,4.46258,4.46491,4.46305,4.46217
510,4.47246,4.47269,4.47297,4.47354
511,4.47103,4.47251,4.47227,4.46994
512,4.4741,4.47558,4.47506,4.47431
513,4.48837,4.48669,4.48858,4.48661
514,4.4843,4.48149,4.4843,4.48305
515,4.46502,4.46254,4.46379,4.46506
516,4.49002,4.49126,4.49085,4.49253
517,4.47911,4.47962,4.47956,4.48039
518,4.48745,4.48635,4.48797,4.48555
519,4.45799,4.45853,4.45895,4.45632
520,4.45163,4.45388,4.45302,4.4487
521,4.49548,4.49311,4.49379,4.49514
522,4.47569,4.47377,4.47331,4.47507
523,4.49789,4.49605,4.49902,4.49935
524,4.46843,4.4693,4.46707,4.46955
525,4.47892,4.47839,4.47906,4.48065
526,4.50247,4.50396,4.50287,4.50436
527,4.48536,4.48358,4.48301,4.4854
528,4.46808,4.46774,4.46711,4.46969
529,4.47763,4.4785,4.47632,4.47877
530,4.48355,4.48545,4.48342,4.48275
531,4.48939,4.49182,4.48928,4.4894
532,4.49304,4.4899,4.49171,4.49133
533,4.49798,4.49801,4.49881,4.49658
534,4.46138,4.46227,4.46146,4.46262
535,4.464,4.46516,4.46381,4.46155
536,4.49014,4.48997,4.49037,4.49186
537,4.48123,4.48036,4.4812,4.48047
538,4.49974,4.49966,4.50003,4.50148
539,4.49369,4.49381,4.49386,4.49503
540,4.4719,4.47208,4.47095,4.47193
541,4.46313,4.46077,4.46375,4.46376
542,4.48604,4.4857,4.4878,4.48581
543,4.48966,4.49036,4.48896,4.49025
544,4.46351,4.4618,4.46276,4.46314
545,4.4651,4.46584,4.46673,4.46568
546,4.47384,4.47353,4.47482,4.47301
547,4.47562,4.47441,4.47472,4.4765
548,4.45906,4.45834,4.45859,4.45929
549,4.46779,4.46848,4.46809,4.46938
550,4.50076,4.50209,4.50128,4.5028
551,4.47602,4.47719,4.47716,4.47731
552,4.48253,4.48368,4.48227,4.48227
553,4.4971,4.49812,4.49645,4.4976
554,4.48019,4.48027,4.48028,4.47833
555,4.49494,4.49421,4.49331,4.49703
556,4.47627,4.47652,4.47649,4.47599
557,4.48172,4.48113,4.47991,4.48055
558,4.4747,4.4756,4.47498,4.47088
559,4.49599,4.49736,4.49625,4.49658
560,4.48465,4.48348,4.48423,4.48405
561,4.47954,4.47942,4.48038,4.47645
562,4.47302,4.47327,4.4732,4.47514
563,4.49036,4.4909,4.49258,4.49006
564,4.48217,4.48023,4.48124,4.48179
565,4.47853,4.47871,4.47803,4.48066
566,4.46401,4.46512,4.46544,4.46356
567,4.46389,4.46518,4.46524,4.46413
568,4.48183,4.483,4.48091,4.48123
569,4.47017,4.46678,4.46777,4.47143
570,4.49438,4.49439,4.49395,4.49364
571,4.49152,4.48964,4.4907,4.49197
572,4.46747,4.46652,4.469,4.46796
573,4.47677,4.47245,4.47366,4.47728
574,4.46858,4.46786,4.466,4.46983
575,4.48113,4.48131,4.48028,4.48036
576,4.48316,4.48221,4.482,4.48408
577,4.47381,4.47175,4.47315,4.47142
578,4.46694,4.46731,4.46601,4.46751
579,4.46794,4.46982,4.46788,4.46776
580,4.47059,4.47075,4.47274,4.47197
581,4.47527,4.47853,4.47582,4.47532
582,4.46675,4.46643,4.46761,4.46758
583,4.46799,4.4663,4.46734,4.46711
584,4.47347,4.47354,4.4713,4.4719
585,4.47899,4.47708,4.47901,4.48
586,4.49604,4.49551,4.49759,4.49643
587,4.47513,4.47534,4.476,4.47556
588,4.47933,4.47781,4.4801,4.47922
589,4.47892,4.47946,4.47981,4.4775
590,4.46981,4.4695,4.47013,4.4696
591,4.47239,4.47083,4.47402,4.47168
592,4.47376,4.47556,4.475,4.47294
593,4.48081,4.47912,4.48032,4.48029
594,4.48153,4.48199,4.48111,4.48161
595,4.47067,4.46951,4.46902,4.46981
596,4.46803,4.46882,4.46824,4.46739
597,4.48686,4.48628,4.48752,4.48904
598,4.44549,4.44476,4.44414,4.44613
599,4.4846,4.48118,4.48278,4.48367
600,4.48538,4.48527,4.48582,4.48565
601,4.49917,4.50028,4.49968,4.49929
602,4.48716,4.48731,4.48707,4.48738
603,4.48256,4.48283,4.48122,4.48235
604,4.46728,4.46816,4.46998,4.46805
605,4.49066,4.48955,4.48885,4.48997
606,4.47749,4.47773,4.47645,4.50507
607,4.45129,4.45153,4.45147,4.45219
608,4.49011,4.48865,4.48869,4.49049
609,4.44677,4.44561,4.44603,4.44624
610,4.47394,4.4734,4.47406,4.47458
611,4.47645,4.47492,4.47673,4.47719
612,4.47191,4.47096,4.47072,4.47193
613,4.4694,4.46949,4.46839,4.4684
614,4.46412,4.46427,4.46361,4.46417
615,4.47323,4.47191,4.47372,4.47369
616,4.48232,4.48092,4.48106,4.48237
617,4.46972,4.46717,4.46844,4.46984
618,4.47874,4.48183,4.48079,4.48001
619,4.48996,4.48795,4.48948,4.48992
620,4.4782,4.47875,4.47777,4.48067
621,4.49077,4.49034,4.4902,4.49189
622,4.48849,4.48715,4.48787,4.48804
623,4.46932,4.46845,4.47082,4.47211
624,4.47449,4.47433,4.47548,4.47459
625,4.47971,4.48123,4.48034,4.47831
626,4.47159,4.47352,4.47102,4.47263
627,4.48475,4.48478,4.48484,4.4835
628,4.48333,4.48255,4.48153,4.48254
629,4.48446,4.48542,4.48478,4.48473
630,4.46865,4.47078,4.4697,4.4693
631,4.46842,4.46942,4.46847,4.46825
632,4.47972,4.47987,4.47963,4.47887
633,4.47572,4.47558,4.47731,4.47593
634,4.47031,4.47121,4.47039,4.46931
635,4.47153,4.47163,4.47145,4.47086
636,4.50233,4.50117,4.5027,4.50276
637,4.48247,4.48212,4.48375,4.48296
638,4.47201,4.47219,4.47317,4.47443
639,4.46862,4.47092,4.46865,4.46843
640,4.47871,4.47854,4.47812,4.47887
641,4.46808,4.46956,4.46913,4.46793
642,4.47193,4.47025,4.47325,4.47357
643,4.47191,4.47252,4.47111,4.47543
644,4.47923,4.4805,4.47897,4.47899
645,4.48963,4.48871,4.48976,4.49025
646,4.48168,4.48114,4.48204,4.48184
647,4.45535,4.4551,4.45572,4.45504
648,4.47019,4.46818,4.46963,4.46941
649,4.47785,4.478,4.4779,4.47806
650,4.46461,4.46509,4.46472,4.46539
651,4.48007,4.47857,4.47985,4.48098
652,4.46354,4.46149,4.46072,4.46168
653,4.48032,4.47855,4.4798,4.48006
654,4.45193,4.44961,4.44992,4.44919
655,4.4688,4.47056,4.46999,4.46945
656,4.44995,4.45291,4.45146,4.45206
657,4.48284,4.48352,4.48463,4.4838
658,4.49078,4.49204,4.49215,4.49165
659,4.46394,4.46588,4.46521,4.46495
660,4.45033,4.44972,4.45045,4.45128
661,4.47488,4.47469,4.47638,4.4758
662,4.48502,4.48453,4.48472,4.48424
663,4.50206,4.49856,4.49932,4.49949
664,4.49555,4.49542,4.49591,4.49518
665,4.46044,4.45876,4.45966,4.45974
666,4.45865,4.45727,4.45955,4.4576
667,4.49175,4.4922,4.49249,4.49123
668,4.47331,4.47443,4.47496,4.47472
669,4.48854,4.48741,4.48873,4.4879
670,4.47784,4.47888,4.4788,4.47831
671,4.46723,4.46599,4.46642,4.46674
672,4.49728,4.49803,4.49729,4.49635
673,4.47488,4.47359,4.47362,4.47326
674,4.48025,4.48174,4.48067,4.4826
675,4.47418,4.47355,4.47288,4.47521
676,4.48958,4.49024,4.49169,4.48996
677,4.47167,4.47298,4.47404,4.47231
678,4.47727,4.47603,4.47428,4.47595
679,4.46793,4.46555,4.46568,4.46659
680,4.48442,4.48264,4.48322,4.48408
681,4.4753,4.4734,4.47416,4.47587
682,4.47029,4.46895,4.47121,4.47021
683,4.48474,4.48449,4.48486,4.48447
684,4.46821,4.47057,4.4697,4.46851
685,4.49447,4.49441,4.49413,4.49449
686,4.47043,4.46927,4.47106,4.47063
687,4.45914,4.45766,4.45925,4.45673
688,4.47131,4.47123,4.47268,4.47241
689,4.4595,4.45735,4.45623,4.45596
690,4.49021,4.48866,4.48984,4.49117
691,4.47034,4.46962,4.47006,4.47083
692,4.4806,4.48416,4.48184,4.48152
693,4.46903,4.46942,4.46983,4.47316
694,4.48049,4.48108,4.48126,4.48129
695,4.48551,4.48349,4.48559,4.48697
696,4.4958,4.49729,4.49691,4.49608
697,4.45059,4.45357,4.45319,4.45121
698,4.47788,4.47991,4.48059,4.47818
699,4.48121,4.48063,4.48087,4.48266
700,4.48317,4.48546,4.48569,4.4843
701,4.48212,4.47867,4.4792,4.48019
702,4.47219,4.47172,4.4706,4.47275
703,4.48999,4.48989,4.48798,4.48608
704,4.46676,4.46574,4.46486,4.46614
705,4.46737,4.47143,4.47075,4.46848
706,4.48181,4.47728,4.47972,4.48128
707,4.44723,4.44751,4.44633,4.44722
708,4.46826,4.47021,4.46822,4.46786
709,4.48256,4.48023,4.48304,4.48125
710,4.46208,4.46355,4.46318,4.46203
711,4.46771,4.46736,4.46919,4.4713
712,4.47363,4.47614,4.47697,4.47529
713,4.48868,4.48734,4.48814,4.48702
714,4.47782,4.47913,4.4794,4.47966
715,4.47567,4.47473,4.47474,4.47445
716,4.46856,4.46548,4.46752,4.46857
717,4.46709,4.4666,4.4664,4.46554
718,4.47479,4.47456,4.47558,4.47476
719,4.46412,4.46433,4.46468,4.46408
720,4.47122,4.47202,4.47327,4.47221
721,4.49008,4.48891,4.48857,4.48898
722,4.48652,4.48655,4.48685,4.48745
723,4.48653,4.48555,4.48724,4.48651
724,4.48104,4.48116,4.48005,4.47977
725,4.46793,4.46676,4.46634,4.46743
726,4.46017,4.45771,4.458,4.4592
727,4.46236,4.46426,4.4634,4.46308
728,4.47972,4.47956,4.47886,4.47864
729,4.4602,4.45848,4.45939,4.46078
730,4.47384,4.47469,4.47561,4.47598
731,4.47566,4.47573,4.47578,4.47359
732,4.45367,4.4562,4.45562,4.45538
733,4.46758,4.46853,4.46807,4.46907
734,4.46326,4.46142,4.46144,4.46135
735,4.45461,4.45333,4.45517,4.45521
736,4.48083,4.47903,4.47988,4.47937
737,4.48455,4.48192,4.48359,4.48203
738,4.46747,4.46941,4.47046,4.46977
739,4.44938,4.45026,4.44813,4.4486
740,4.50844,4.50777,4.50885,4.50807
741,4.4948,4.49543,4.49373,4.49486
742,4.47695,4.47574,4.47673,4.47793
743,4.46741,4.46813,4.4679,4.46822
744,4.47226,4.47319,4.47311,4.47174
745,4.4705,4.47198,4.47021,4.4705
746,4.47979,4.48344,4.483,4.4817
747,4.4675,4.46722,4.46514,4.46831
748,4.4787,4.47946,4.48078,4.47913
749,4.48186,4.47986,4.48188,4.48389
750,4.49188,4.4882,4.49009,4.49175
751,4.45754,4.4603,4.45797,4.45899
752,4.48724,4.48677,4.4855,4.4861
753,4.46934,4.47079,4.47219,4.47088
754,4.47104,4.46871,4.47043,4.47032
755,4.47459,4.47405,4.47403,4.47413
756,4.47264,4.47244,4.4715,4.47101
757,4.4681,4.46813,4.46695,4.4681
758,4.47552,4.47403,4.47493,4.47408
759,4.48166,4.4811,4.47966,4.48095
760,4.46823,4.46777,4.46687,4.467
761,4.47029,4.46841,4.4694,4.46937
762,4.50437,4.5037,4.50281,4.50275
763,4.4715,4.47093,4.47037,4.47074
764,4.46645,4.46458,4.46641,4.46689
765,4.47543,4.47521,4.47563,4.47369
766,4.45934,4.4582,4.45909,4.46035
767,4.47313,4.47313,4.47394,4.47202
768,4.48027,4.47945,4.48045,4.47937
769,4.46215,4.46312,4.46236,4.46297
770,4.47067,4.47119,4.4712,4.47113
771,4.47721,4.47729,4.47697,4.47654
772,4.48609,4.48773,4.48596,4.48473
773,4.46961,4.4687,4.46831,4.46867
774,4.49491,4.49283,4.49308,4.4933
775,4.47346,4.47548,4.47211,4.47465
776,4.48359,4.48351,4.48439,4.4839
777,4.48243,4.48202,4.48262,4.48217
778,4.45866,4.45975,4.45889,4.46099
779,4.45782,4.45837,4.45864,4.45685
780,4.49284,4.49136,4.49102,4.49324
781,4.4816,4.4794,4.47992,4.4825
782,4.47295,4.47296,4.47329,4.4736
783,4.47979,4.47893,4.48176,4.48134
784,4.46964,4.46919,4.46934,4.46999
785,4.47141,4.47107,4.47081,4.47266
786,4.49029,4.48776,4.48839,4.48992
787,4.48991,4.4891,4.4907,4.4886
788,4.4771,4.47555,4.4767,4.47548
789,4.48642,4.48408,4.48447,4.4847
790,4.47436,4.47348,4.47264,4.47225
791,4.47151,4.47115,4.47187,4.47213
792,4.49159,4.49169,4.49016,4.48972
793,4.46573,4.46561,4.46441,4.46329
794,4.48472,4.48581,4.48547,4.48689
795,4.46263,4.46319,4.4631,4.46365
796,4.50693,4.47852,4.47586,4.47695
797,4.48275,4.48108,4.4809,4.48308
798,4.47725,4.47786,4.4783,4.47979
799,4.48043,4.47759,4.47804,4.47831
800,4.48453,4.48503,4.48435,4.48523
801,4.48779,4.48692,4.48736,4.48752
802,4.48328,4.48179,4.48004,4.48079
803,4.46168,4.46519,4.46583,4.46668
804,4.47627,4.47414,4.47617,4.47557
805,4.4898,4.48898,4.4904,4.49127
806,4.47325,4.47219,4.47366,4.47319
807,4.46855,4.46891,4.46974,4.46683
808,4.48873,4.48677,4.48697,4.48707
809,4.47523,4.4719,4.4728,4.47469
810,4.4815,4.48282,4.48232,4.48484
811,4.46915,4.46974,4.47079,4.47053
812,4.48162,4.48423,4.48572,4.48527
813,4.46163,4.4623,4.46409,4.46292
814,4.49488,4.4857,4.48636,4.48466
815,4.47449,4.4742,4.47394,4.47248
816,4.51794,4.4805,4.4787,4.48141
817,4.46971,4.46961,4.46898,4.46924
818,4.48173,4.48026,4.47884,4.47787
819,4.46753,4.45952,4.46001,4.46108
820,4.47187,4.46809,4.4692,4.4695
821,4.47071,4.46839,4.46883,4.4691
822,4.46817,4.46375,4.46524,4.46399
823,4.48677,4.48685,4.48927,4.48937
824,4.46814,4.46886,4.47097,4.4699
825,4.47159,4.46911,4.46953,4.47076
826,4.50433,4.49158,4.49281,4.4931
827,4.46743,4.46517,4.46364,4.4627
828,4.49101,4.49347,4.49243,4.49391
829,4.46561,4.46565,4.46473,4.46611
830,4.4781,4.4762,4.47697,4.47534
831,4.49084,4.47245,4.47181,4.47286
832,4.47287,4.47344,4.47423,4.47456
833,4.47229,4.47187,4.47209,4.47218
834,4.48926,4.48073,4.48155,4.48045
835,4.45945,4.45724,4.45881,4.45715
836,4.48738,4.48234,4.48346,4.48076
837,4.4839,4.47363,4.47301,4.47413
838,4.47417,4.47172,4.47211,4.47303
839,4.45795,4.45727,4.45717,4.45762
840,4.45222,4.45258,4.45194,4.45246
841,4.4808,4.4785,4.47936,4.47777
842,4.46129,4.46371,4.46476,4.4645
843,4.48248,4.48248,4.48575,4.48498
844,4.46158,4.45793,4.45855,4.45899
845,4.47872,4.47493,4.47496,4.47624
846,4.49251,4.48754,4.48718,4.48713
847,4.49647,4.48307,4.48479,4.48541
848,4.49115,4.48654,4.48699,4.48784
849,4.4656,4.46238,4.46243,4.46378
850,4.48582,4.48086,4.48114,4.48194
851,4.49721,4.47393,4.47378,4.47342
852,4.48252,4.47489,4.4766,4.47593
853,4.47201,4.47039,4.47183,4.472
854,4.48802,4.48778,4.48823,4.49043
855,4.4634,4.46293,4.46414,4.46239
856,4.49708,4.49526,4.49892,4.4981
857,4.47971,4.47397,4.4759,4.47527
858,4.49514,4.46643,4.46674,4.46713
859,4.52486,4.48133,4.48396,4.48212
860,4.48749,4.468,4.46808,4.46724
861,4.49321,4.47159,4.47205,4.47193
862,4.52361,4.46967,4.46844,4.46918
863,4.49253,4.47873,4.47865,4.47787
864,4.47853,4.46688,4.46483,4.46566
865,4.48746,4.47262,4.4729,4.47174
866,4.47738,4.47932,4.47813,4.47865
867,4.49612,4.48678,4.48709,4.48619
868,4.46584,4.46166,4.46117,4.47659
869,4.48669,4.47935,4.47922,4.47894
870,4.48654,4.4629,4.46244,4.46297
871,4.51781,4.49763,4.4983,4.49743
872,4.48207,4.47094,4.46924,4.47125
873,4.48543,4.47109,4.47169,4.49672
874,4.48771,4.46305,4.46304,4.46584
875,4.48118,4.46815,4.46989,4.5189
876,4.5145,4.47301,4.47515,4.50088
877,4.48413,4.47439,4.47374,4.5197
878,4.49422,4.47054,4.47175,4.47163
879,4.52359,4.48255,4.48258,4.47977
880,4.46395,4.45449,4.45381,4.45531
881,4.48566,4.4731,4.47374,4.47739
882,4.48071,4.48101,4.481,4.47951
883,4.47513,4.47469,4.47398,4.4742
884,4.47499,4.46839,4.46958,4.46881
885,4.46891,4.46315,4.46348,4.46748
886,4.49069,4.49536,4.49475,4.49317
887,4.47579,4.47717,4.47683,4.47613
888,4.47239,4.47477,4.47528,4.47678
889,4.48144,4.48008,4.483,4.47914
890,4.46407,4.46406,4.46339,4.46213
891,4.47459,4.47276,4.473,4.47312
892,4.46612,4.46182,4.46417,4.46433
893,4.47007,4.4661,4.46718,4.4669
894,4.47938,4.47243,4.47209,4.47456
895,4.47525,4.47343,4.47185,4.47298
896,4.47216,4.4669,4.46764,4.46974
897,4.48678,4.47816,4.47804,4.47864
898,4.47814,4.47084,4.4711,4.47342
899,4.45107,4.45173,4.44895,4.45222
900,4.46623,4.47261,4.47162,4.47217
901,4.4999,4.473,4.47461,4.47526
902,4.48431,4.48469,4.48486,4.48513
903,4.48773,4.47773,4.47806,4.48033
904,4.46576,4.46738,4.46817,4.46877
905,4.47067,4.46676,4.46758,4.46653
906,4.47484,4.47778,4.47635,4.4775
907,4.49857,4.48952,4.48945,4.49017
908,4.49683,4.48316,4.48216,4.4819
909,4.46875,4.46955,4.46799,4.46701
910,4.49589,4.48686,4.48729,4.48833
911,4.4606,4.45889,4.45949,4.45902
912,4.48286,4.47554,4.47628,4.4763
913,4.45715,4.45573,4.45663,4.456
914,4.47086,4.47398,4.47392,4.47659
915,4.46564,4.46632,4.46545,4.46315
916,4.4578,4.45781,4.45723,4.45551
917,4.45972,4.46314,4.4641,4.46334
918,4.47388,4.48525,4.48228,4.48099
919,4.46302,4.45797,4.458,4.45917
920,4.47201,4.46209,4.4633,4.4631
921,4.47187,4.47228,4.47217,4.47537
922,4.47333,4.46936,4.47112,4.46847
923,4.49032,4.46447,4.46748,4.46621
924,4.47827,4.46589,4.46716,4.46692
925,4.50407,4.49863,4.49859,4.49348
926,4.47295,4.4682,4.46963,4.47111
927,4.5006,4.49674,4.49522,4.49689
928,4.46475,4.4623,4.46121,4.46404
929,4.4725,4.4651,4.46447,4.46597
930,4.49052,4.48581,4.48393,4.48539
931,4.48781,4.46989,4.47069,4.46915
932,4.48235,4.48385,4.48259,4.48364
933,4.47636,4.45887,4.45892,4.45844
934,4.50256,4.48509,4.4854,4.48544
935,4.47573,4.47439,4.47181,4.47303
936,4.47788,4.46712,4.46554,4.46674
937,4.48391,4.47109,4.47068,4.47148
938,4.49265,4.48197,4.48379,4.48343
939,4.48794,4.4569,4.45871,4.45696
940,4.48344,4.47334,4.47403,4.47416
941,4.51437,4.4825,4.48216,4.48256
942,4.51482,4.47521,4.47407,4.47398
943,4.56171,4.46928,4.47013,4.47143
944,4.5442,4.49601,4.49869,4.49852
945,4.54204,4.48487,4.48571,4.4872
946,4.49068,4.4823,4.48302,4.48241
947,4.48906,4.47347,4.47439,4.47487
948,4.5279,4.48424,4.48437,4.48724
949,4.50865,4.47805,4.47871,4.47868
950,4.46576,4.46533,4.46622,4.49397
951,4.51904,4.45782,4.45795,4.45832
952,4.54516,4.47623,4.47586,4.4759
953,4.47686,4.46647,4.46624,4.46677
954,4.5152,4.46457,4.46403,4.46525
955,4.44473,4.44791,4.44929,4.44803
956,4.49071,4.47051,4.47252,4.47245
957,4.5108,4.48167,4.48172,4.48312
958,4.49348,4.48406,4.48379,4.4852
959,4.4812,4.47987,4.48034,4.48051
960,4.47076,4.46109,4.45981,4.45974
961,4.45262,4.45131,4.45008,4.44981
962,4.47251,4.47647,4.47851,4.4772
963,4.48724,4.48999,4.48937,4.48803
964,4.47356,4.47718,4.47648,4.47616
965,4.47559,4.46658,4.46649,4.46753
966,4.48478,4.47312,4.47352,4.47331
967,4.49167,4.48223,4.48222,4.48229
968,4.47334,4.46424,4.46283,4.46322
969,4.47603,4.4804,4.48032,4.48177
970,4.47174,4.46809,4.46703,4.48713
971,4.48377,4.4768,4.47728,4.47584
972,4.48717,4.48024,4.48071,4.48089
973,4.52018,4.48718,4.48687,4.48933
974,4.49132,4.46761,4.47008,4.47107
975,4.47528,4.46598,4.4679,4.46844
976,4.46249,4.46773,4.46913,4.4693
977,4.47748,4.46472,4.46482,4.46555
978,4.49188,4.47369,4.47532,4.47573
979,4.46094,4.46217,4.4642,4.46474
980,4.48029,4.48094,4.48058,4.48102
981,4.48294,4.46594,4.4673,4.46803
982,4.4763,4.47345,4.47556,4.47342
983,4.49387,4.48242,4.48475,4.48525
984,4.47462,4.47333,4.47328,4.47388
985,4.48138,4.47722,4.47729,4.47822
986,4.47903,4.47498,4.47415,4.47461
987,4.47639,4.47547,4.47463,4.47588
988,4.46423,4.46652,4.46816,4.46712
989,4.47631,4.48156,4.48067,4.48316
990,4.47739,4.47989,4.48202,4.48234
991,4.46019,4.46151,4.46057,4.46221
992,4.46999,4.46658,4.46578,4.46506
993,4.47823,4.46997,4.47091,4.47096
994,4.49607,4.45744,4.45824,4.45828
995,4.5049,4.47899,4.47832,4.47805
996,4.50426,4.49043,4.48905,4.48748
997,4.46071,4.45787,4.45844,4.4568
998,4.47252,4.46745,4.46746,4.46614
999,4.47433,4.47448,4.47258,4.47289
1000,4.49049,4.48302,4.48447,4.48254
1001,4.47425,4.4709,4.47208,4.46907
1002,4.47316,4.4724,4.47194,4.47188
1003,4.46945,4.4707,4.47021,4.46974
1004,4.46924,4.47004,4.4698,4.46918
1005,4.4806,4.47974,4.47923,4.47956
1006,4.50138,4.49976,4.49963,4.49992
1007,4.46856,4.47141,4.47253,4.47215
1008,4.47354,4.46899,4.4684,4.46916
1009,4.47238,4.47823,4.47843,4.47784
1010,4.45147,4.45085,4.45089,4.45026
1011,4.48409,4.46786,4.46932,4.46978
1012,4.47597,4.47123,4.46985,4.4723
1013,4.46981,4.47073,4.47279,4.47213
1014,4.45467,4.4508,4.45125,4.45177
1015,4.48596,4.47883,4.4783,4.47909
1016,4.47422,4.47227,4.46905,4.47091
1017,4.49652,4.48297,4.48247,4.48441
1018,4.50094,4.49909,4.498,4.49745
1019,4.47001,4.47456,4.47457,4.47378
1020,4.47734,4.47054,4.47118,4.47301
1021,4.47335,4.46971,4.46861,4.47077
1022,4.48633,4.49043,4.48955,4.48881
1023,4.47654,4.47186,4.47232,4.472
1024,4.47527,4.47765,4.47791,4.47809
1025,4.45875,4.45623,4.45558,4.45603
1026,4.48057,4.47453,4.47493,4.4742
1027,4.48174,4.4793,4.4797,4.47916
1028,4.46434,4.46322,4.46364,4.46397
1029,4.45795,4.46118,4.46067,4.45992
1030,4.47203,4.46497,4.46679,4.4656
1031,4.46503,4.4631,4.46441,4.46269
1032,4.46684,4.46582,4.46787,4.46568
1033,4.47479,4.47364,4.472,4.47299
1034,4.46905,4.46773,4.46779,4.46795
1035,4.48321,4.4783,4.48087,4.48035
1036,4.46349,4.46175,4.46266,4.46203
1037,4.46988,4.47112,4.47187,4.47122
1038,4.46714,4.46517,4.46545,4.46659
1039,4.45355,4.45342,4.45235,4.45222
1040,4.4769,4.47357,4.47494,4.4749
1041,4.46804,4.46316,4.46311,4.46296
1042,4.49682,4.49185,4.4926,4.49327
1043,4.48883,4.48737,4.4872,4.48672
1044,4.45258,4.4516,4.45244,4.45403
1045,4.48624,4.48617,4.48726,4.48604
1046,4.45277,4.45002,4.44958,4.44936
1047,4.49195,4.49145,4.49142,4.4908
1048,4.50211,4.49756,4.49975,4.49787
1049,4.49496,4.48496,4.48455,4.48411
1050,4.49091,4.46521,4.46658,4.46494
1051,4.47756,4.47427,4.47493,4.47407
1052,4.47188,4.47086,4.46997,4.47107
1053,4.49134,4.48954,4.48787,4.48675
1054,4.48369,4.47052,4.47032,4.47073
1055,4.48037,4.46901,4.46949,4.46689
1056,4.51204,4.49575,4.49539,4.49581
1057,4.49477,4.47431,4.4742,4.4758
1058,4.50536,4.4796,4.48066,4.48083
1059,4.46838,4.46512,4.46597,4.46882
1060,4.47461,4.47458,4.47391,4.4733
1061,4.46128,4.46064,4.4615,4.46049
1062,4.48451,4.48046,4.47908,4.47951
1063,4.48809,4.4858,4.4866,4.48613
1064,4.47226,4.46933,4.46965,4.47027
1065,4.46457,4.46426,4.46442,4.46429
1066,4.47426,4.47222,4.4717,4.471
1067,4.48841,4.48083,4.482,4.48374
1068,4.45891,4.45837,4.45924,4.45715
1069,4.47849,4.46912,4.47062,4.47115
1070,4.46678,4.46277,4.46281,4.46285
1071,4.44365,4.43857,4.43843,4.43969
1072,4.48648,4.47833,4.48019,4.48229
1073,4.46885,4.4671,4.4671,4.46724
1074,4.43832,4.43608,4.43673,4.43461
1075,4.4607,4.46049,4.46136,4.46176
1076,4.47457,4.46962,4.46897,4.46959
1077,4.47562,4.47585,4.47597,4.47511
1078,4.4832,4.47817,4.47935,4.48208
1079,4.50117,4.50075,4.50161,4.50023
1080,4.46868,4.46537,4.46521,4.46643
1081,4.47751,4.47647,4.47696,4.47704
1082,4.46924,4.46952,4.47078,4.47013
1083,4.47661,4.47478,4.47538,4.47621
1084,4.47666,4.47845,4.47826,4.47852
1085,4.47622,4.47457,4.47511,4.47587
1086,4.47013,4.46863,4.46852,4.46941
1087,4.47865,4.47555,4.47454,4.47425
1088,4.47636,4.47276,4.47312,4.4724
1089,4.45601,4.45596,4.45561,4.45509
1090,4.48252,4.47963,4.48084,4.48011
1091,4.45191,4.44861,4.44917,4.45046
1092,4.47623,4.47322,4.47243,4.47438
1093,4.47914,4.47493,4.47461,4.47409
1094,4.48443,4.48187,4.48022,4.47972
1095,4.46535,4.46634,4.46702,4.46859
1096,4.49304,4.49286,4.4934,4.49297
1097,4.46285,4.46358,4.46445,4.4653
1098,4.481,4.47984,4.48056,4.47933
1099,4.48392,4.48165,4.4806,4.48163
1100,4.4738,4.47475,4.47542,4.47338
1101,4.4683,4.46766,4.46717,4.46596
1102,4.469,4.46807,4.4669,4.466
1103,4.47823,4.47765,4.4788,4.47833
1104,4.45672,4.45814,4.45864,4.45704
1105,4.46794,4.46483,4.46613,4.46657
1106,4.48241,4.46979,4.46881,4.46932
1107,4.48852,4.48407,4.48609,4.48345
1108,4.46165,4.46098,4.4625,4.4629
1109,4.47835,4.47964,4.47941,4.48005
1110,4.46191,4.46255,4.46187,4.47255
1111,4.47653,4.47372,4.47547,4.47517
1112,4.48378,4.47455,4.47562,4.47649
1113,4.47615,4.47367,4.47397,4.47125
1114,4.47539,4.47237,4.47062,4.47163
1115,4.48351,4.47805,4.47882,4.47904
1116,4.48472,4.48135,4.48292,4.48323
1117,4.48339,4.4824,4.48217,4.4831
1118,4.46397,4.46206,4.46275,4.46255
1119,4.46738,4.46912,4.4696,4.46987
1120,4.46773,4.46683,4.46769,4.46754
1121,4.47452,4.47441,4.47435,4.47591
1122,4.45919,4.45868,4.45735,4.45803
1123,4.46094,4.46329,4.46284,4.46352
1124,4.4662,4.46668,4.46763,4.46999
1125,4.46171,4.46473,4.46527,4.46525
1126,4.4681,4.46753,4.46823,4.46924
1127,4.46757,4.46485,4.46664,4.46581
1128,4.48467,4.47678,4.4773,4.47682
1129,4.4881,4.48557,4.48633,4.48794
1130,4.48024,4.48163,4.48218,4.4799
1131,4.47589,4.47717,4.47696,4.4769
1132,4.47234,4.47594,4.47618,4.47558
1133,4.46437,4.46616,4.46643,4.46696
1134,4.47642,4.47412,4.4763,4.47597
1135,4.46928,4.46631,4.46724,4.46625
1136,4.46064,4.45918,4.45853,4.45924
1137,4.45348,4.45351,4.45356,4.45318
1138,4.47456,4.472,4.47146,4.47205
1139,4.47199,4.4701,4.4698,4.46853
1140,4.48243,4.48473,4.48379,4.4855
1141,4.46353,4.46263,4.46262,4.46275
1142,4.47422,4.47363,4.47312,4.47261
1143,4.46824,4.46828,4.46813,4.46778
1144,4.4648,4.46206,4.46342,4.46282
1145,4.46904,4.46894,4.46923,4.47102
1146,4.47187,4.46915,4.46897,4.46987
1147,4.47899,4.47801,4.47686,4.47674
1148,4.44965,4.45063,4.45088,4.45105
1149,4.47705,4.47614,4.47564,4.47692
1150,4.48224,4.48198,4.48244,4.48239
1151,4.46825,4.46398,4.46455,4.46555
1152,4.48417,4.48403,4.4853,4.48468
1153,4.47065,4.46784,4.46903,4.46966
1154,4.46454,4.46244,4.46467,4.46588
1155,4.47507,4.47266,4.47293,4.47209
1156,4.46822,4.46459,4.46341,4.46073
1157,4.46978,4.46892,4.4689,4.46888
1158,4.46933,4.47154,4.47197,4.47238
1159,4.47368,4.47528,4.47604,4.4758
1160,4.45917,4.45631,4.45652,4.45588
1161,4.47002,4.4677,4.46814,4.46914
1162,4.48767,4.48739,4.48632,4.48774
1163,4.4927,4.47682,4.47682,4.47714
1164,4.46964,4.46752,4.46735,4.46891
1165,4.48282,4.47851,4.47903,4.47829
1166,4.48086,4.46834,4.46895,4.46919
1167,4.49316,4.49316,4.49342,4.49163
1168,4.48054,4.47557,4.47645,4.47497
1169,4.50245,4.49018,4.49025,4.48946
1170,4.4824,4.48042,4.48112,4.4826
1171,4.4971,4.47328,4.47529,4.47538
1172,4.47746,4.47288,4.47424,4.47227
1173,4.52596,4.482,4.4826,4.48247
1174,4.47333,4.45772,4.45809,4.45892
1175,4.48105,4.4694,4.47052,4.47197
1176,4.47817,4.46073,4.46055,4.46218
1177,4.47917,4.47423,4.47356,4.47451
1178,4.47913,4.47357,4.47235,4.47485
1179,4.49719,4.46179,4.46269,4.46366
1180,4.46999,4.46885,4.46885,4.47061
1181,4.48146,4.47181,4.47225,4.47278
1182,4.45639,4.44954,4.45058,4.44869
1183,4.466,4.46081,4.46073,4.46004
1184,4.47001,4.46349,4.46432,4.46363
1185,4.46502,4.45595,4.4549,4.45462
1186,4.4873,4.48216,4.48201,4.48143
1187,4.44959,4.45594,4.45621,4.45887
1188,4.47919,4.4783,4.478,4.47791
1189,4.46794,4.46697,4.46744,4.4668
1190,4.46347,4.46361,4.46372,4.46132
1191,4.47694,4.4773,4.47768,4.47724
1192,4.50374,4.50265,4.502,4.50119
1193,4.46761,4.46175,4.4611,4.4601
1194,4.46767,4.46676,4.46665,4.46795
1195,4.47463,4.476,4.47479,4.47241
1196,4.46465,4.46084,4.46388,4.46227
1197,4.4731,4.47255,4.47322,4.4709
1198,4.47727,4.47324,4.473,4.47292
1199,4.49841,4.46999,4.47153,4.47388
1200,4.46696,4.46218,4.46208,4.45984
1201,4.46843,4.47014,4.47033,4.47002
1202,4.46751,4.46434,4.46493,4.46496
1203,4.48171,4.47962,4.48035,4.47871
1204,4.46921,4.46959,4.4699,4.46816
1205,4.45336,4.45431,4.45438,4.4548
1206,4.44908,4.44717,4.4475,4.44849
1207,4.46606,4.462,4.46146,4.46229
1208,4.46564,4.46501,4.46411,4.46283
1209,4.4764,4.47481,4.47465,4.476
1210,4.48013,4.47957,4.48033,4.47778
1211,4.47525,4.48036,4.48103,4.48005
1212,4.47608,4.47822,4.479,4.47913
1213,4.48403,4.48844,4.48783,4.48804
1214,4.46583,4.46538,4.46782,4.46537
1215,4.48143,4.47902,4.47978,4.47827
1216,4.472,4.47274,4.47303,4.47375
1217,4.46903,4.47164,4.47198,4.46702
1218,4.48517,4.48002,4.48059,4.48149
1219,4.47002,4.46698,4.46807,4.46989
1220,4.49052,4.48785,4.48836,4.4878
1221,4.48335,4.48123,4.48239,4.48402
1222,4.46378,4.46263,4.46365,4.46471
1223,4.47358,4.46897,4.46953,4.47049
1224,4.47334,4.47428,4.47616,4.47687
1225,4.46572,4.46865,4.46764,4.46734
1226,4.4583,4.45734,4.45794,4.45736
1227,4.46549,4.46215,4.4634,4.46271
1228,4.48034,4.47682,4.47692,4.4758
1229,4.48939,4.48813,4.48798,4.48758
1230,4.49476,4.47631,4.47593,4.47611
1231,4.48173,4.4794,4.47752,4.47994
1232,4.48063,4.47633,4.4761,4.47783
1233,4.47273,4.47054,4.471,4.53186
1234,4.46702,4.46855,4.46858,4.4688
1235,4.4761,4.47641,4.47763,4.4784
1236,4.4795,4.4774,4.47721,4.4755
1237,4.47718,4.47566,4.47615,4.47993
1238,4.45709,4.4562,4.45606,4.4538
1239,4.46405,4.46381,4.46482,4.46618
1240,4.46043,4.46092,4.4614,4.46289
1241,4.48026,4.47613,4.47497,4.47418
1242,4.46846,4.46567,4.46528,4.46478
1243,4.47991,4.47576,4.47586,4.47141
1244,4.47809,4.47731,4.47698,4.47736
1245,4.47382,4.47224,4.47299,4.47316
1246,4.47525,4.4733,4.47245,4.4769
1247,4.4848,4.48219,4.48205,4.48077
1248,4.47295,4.47254,4.47138,4.47558
1249,4.47547,4.46893,4.46899,4.47259
1250,4.46876,4.46433,4.46481,4.46417
1251,4.45972,4.45802,4.45802,4.45745
1252,4.47141,4.46884,4.46954,4.47063
1253,4.47177,4.47231,4.47254,4.47018
1254,4.47348,4.46966,4.47061,4.46877
1255,4.47829,4.47592,4.47575,4.47614
1256,4.49078,4.4878,4.49068,4.48782
1257,4.48108,4.47231,4.4723,4.47017
1258,4.46944,4.46733,4.46698,4.46553
1259,4.46585,4.46477,4.46487,4.46028
1260,4.46314,4.46328,4.46377,4.46403
1261,4.46486,4.46426,4.46368,4.45964
1262,4.4669,4.46519,4.46581,4.46198
1263,4.48372,4.48245,4.48229,4.48798
1264,4.48606,4.48577,4.48556,4.48572
1265,4.46351,4.45805,4.45866,4.45995
1266,4.48808,4.47165,4.47263,4.49441
1267,4.5305,4.48417,4.48527,4.48402
1268,4.47221,4.47153,4.4714,4.48498
1269,4.47102,4.46873,4.46983,4.48416
1270,4.47177,4.47017,4.47093,4.4674
1271,4.46427,4.46574,4.46485,4.46688
1272,4.48131,4.47309,4.47366,4.46971
1273,4.47512,4.46601,4.46686,4.46651
1274,4.48253,4.46999,4.46903,4.46775
1275,4.50061,4.47641,4.47885,4.47499
1276,4.47828,4.47197,4.47313,4.47677
1277,4.46253,4.45904,4.4597,4.46527
1278,4.47845,4.47272,4.47435,4.47728
1279,4.49623,4.4921,4.49403,4.50101
1280,4.46332,4.45774,4.45722,4.46263
1281,4.47576,4.46738,4.46849,4.47462
1282,4.48185,4.48123,4.48136,4.48538
1283,4.48851,4.48597,4.48625,4.48435
1284,4.47749,4.4746,4.47476,4.4725
1285,4.4658,4.46154,4.46325,4.46319
1286,4.47422,4.47465,4.47523,4.48863
1287,4.46721,4.46453,4.46597,4.46685
1288,4.46834,4.46546,4.4651,4.4662
1289,4.47071,4.46719,4.46793,4.46996
1290,4.47883,4.47846,4.47822,4.49726
1291,4.47841,4.47498,4.47573,4.47623
1292,4.47411,4.47481,4.47439,4.48453
1293,4.45859,4.45259,4.45397,4.45859
1294,4.48182,4.48006,4.48022,4.48422
1295,4.48145,4.48001,4.47903,4.48635
1296,4.47113,4.46803,4.46942,4.46838
1297,4.46746,4.46527,4.46424,4.46542
1298,4.48552,4.48633,4.48489,4.48836
1299,4.47244,4.47541,4.47693,4.47681
1300,4.47602,4.47399,4.47332,4.47149
1301,4.47157,4.47201,4.47098,4.47165
1302,4.45114,4.44911,4.45027,4.46636
1303,4.4798,4.46965,4.47046,4.47001
1304,4.46632,4.46538,4.46449,4.47314
1305,4.47349,4.47454,4.47482,4.47255
1306,4.48927,4.48705,4.48638,4.48664
1307,4.46243,4.46099,4.46038,4.5207
1308,4.47419,4.47308,4.47312,4.48859
1309,4.47268,4.47169,4.47213,4.46835
1310,4.4723,4.4704,4.47182,4.47866
1311,4.46778,4.46635,4.46532,4.48362
1312,4.46226,4.462,4.46283,4.4636
1313,4.46676,4.46644,4.46779,4.47016
1314,4.48868,4.48883,4.48817,4.49029
1315,4.46599,4.46279,4.4633,4.46535
1316,4.45414,4.45349,4.45182,4.45164
1317,4.47592,4.4738,4.47401,4.4765
1318,4.49439,4.49196,4.49174,4.49605
1319,4.47146,4.46662,4.46833,4.46997
1320,4.46475,4.46593,4.46606,4.46673
1321,4.46838,4.46997,4.47119,4.46738
1322,4.48184,4.48024,4.48167,4.47938
1323,4.48509,4.46391,4.46408,4.45984
1324,4.47628,4.47455,4.47521,4.47952
1325,4.47372,4.47538,4.47524,4.47901
1326,4.46948,4.46714,4.46829,4.47062
1327,4.46774,4.46913,4.46903,4.4711
1328,4.47443,4.47477,4.47398,4.47205
1329,4.4701,4.47111,4.47141,4.47226
1330,4.47821,4.47338,4.47331,4.47626
1331,4.46831,4.47014,4.46959,4.47046
1332,4.45479,4.45129,4.45118,4.4508
1333,4.47197,4.46801,4.46781,4.46718
1334,4.47403,4.47374,4.47462,4.47453
1335,4.45929,4.45735,4.45806,4.45865
1336,4.46316,4.46297,4.46448,4.46585
1337,4.47148,4.47023,4.47028,4.48354
1338,4.4586,4.45774,4.45908,4.45982
1339,4.47693,4.47591,4.47651,4.47853
1340,4.46936,4.46554,4.46562,4.46636
1341,4.46125,4.46177,4.46057,4.45916
1342,4.46328,4.46112,4.46041,4.46135
1343,4.45559,4.45503,4.45524,4.45614
1344,4.47039,4.47019,4.47062,4.49938
1345,4.47326,4.4686,4.47017,4.47377
1346,4.45792,4.45953,4.45867,4.45525
1347,4.4502,4.45174,4.45091,4.45084
1348,4.46843,4.46917,4.46909,4.46752
1349,4.45439,4.45306,4.4523,4.45126
1350,4.48142,4.47767,4.47741,4.48213
1351,4.4868,4.48613,4.4883,4.48637
1352,4.45874,4.45876,4.45819,4.47234
1353,4.46185,4.46229,4.46244,4.46422
1354,4.47105,4.4699,4.47107,4.47353
1355,4.46993,4.47113,4.47312,4.47412
1356,4.48401,4.48248,4.48247,4.48315
1357,4.47915,4.47749,4.47881,4.47793
1358,4.47448,4.47317,4.47249,4.47257
1359,4.4796,4.4797,4.47997,4.48169
1360,4.48225,4.48035,4.4817,4.48096
1361,4.46774,4.46903,4.46951,4.47015
1362,4.48564,4.48107,4.48302,4.50048
1363,4.47872,4.47889,4.4797,4.47861
1364,4.45708,4.45799,4.45817,4.45931
1365,4.46348,4.46334,4.46443,4.4657
1366,4.46665,4.463,4.46269,4.47996
1367,4.46771,4.46676,4.46668,4.46884
1368,4.46929,4.47093,4.46841,4.46694
1369,4.46484,4.46354,4.46493,4.46582
1370,4.47883,4.47708,4.47645,4.47712
1371,4.48102,4.47907,4.48058,4.51931
1372,4.45463,4.45537,4.45631,4.45496
1373,4.46044,4.45974,4.46049,4.46021
1374,4.47644,4.47822,4.47989,4.4791
1375,4.46189,4.46183,4.46093,4.46323
1376,4.47848,4.47945,4.47955,4.48001
1377,4.47925,4.48148,4.48207,4.48461
1378,4.48647,4.47093,4.47162,4.4722
1379,4.4798,4.47854,4.47741,4.50678
1380,4.47215,4.47226,4.47168,4.47382
1381,4.47708,4.47952,4.47843,4.48165
1382,4.46633,4.46836,4.46727,4.4741
1383,4.46556,4.46789,4.46851,4.46836
1384,4.4592,4.45819,4.45804,4.4558
1385,4.4791,4.47671,4.47755,4.47659
1386,4.47048,4.46753,4.46849,4.47225
1387,4.45577,4.45697,4.45464,4.45505
1388,4.4718,4.47245,4.47351,4.47556
1389,4.47432,4.47528,4.47435,4.47802
1390,4.47446,4.4737,4.47339,4.47267
1391,4.47242,4.46972,4.47024,4.46964
1392,4.48968,4.48657,4.48592,4.48963
1393,4.48408,4.48437,4.48442,4.48963
1394,4.45828,4.45728,4.45879,4.45903
1395,4.47258,4.4736,4.47477,4.47362
1396,4.47044,4.46631,4.46712,4.46776
1397,4.47878,4.47714,4.47923,4.47983
1398,4.5255,4.47244,4.47363,4.47313
1399,4.46005,4.4609,4.46095,4.46497
1400,4.47663,4.47363,4.47369,4.47376
1401,4.45919,4.45675,4.45843,4.45779
1402,4.46961,4.46475,4.46769,4.47081
1403,4.47101,4.46896,4.46911,4.46974
1404,4.47449,4.47108,4.47262,4.47188
1405,4.47821,4.4801,4.47965,4.47546
1406,4.47278,4.47482,4.47333,4.47758
1407,4.46431,4.46437,4.46612,4.46451
1408,4.46528,4.46444,4.46376,4.46268
1409,4.47793,4.4767,4.47725,4.47967
1410,4.46489,4.46431,4.46607,4.46685
1411,4.46925,4.46955,4.46946,4.47356
1412,4.46319,4.46019,4.46059,4.46374
1413,4.46238,4.46115,4.46028,4.45989
1414,4.46899,4.46633,4.46688,4.46771
1415,4.47893,4.47703,4.47735,4.481
1416,4.47886,4.47626,4.47696,4.47809
1417,4.45945,4.46201,4.4612,4.46248
1418,4.5043,4.45825,4.45858,4.45767
1419,4.47104,4.46575,4.46821,4.46702
1420,4.46922,4.47032,4.46978,4.47365
1421,4.46956,4.46785,4.46842,4.47211
1422,4.49926,4.4658,4.46554,4.46551
1423,4.48306,4.48743,4.48624,4.48625
1424,4.4558,4.45451,4.45531,4.45557
1425,4.44353,4.44363,4.44494,4.4453
1426,4.47515,4.47313,4.47409,4.47588
1427,4.46612,4.46547,4.46484,4.46481
1428,4.46097,4.45939,4.46041,4.45961
1429,4.46633,4.46629,4.46716,4.46685
1430,4.50694,4.50383,4.50486,4.50321
1431,4.47932,4.47576,4.47718,4.47698
1432,4.47722,4.47429,4.47444,4.47741
1433,4.466,4.46219,4.46358,4.46635
1434,4.48384,4.48637,4.48632,4.48669
1435,4.47988,4.47639,4.47667,4.47546
1436,4.46785,4.46861,4.46698,4.46866
1437,4.46455,4.4672,4.46678,4.46719
1438,4.47955,4.47915,4.47767,4.47932
1439,4.46172,4.46052,4.46123,4.46252
1440,4.47453,4.47253,4.47392,4.47385
1441,4.46915,4.46744,4.46716,4.47009
1442,4.47627,4.47133,4.47182,4.4708
1443,4.48272,4.48123,4.48169,4.47975
1444,4.47237,4.46993,4.4691,4.46961
1445,4.47029,4.46892,4.46881,4.47012
1446,4.48493,4.4864,4.48588,4.48371
1447,4.45803,4.4554,4.45692,4.45561
1448,4.46342,4.46188,4.46416,4.46103
1449,4.48529,4.48104,4.48372,4.48409
1450,4.46161,4.4623,4.4626,4.46481
1451,4.46267,4.46254,4.4631,4.46411
1452,4.47684,4.47624,4.47605,4.48137
1453,4.46995,4.47313,4.47313,4.47543
1454,4.48508,4.48381,4.48438,4.48605
1455,4.47415,4.47176,4.47332,4.47293
1456,4.48512,4.48361,4.48192,4.48552
1457,4.45556,4.45882,4.45794,4.45852
1458,4.48226,4.48042,4.48071,4.47998
1459,4.48541,4.48512,4.48494,4.4855
1460,4.4735,4.47294,4.47293,4.47504
1461,4.45708,4.45527,4.4545,4.45681
1462,4.47425,4.47116,4.47215,4.46847
1463,4.46946,4.46718,4.46753,4.46863
1464,4.46906,4.46777,4.46873,4.46636
1465,4.46778,4.46804,4.46832,4.46562
1466,4.47575,4.47446,4.47489,4.47255
1467,4.44973,4.45082,4.45094,4.45305
1468,4.46992,4.46917,4.46958,4.46787
1469,4.46812,4.4696,4.46889,4.47067
1470,4.46876,4.4708,4.47146,4.4715
1471,4.46185,4.46049,4.46055,4.45914
1472,4.48672,4.48722,4.48768,4.48898
1473,4.4786,4.47959,4.47986,4.48046
1474,4.46623,4.46335,4.4642,4.46806
1475,4.48304,4.48256,4.48418,4.4846
1476,4.47182,4.47135,4.47198,4.47316
1477,4.46973,4.46685,4.46599,4.46739
1478,4.47454,4.4766,4.47596,4.47679
1479,4.46752,4.46347,4.46356,4.46171
1480,4.45626,4.46401,4.4537,4.45328
1481,4.46183,4.45977,4.46167,4.46399
1482,4.46934,4.47489,4.46935,4.46991
1483,4.47498,4.47869,4.47779,4.47803
1484,4.46318,4.46416,4.46359,4.46242
1485,4.47782,4.47561,4.47598,4.47635
1486,4.46015,4.45665,4.45869,4.46006
1487,4.469,4.46635,4.4692,4.46767
1488,4.47035,4.50794,4.47265,4.47231
1489,4.46161,4.46048,4.45936,4.45784
1490,4.47958,4.47656,4.47868,4.47884
1491,4.47486,4.47322,4.4742,4.47343
1492,4.46237,4.4618,4.46293,4.4625
1493,4.47795,4.58955,4.47837,4.47983
1494,4.47385,4.4733,4.47367,4.47424
1495,4.47276,4.55176,4.47304,4.47181
1496,4.46097,4.48548,4.46184,4.4595
1497,4.46903,4.77084,4.46963,4.47184
1498,4.46022,4.45912,4.45783,4.45774
1499,4.46753,4.46754,4.46391,4.46673
1500,4.48456,4.4828,4.47461,4.47382
1501,4.46121,4.46677,4.46134,4.46134
1502,4.45962,4.4596,4.45779,4.46008
1503,4.47284,4.4716,4.47081,4.47328
1504,4.47768,4.47385,4.47611,4.47567
1505,4.46174,4.46849,4.46144,4.46316
1506,4.46114,4.46186,4.46098,4.46231
1507,4.47577,4.48024,4.47743,4.47337
1508,4.48485,4.48456,4.48342,4.48338
1509,4.48185,4.48423,4.48134,4.48046
1510,4.47572,4.47802,4.47513,4.47531
1511,4.45833,4.46448,4.45986,4.46132
1512,4.45953,4.46041,4.45935,4.45995
1513,4.48057,4.48205,4.48025,4.48121
1514,4.45766,4.45717,4.45892,4.45994
1515,4.47266,4.47418,4.47146,4.46815
1516,4.47244,4.47802,4.47551,4.47584
1517,4.45707,4.4588,4.45695,4.45609
1518,4.47448,4.47203,4.47353,4.47275
1519,4.46094,4.46501,4.46163,4.4779
1520,4.46578,4.46092,4.4614,4.50698
1521,4.47032,4.47029,4.46842,4.48636
1522,4.45654,4.45671,4.45621,4.47449
1523,4.4748,4.47331,4.4726,4.47405
1524,4.47298,4.47532,4.47057,4.47096
1525,4.48217,4.48384,4.48329,4.48692
1526,4.4704,4.46478,4.46893,4.47541
1527,4.48189,4.48506,4.48328,4.48817
1528,4.471,4.4658,4.46987,4.47068
1529,4.47586,4.476,4.47665,4.474
1530,4.47503,4.47461,4.4765,4.4757
1531,4.47485,4.48096,4.47514,4.47279
1532,4.48513,4.48804,4.48652,4.48899
1533,4.46662,4.47091,4.46782,4.46954
1534,4.47163,4.48032,4.47202,4.46852
1535,4.47419,4.47767,4.47371,4.47429
1536,4.46356,4.46594,4.4644,4.45975
1537,4.47134,4.47197,4.47242,4.46735
1538,4.4632,4.487,4.46218,4.46026
1539,4.4615,4.47529,4.46156,4.46214
1540,4.45562,4.4569,4.45593,4.456
1541,4.46553,4.4677,4.46679,4.46531
1542,4.47296,4.47146,4.47353,4.47551
1543,4.46951,4.46589,4.46963,4.4682
1544,4.46969,4.47066,4.47121,4.46997
1545,4.47,4.46417,4.47144,4.47287
1546,4.47605,4.47666,4.4757,4.47707
1547,4.47666,4.47919,4.4775,4.47719
1548,4.46653,4.4695,4.46657,4.46718
1549,4.46807,4.46905,4.46992,4.47125
1550,4.45105,4.44914,4.45267,4.4518
1551,4.46524,4.46952,4.46637,4.46638
1552,4.46062,4.46355,4.46256,4.45962
1553,4.47505,4.47797,4.47881,4.4787
1554,4.4577,4.45838,4.45735,4.4586
1555,4.47923,4.47808,4.47668,4.47814
1556,4.47863,4.48482,4.47829,4.4794
1557,4.46574,4.46888,4.46711,4.46775
1558,4.47254,4.47898,4.47444,4.47493
1559,4.47385,4.48102,4.47159,4.47156
1560,4.47558,4.47781,4.47508,4.47435
1561,4.47214,4.47286,4.47131,4.47199
1562,4.47421,4.47522,4.47479,4.47449
1563,4.47604,4.47288,4.47395,4.47177
1564,4.45845,4.46545,4.45915,4.46165
1565,4.46231,4.4635,4.46227,4.4617
1566,4.48151,4.48255,4.48113,4.48197
1567,4.46531,4.468,4.46563,4.46636
1568,4.46879,4.47122,4.46926,4.46879
1569,4.46742,4.46842,4.46754,4.46851
1570,4.4763,4.47622,4.47592,4.47784
1571,4.48726,4.48461,4.48699,4.48635
1572,4.46076,4.46209,4.46098,4.46068
1573,4.46598,4.46603,4.46554,4.46585
1574,4.46441,4.46338,4.46317,4.46539
1575,4.46804,4.46698,4.46661,4.46504
1576,4.46319,4.4589,4.46143,4.46152
1577,4.46273,4.46177,4.46407,4.46413
1578,4.47461,4.46854,4.47249,4.47175
1579,4.47136,4.47016,4.46979,4.47145
1580,4.45961,4.45804,4.46083,4.46291
1581,4.47676,4.47484,4.47701,4.47673
1582,4.45845,4.4594,4.45898,4.45943
1583,4.47939,4.47976,4.47913,4.48001
1584,4.47648,4.47905,4.4777,4.47843
1585,4.47523,4.47357,4.47542,4.47601
1586,4.46608,4.46513,4.46589,4.46331
1587,4.46249,4.45833,4.46095,4.45937
1588,4.45805,4.45959,4.45826,4.45742
1589,4.46874,4.47131,4.46868,4.46847
1590,4.46795,4.47033,4.467,4.4682
1591,4.46996,4.47775,4.47117,4.47209
1592,4.46764,4.46903,4.46617,4.46706
1593,4.46141,4.48773,4.46234,4.46179
1594,4.46677,4.46358,4.46623,4.46564
1595,4.47639,4.48182,4.47647,4.47562
1596,4.45999,4.47702,4.46051,4.45997
1597,4.48294,4.48079,4.48256,4.48383
1598,4.46882,4.4703,4.4658,4.467
1599,4.47261,4.47651,4.47247,4.47369
1600,4.4989,4.49574,4.49634,4.49773
1601,4.46308,4.46345,4.46257,4.46317
1602,4.45809,4.45945,4.45775,4.45702
1603,4.47771,4.47428,4.47636,4.47586
1604,4.46424,4.4646,4.46281,4.46228
1605,4.47145,4.46838,4.47218,4.47417
1606,4.47307,4.4674,4.47278,4.47403
1607,4.45007,4.4499,4.44823,4.44958
1608,4.4771,4.47952,4.47466,4.47579
1609,4.46992,4.4708,4.46998,4.46953
1610,4.47823,4.47648,4.47865,4.4794
1611,4.46537,4.47139,4.46914,4.46952
1612,4.46708,4.46451,4.4673,4.46574
1613,4.4653,4.46899,4.46423,4.46276
1614,4.46355,4.46082,4.46339,4.46235
1615,4.45522,4.45549,4.45526,4.45355
1616,4.46703,4.46361,4.46614,4.46575
1617,4.4626,4.46975,4.46281,4.4629
1618,4.46156,4.46007,4.4634,4.46314
1619,4.47227,4.46986,4.47003,4.46905
1620,4.4656,4.46069,4.46456,4.46158
1621,4.48645,4.49075,4.48864,4.48733
1622,4.47745,4.4816,4.47998,4.47703
1623,4.47818,4.47932,4.47894,4.47668
1624,4.45383,4.45545,4.45665,4.45624
1625,4.47428,4.47549,4.47421,4.47672
1626,4.47421,4.47671,4.47432,4.47484
1627,4.46715,4.46618,4.46642,4.46592
1628,4.46413,4.46649,4.46326,4.46463
1629,4.48859,4.48772,4.48693,4.48316
1630,4.47318,4.47171,4.47172,4.47067
1631,4.45151,4.45162,4.45357,4.45249
1632,4.46006,4.46116,4.46038,4.46025
1633,4.47998,4.47887,4.48165,4.47971
1634,4.46005,4.45826,4.45911,4.46072
1635,4.46721,4.46503,4.46646,4.46622
1636,4.47647,4.47731,4.47701,4.47608
1637,4.47141,4.46946,4.47026,4.47052
1638,4.46321,4.46308,4.46364,4.46475
1639,4.45677,4.45681,4.45495,4.4566
1640,4.47149,4.47254,4.471,4.47068
1641,4.46625,4.46632,4.46866,4.47089
1642,4.47594,4.47761,4.47444,4.47631
1643,4.46678,4.46809,4.46749,4.46811
1644,4.45424,4.45587,4.45307,4.45523
1645,4.45912,4.45615,4.45991,4.4611
1646,4.46526,4.46429,4.46484,4.46451
1647,4.4657,4.46598,4.46597,4.46634
1648,4.47307,4.4749,4.47338,4.47198
1649,4.45789,4.45846,4.45921,4.46022
1650,4.45041,4.4511,4.45015,4.45067
1651,4.47749,4.47978,4.47993,4.47931
1652,4.46088,4.45626,4.45976,4.46033
1653,4.4623,4.46324,4.46174,4.46193
1654,4.4704,4.47213,4.46959,4.46889
1655,4.4642,4.46622,4.46343,4.46451
1656,4.48068,4.48175,4.47894,4.47872
1657,4.46412,4.46856,4.4658,4.46533
1658,4.482,4.48161,4.47991,4.48034
1659,4.48427,4.48288,4.48216,4.48119
1660,4.47013,4.46812,4.46968,4.46797
1661,4.48335,4.48755,4.48513,4.48589
1662,4.47792,4.47783,4.4781,4.47766
1663,4.47116,4.47352,4.47171,4.46943
1664,4.45821,4.4599,4.46083,4.46016
1665,4.46109,4.46117,4.46249,4.45903
1666,4.47845,4.47878,4.47635,4.4767
1667,4.45627,4.45523,4.45482,4.45571
1668,4.45075,4.45385,4.45245,4.45248
1669,4.47537,4.47461,4.47644,4.4766
1670,4.4707,4.46991,4.46826,4.46929
1671,4.45222,4.45178,4.45111,4.45356
1672,4.46369,4.46347,4.46276,4.46292
1673,4.47102,4.4726,4.47114,4.47227
1674,4.46226,4.46217,4.46212,4.46019
1675,4.4689,4.46749,4.46863,4.46905
1676,4.46675,4.46537,4.46597,4.46723
1677,4.46505,4.46714,4.46305,4.46381
1678,4.46001,4.45931,4.46324,4.46163
1679,4.47783,4.47601,4.4766,4.47765
1680,4.47714,4.47725,4.47936,4.47935
1681,4.47562,4.47614,4.47555,4.47614
1682,4.48329,4.48165,4.48157,4.48127
1683,4.47311,4.47407,4.47404,4.47324
1684,4.46658,4.46661,4.46691,4.46576
1685,4.47174,4.46962,4.47088,4.47183
1686,4.48187,4.48469,4.48303,4.48159
1687,4.45635,4.46089,4.45706,4.45938
1688,4.46996,4.46783,4.47018,4.46935
1689,4.47321,4.47124,4.47155,4.47193
1690,4.46954,4.46625,4.46794,4.46591
1691,4.46161,4.46094,4.46004,4.46195
1692,4.4596,4.45895,4.4593,4.46041
1693,4.46301,4.46073,4.46002,4.46018
1694,4.46459,4.46465,4.46403,4.46433
1695,4.46615,4.46624,4.46498,4.46532
1696,4.46724,4.46854,4.468,4.46649
1697,4.45663,4.45705,4.45708,4.45585
1698,4.47671,4.47858,4.4786,4.47859
1699,4.48226,4.48194,4.48378,4.48475
1700,4.45658,4.45924,4.45743,4.45745
1701,4.47207,4.47685,4.47338,4.47252
1702,4.45991,4.46178,4.46031,4.46144
1703,4.47657,4.4773,4.47785,4.47664
1704,4.45965,4.45869,4.4599,4.46027
1705,4.47529,4.47829,4.47558,4.47556
1706,4.48286,4.48193,4.48386,4.4829
1707,4.47188,4.47199,4.47292,4.47101
1708,4.46554,4.46388,4.46556,4.46682
1709,4.44846,4.45042,4.45048,4.44975
1710,4.45859,4.45772,4.45752,4.45871
1711,4.47784,4.48026,4.4805,4.47912
1712,4.46152,4.46531,4.46268,4.46202
1713,4.45652,4.45729,4.45642,4.4547
1714,4.46249,4.46299,4.46072,4.46089
1715,4.4653,4.46338,4.46453,4.46603
1716,4.45456,4.4527,4.45342,4.45352
1717,4.47395,4.47635,4.47399,4.47475
1718,4.46696,4.46462,4.46558,4.4641
1719,4.46842,4.46813,4.47063,4.4678
1720,4.46881,4.46872,4.46764,4.46716
1721,4.48382,4.48231,4.4811,4.48213
1722,4.47806,4.47732,4.47432,4.47382
1723,4.47673,4.47807,4.47903,4.47991
1724,4.44566,4.44772,4.44819,4.44753
1725,4.46284,4.4622,4.46173,4.4629
1726,4.47226,4.47143,4.47246,4.4731
1727,4.48184,4.48043,4.48172,4.48204
1728,4.45169,4.44892,4.45114,4.4497
1729,4.46617,4.4656,4.46547,4.46552
1730,4.48141,4.48046,4.4817,4.48094
1731,4.46332,4.466,4.46551,4.46695
1732,4.46831,4.46828,4.46878,4.46903
1733,4.47223,4.47221,4.47035,4.47078
1734,4.48625,4.48634,4.48428,4.486
1735,4.48079,4.48274,4.48129,4.48154
1736,4.45823,4.45758,4.45806,4.45889
1737,4.46283,4.46446,4.46419,4.46378
1738,4.47293,4.47016,4.47264,4.47325
1739,4.46424,4.46333,4.46364,4.46359
1740,4.46591,4.46424,4.46572,4.46741
1741,4.46882,4.4725,4.47041,4.46995
1742,4.46053,4.46142,4.46079,4.45975
1743,4.47583,4.47595,4.47506,4.476
1744,4.4762,4.47158,4.47524,4.47619
1745,4.46357,4.46284,4.46424,4.46427
1746,4.47372,4.47254,4.47344,4.47512
1747,4.47753,4.4778,4.4793,4.4781
1748,4.46966,4.4668,4.4671,4.46644
1749,4.45878,4.4582,4.45826,4.45674
1750,4.45825,4.45679,4.4587,4.46231
1751,4.49217,4.49251,4.49365,4.49383
1752,4.4737,4.47657,4.47751,4.47881
1753,4.47001,4.47282,4.4726,4.47332
1754,4.48422,4.48365,4.48271,4.48305
1755,4.45947,4.45949,4.45928,4.45819
1756,4.47687,4.48017,4.47893,4.47879
1757,4.48211,4.47895,4.48026,4.48167
1758,4.46547,4.46162,4.4638,4.46316
1759,4.46315,4.46274,4.4635,4.46145
1760,4.46573,4.46596,4.46576,4.46583
1761,4.46434,4.46396,4.46355,4.46551
1762,4.48236,4.47872,4.48017,4.48116
1763,4.46858,4.46613,4.46701,4.46724
1764,4.4553,4.45575,4.45522,4.45535
1765,4.45801,4.4585,4.45837,4.45899
1766,4.4794,4.47657,4.47669,4.47779
1767,4.47074,4.46955,4.46941,4.46947
1768,4.45418,4.45506,4.45391,4.45416
1769,4.45787,4.45825,4.45846,4.45926
1770,4.46967,4.46838,4.47051,4.47016
1771,4.46544,4.46368,4.46617,4.46595
1772,4.45682,4.45651,4.45645,4.45547
1773,4.47175,4.47132,4.47243,4.4725
1774,4.47569,4.47392,4.47468,4.47567
1775,4.46601,4.46441,4.46549,4.46501
1776,4.46776,4.46892,4.46888,4.46849
1777,4.4696,4.46893,4.46899,4.46756
1778,4.48015,4.47943,4.48009,4.48042
1779,4.4602,4.45833,4.4583,4.45796
1780,4.46871,4.46763,4.47059,4.47164
1781,4.46908,4.46799,4.46959,4.46938
1782,4.46609,4.46701,4.46831,4.46698
1783,4.4746,4.47498,4.47377,4.4737
1784,4.45847,4.46098,4.45891,4.4583
1785,4.474,4.47463,4.47552,4.47549
1786,4.4676,4.47339,4.46814,4.46754
1787,4.47019,4.46754,4.46823,4.46736
1788,4.47512,4.47572,4.47389,4.4751
1789,4.4624,4.45959,4.46096,4.45997
1790,4.46053,4.46234,4.4599,4.4594
1791,4.47525,4.47474,4.47672,4.47807
1792,4.47141,4.47205,4.47126,4.47316
1793,4.47048,4.4717,4.47192,4.47075
1794,4.47034,4.47334,4.47216,4.47301
1795,4.45836,4.45675,4.45831,4.45884
1796,4.45691,4.45577,4.45427,4.45587
1797,4.47338,4.47549,4.47362,4.47296
1798,4.46166,4.46273,4.46232,4.4627
1799,4.45929,4.45881,4.45848,4.45731
1800,4.47502,4.47464,4.47511,4.47557
1801,4.46696,4.46621,4.46695,4.46704
1802,4.45922,4.46009,4.46038,4.45974
1803,4.46199,4.46328,4.46305,4.46292
1804,4.4789,4.47797,4.47894,4.47904
1805,4.45567,4.45514,4.45574,4.45424
1806,4.47413,4.47603,4.47748,4.47487
1807,4.48966,4.49027,4.48862,4.48792
1808,4.46579,4.46673,4.4645,4.46575
1809,4.48309,4.48228,4.48312,4.48173
1810,4.48843,4.48736,4.48823,4.48638
1811,4.47868,4.47856,4.47686,4.47678
1812,4.46871,4.46459,4.46645,4.46541
1813,4.46919,4.46705,4.4708,4.46787
1814,4.46495,4.46235,4.46297,4.46362
1815,4.48093,4.47699,4.47716,4.47849
1816,4.47954,4.47989,4.47851,4.48001
1817,4.46301,4.4643,4.4612,4.46184
1818,4.47178,4.47153,4.47113,4.47159
1819,4.46281,4.46409,4.46096,4.46144
1820,4.46356,4.46404,4.46358,4.46246
1821,4.46035,4.45997,4.46047,4.46233
1822,4.46923,4.4696,4.46937,4.46739
1823,4.46869,4.47134,4.47232,4.47164
1824,4.4765,4.47551,4.48159,4.47689
1825,4.46099,4.46264,4.46074,4.46199
1826,4.46863,4.46649,4.46879,4.46786
1827,4.45387,4.45702,4.45515,4.45245
1828,4.47205,4.47161,4.47188,4.47121
1829,4.4677,4.46668,4.46838,4.46807
1830,4.45727,4.45495,4.45653,4.45562
1831,4.46514,4.46377,4.46388,4.46411
1832,4.4678,4.46985,4.47007,4.47034
1833,4.46931,4.46991,4.47064,4.46974
1834,4.47158,4.47087,4.47264,4.47367
1835,4.45566,4.45311,4.45531,4.45582
1836,4.47298,4.47232,4.47223,4.47326
1837,4.46076,4.46009,4.46055,4.46119
1838,4.45986,4.45892,4.45975,4.46144
1839,4.47999,4.4789,4.47923,4.48267
1840,4.47631,4.47977,4.47766,4.47765
1841,4.47225,4.47298,4.47438,4.47307
1842,4.47385,4.47367,4.47483,4.47426
1843,4.46395,4.46613,4.46565,4.46473
1844,4.4698,4.47143,4.46977,4.47003
1845,4.47703,4.47626,4.47395,4.47579
1846,4.475,4.47531,4.47309,4.475
1847,4.46865,4.46882,4.47047,4.46962
1848,4.46254,4.46271,4.46473,4.46382
1849,4.48145,4.48124,4.48047,4.47962
1850,4.46422,4.462,4.46179,4.46218
1851,4.48954,4.48755,4.48732,4.48588
1852,4.4648,4.46681,4.46622,4.46452
1853,4.46874,4.46846,4.46807,4.46916
1854,4.46339,4.463,4.46342,4.4644
1855,4.48633,4.48693,4.48658,4.48552
1856,4.47016,4.46913,4.47059,4.47131
1857,4.46607,4.46525,4.46427,4.46626
1858,4.47289,4.47245,4.47411,4.47344
1859,4.46273,4.46209,4.46288,4.46331
1860,4.46076,4.4593,4.4615,4.46087
1861,4.47738,4.47569,4.47888,4.4762
1862,4.46442,4.46403,4.46398,4.46407
1863,4.4583,4.45862,4.45775,4.45837
1864,4.46012,4.45978,4.46094,4.46175
1865,4.47713,4.47714,4.475,4.47611
1866,4.47609,4.47896,4.47972,4.4795
1867,4.47008,4.46967,4.47213,4.47231
1868,4.46248,4.46347,4.46287,4.46402
1869,4.48205,4.48381,4.48426,4.48425
1870,4.46138,4.46137,4.46326,4.46202
1871,4.45796,4.45514,4.45781,4.45447
1872,4.459,4.45643,4.46004,4.45761
1873,4.47205,4.47151,4.47266,4.47148
1874,4.46147,4.4606,4.46147,4.46093
1875,4.47651,4.48052,4.47801,4.47858
1876,4.45619,4.45885,4.45802,4.45827
1877,4.49743,4.48291,4.48594,4.48466
1878,4.46914,4.47121,4.47085,4.46976
1879,4.45456,4.45301,4.45476,4.45535
1880,4.47162,4.46936,4.47124,4.4704
1881,4.46738,4.46841,4.46779,4.46655
1882,4.4749,4.4722,4.47366,4.4729
1883,4.45643,4.46124,4.4596,4.46077
1884,4.46013,4.46053,4.46028,4.4618
1885,4.47614,4.4767,4.47719,4.47597
1886,4.46477,4.46404,4.46293,4.46383
1887,4.4543,4.45518,4.45597,4.456
1888,4.46422,4.46515,4.46475,4.46405
1889,4.46364,4.46167,4.46091,4.4611
1890,4.47999,4.47862,4.47971,4.47777
1891,4.46144,4.46235,4.46181,4.46191
1892,4.47367,4.47435,4.47403,4.4743
1893,4.4757,4.47268,4.47263,4.47348
1894,4.47347,4.47277,4.47385,4.47273
1895,4.47598,4.47631,4.47721,4.47604
1896,4.47171,4.47342,4.47378,4.4749
1897,4.45631,4.45705,4.45777,4.45755
1898,4.47734,4.47674,4.4767,4.47686
1899,4.46168,4.46032,4.46112,4.46089
1900,4.46543,4.46547,4.46539,4.46471
1901,4.44955,4.4508,4.44963,4.44946
1902,4.47001,4.47011,4.47076,4.47137
1903,4.46103,4.46157,4.46318,4.46117
1904,4.4719,4.475,4.47591,4.4772
1905,4.45438,4.4549,4.45488,4.45333
1906,4.46804,4.46852,4.4681,4.46905
1907,4.47275,4.47577,4.47397,4.47349
1908,4.46339,4.46174,4.46299,4.47836
1909,4.44897,4.44432,4.4456,4.44781
1910,4.46838,4.46726,4.46882,4.46844
1911,4.47114,4.46873,4.46789,4.46983
1912,4.47144,4.46821,4.47006,4.46779
1913,4.48179,4.48209,4.48453,4.48363
1914,4.46282,4.4638,4.46294,4.46437
1915,4.46752,4.46729,4.46691,4.46724
1916,4.47,4.46917,4.46993,4.4691
1917,4.46478,4.4665,4.46818,4.46754
1918,4.45861,4.46057,4.45881,4.4608
1919,4.4633,4.46037,4.46184,4.46174
1920,4.47231,4.47259,4.4739,4.47315
1921,4.47223,4.46974,4.47265,4.47208
1922,4.46257,4.46505,4.4652,4.46602
1923,4.46532,4.46614,4.46666,4.46567
1924,4.46409,4.46336,4.46454,4.4646
1925,4.46662,4.46772,4.46617,4.46648
1926,4.48442,4.48391,4.48416,4.4841
1927,4.48079,4.48096,4.48168,4.48124
1928,4.47637,4.47487,4.47754,4.4768
1929,4.46279,4.46546,4.46369,4.46407
1930,4.46782,4.46637,4.46669,4.46633
1931,4.49406,4.47882,4.47874,4.47896
1932,4.50317,4.47136,4.47396,4.47396
1933,4.46471,4.45894,4.45895,4.45853
1934,4.4731,4.47416,4.4752,4.47395
1935,4.46841,4.46839,4.47006,4.46872
1936,4.46199,4.45964,4.46088,4.46324
1937,4.46605,4.46637,4.46661,4.46572
1938,4.47563,4.47116,4.47013,4.47115
1939,4.45416,4.44757,4.44874,4.44783
1940,4.4714,4.47165,4.4714,4.47263
1941,4.45006,4.45151,4.45185,4.4508
1942,4.46796,4.46716,4.46591,4.46586
1943,4.45641,4.45753,4.4584,4.45767
1944,4.48734,4.48248,4.48586,4.48337
1945,4.45828,4.4583,4.4564,4.45561
1946,4.4793,4.47545,4.4776,4.47626
1947,4.46937,4.47093,4.4669,4.46743
1948,4.45506,4.45566,4.45487,4.45451
1949,4.47041,4.46893,4.46741,4.47
1950,4.48942,4.49017,4.48858,4.48812
1951,4.45826,4.45965,4.46014,4.46078
1952,4.47952,4.47575,4.47435,4.47542
1953,4.46669,4.46129,4.46284,4.46289
1954,4.46286,4.4635,4.46319,4.46344
1955,4.46395,4.46658,4.46592,4.46484
1956,4.47101,4.47056,4.47142,4.47034
1957,4.46354,4.46499,4.46455,4.46391
1958,4.47954,4.4772,4.47754,4.47682
1959,4.45735,4.45591,4.45598,4.45544
1960,4.47156,4.47058,4.47052,4.47041
1961,4.46965,4.46933,4.46865,4.46734
1962,4.44805,4.44432,4.44599,4.44584
1963,4.45736,4.462,4.46206,4.46103
1964,4.46933,4.46303,4.46509,4.46408
1965,4.48285,4.48117,4.48017,4.48298
1966,4.46252,4.46276,4.46009,4.46069
1967,4.48007,4.47958,4.48017,4.47965
1968,4.46938,4.4663,4.46788,4.46824
1969,4.46277,4.46429,4.4631,4.46192
1970,4.47006,4.46753,4.46916,4.47017
1971,4.45177,4.45444,4.45506,4.4539
1972,4.47668,4.47193,4.475,4.4736
1973,4.47808,4.4758,4.47521,4.4767
1974,4.47783,4.47856,4.47584,4.47766
1975,4.46165,4.46359,4.46205,4.46137
1976,4.47005,4.47348,4.47347,4.47239
1977,4.4735,4.48017,4.47825,4.47816
1978,4.46886,4.47048,4.47114,4.46934
1979,4.46293,4.46203,4.46142,4.46249
1980,4.46623,4.4698,4.46883,4.46622
1981,4.47339,4.47007,4.47286,4.47104
1982,4.46332,4.46232,4.46491,4.4647
1983,4.47582,4.47263,4.47515,4.47532
1984,4.46079,4.45517,4.45584,4.45663
1985,4.4621,4.46596,4.46463,4.46385
1986,4.46494,4.46259,4.46394,4.46596
1987,4.46445,4.46376,4.46371,4.4614
1988,4.46444,4.4677,4.46445,4.46713
1989,4.46242,4.46186,4.46379,4.46093
1990,4.46081,4.4612,4.4608,4.46131
1991,4.47112,4.47258,4.47366,4.47258
1992,4.48052,4.47991,4.47993,4.47901
1993,4.47393,4.47667,4.47872,4.47739
1994,4.46662,4.46431,4.46806,4.46568
1995,4.47446,4.4716,4.47448,4.47119
1996,4.4827,4.4864,4.48584,4.48603
1997,4.4574,4.45663,4.45931,4.45884
1998,4.46453,4.4602,4.45737,4.45766
1999,4.47162,4.47266,4.47318,4.47294
2000,4.47498,4.46935,4.47075,4.46971
2001,4.48639,4.48104,4.48311,4.48119
2002,4.48016,4.4751,4.47285,4.47473
2003,4.461,4.46088,4.46012,4.45939
2004,4.48123,4.481,4.4806,4.48068
2005,4.46732,4.46602,4.46587,4.46652
2006,4.46755,4.46803,4.4682,4.46939
2007,4.47351,4.47321,4.47201,4.4707
2008,4.4736,4.47278,4.47248,4.47044
2009,4.46533,4.46365,4.46365,4.45834
2010,4.47085,4.47084,4.46846,4.46681
2011,4.47096,4.46728,4.46959,4.46507
2012,4.46198,4.46233,4.46027,4.46791
2013,4.45966,4.46224,4.46431,4.462
2014,4.45639,4.45589,4.45607,4.45738
2015,4.47287,4.4701,4.47295,4.47355
2016,4.48101,4.4808,4.4804,4.48216
2017,4.47471,4.47404,4.47672,4.47485
2018,4.45624,4.45381,4.45374,4.45378
2019,4.46551,4.46603,4.46911,4.46813
2020,4.45926,4.45799,4.45933,4.46002
2021,4.4629,4.46176,4.46397,4.46481
2022,4.46606,4.46417,4.46524,4.46617
2023,4.47398,4.47513,4.47562,4.47754
2024,4.45928,4.45866,4.45976,4.45929
2025,4.49227,4.49149,4.49176,4.49058
2026,4.49145,4.48945,4.48956,4.48814
2027,4.46774,4.47176,4.47111,4.47099
2028,4.47581,4.47654,4.47509,4.47733
2029,4.46484,4.46631,4.46618,4.46697
2030,4.46853,4.46937,4.46747,4.46685
2031,4.47244,4.47345,4.47296,4.472
2032,4.45504,4.45842,4.45694,4.45947
2033,4.4678,4.46346,4.46342,4.46319
2034,4.45422,4.45777,4.45626,4.45525
2035,4.45245,4.45422,4.45618,4.45519
2036,4.46224,4.46339,4.46381,4.46429
2037,4.47689,4.47501,4.47465,4.47411
2038,4.45706,4.45751,4.45611,4.45734
2039,4.47396,4.46969,4.47033,4.47096
2040,4.46846,4.46583,4.46507,4.46791
2041,4.46142,4.46007,4.46178,4.46111
2042,4.48571,4.48662,4.48799,4.48579
2043,4.46283,4.4621,4.46419,4.46513
2044,4.46619,4.46728,4.46706,4.46622
2045,4.46783,4.46153,4.46369,4.46128
2046,4.47396,4.47166,4.47408,4.47123
2047,4.48131,4.48035,4.48188,4.47889
2048,4.46364,4.46206,4.46296,4.46088
2049,4.46561,4.46649,4.46766,4.46775
2050,4.45382,4.45364,4.45335,4.45427
2051,4.46483,4.46118,4.46236,4.4619
2052,4.46075,4.4616,4.46139,4.46785
2053,4.45772,4.4587,4.45813,4.4557
2054,4.47682,4.47457,4.47717,4.47834
2055,4.48104,4.48411,4.4825,4.48372
2056,4.47199,4.47193,4.4712,4.46928
2057,4.46273,4.46091,4.46132,4.46137
2058,4.47828,4.4733,4.47496,4.47582
2059,4.46489,4.46469,4.46372,4.46429
2060,4.46188,4.4601,4.46052,4.45881
2061,4.46381,4.46397,4.46255,4.46152
2062,4.46907,4.46789,4.46921,4.46889
2063,4.47163,4.46842,4.46974,4.46825
2064,4.47652,4.4751,4.47548,4.47498
2065,4.47655,4.47576,4.47555,4.47433
2066,4.47231,4.47203,4.47352,4.47395
2067,4.4668,4.46531,4.46723,4.46584
2068,4.47022,4.4699,4.47238,4.47331
2069,4.45679,4.45798,4.45866,4.45835
2070,4.46207,4.4639,4.46107,4.46153
2071,4.46364,4.46633,4.46635,4.46684
2072,4.45532,4.45378,4.45467,4.45474
2073,4.45303,4.45488,4.45421,4.45242
2074,4.46797,4.472,4.46966,4.46947
2075,4.4637,4.46318,4.46406,4.46617
2076,4.47439,4.47542,4.47742,4.47909
2077,4.47088,4.47283,4.47292,4.47194
2078,4.46474,4.46766,4.46552,4.4662
2079,4.46965,4.47278,4.46993,4.47082
2080,4.4785,4.47911,4.47767,4.47849
2081,4.47618,4.47622,4.47471,4.47555
2082,4.46466,4.4653,4.46758,4.46684
2083,4.47292,4.47144,4.46968,4.46906
2084,4.47486,4.47181,4.47214,4.47225
2085,4.46589,4.46007,4.45896,4.45721
2086,4.4591,4.45557,4.45697,4.45623
2087,4.46139,4.45995,4.45851,4.45967
2088,4.47778,4.47663,4.4769,4.47591
2089,4.48921,4.46102,4.4617,4.46039
2090,4.46839,4.46737,4.46708,4.46797
2091,4.54453,4.47252,4.47405,4.47343
2092,4.46272,4.4591,4.46099,4.45902
2093,4.46741,4.46807,4.46969,4.46917
2094,4.45976,4.46122,4.46165,4.46105
2095,4.4761,4.47835,4.47879,4.47957
2096,4.46366,4.46123,4.46218,4.4619
2097,4.47647,4.47729,4.4797,4.48006
2098,4.47209,4.47492,4.47566,4.47119
2099,4.46566,4.4649,4.46546,4.46524
2100,4.47325,4.47437,4.47429,4.47301
2101,4.46235,4.46289,4.46414,4.46269
2102,4.46666,4.46361,4.46222,4.46467
2103,4.52792,4.47407,4.47363,4.47309
2104,4.49573,4.47368,4.47239,4.47376
2105,4.48242,4.47584,4.47604,4.4748
2106,4.46183,4.46005,4.46042,4.46125
2107,4.48016,4.47613,4.47573,4.47468
2108,4.4871,4.48355,4.48192,4.48373
2109,4.4528,4.45302,4.45338,4.45294
2110,4.47307,4.473,4.47358,4.4714
2111,4.47408,4.47133,4.47164,4.47294
2112,4.47734,4.47346,4.47338,4.47263
2113,4.46736,4.46469,4.46431,4.46541
2114,4.47066,4.47047,4.47149,4.46898
2115,4.48411,4.47243,4.47395,4.47448
2116,4.48823,4.46687,4.46788,4.4674
2117,4.54584,4.46422,4.46702,4.46451
2118,4.46882,4.4658,4.46578,4.46467
2119,4.46623,4.46044,4.462,4.46229
2120,4.46954,4.46065,4.46258,4.46294
2121,4.48224,4.47651,4.47826,4.4793
2122,4.4708,4.46557,4.46662,4.46736
2123,4.47181,4.46164,4.46264,4.46376
2124,4.48844,4.46643,4.46791,4.4662
2125,4.52272,4.46603,4.46481,4.46481
2126,4.48326,4.47839,4.47852,4.47817
2127,4.50883,4.48009,4.48091,4.4837
2128,4.52359,4.4672,4.46856,4.46789
2129,4.51264,4.46016,4.46036,4.46118
2130,4.47902,4.46572,4.46668,4.46614
2131,4.48024,4.46366,4.4634,4.46423
2132,4.49842,4.47245,4.47028,4.47168
2133,4.4784,4.47657,4.47713,4.47861
2134,4.48151,4.479,4.47903,4.48015
2135,4.45416,4.44839,4.44958,4.44896
2136,4.47961,4.47415,4.47527,4.47276
2137,4.47076,4.45667,4.45476,4.45516
2138,4.47436,4.47365,4.47239,4.47318
2139,4.53034,4.46265,4.4633,4.46343
2140,4.49156,4.47458,4.47466,4.47349
2141,4.47377,4.47569,4.47562,4.47478
2142,4.47888,4.47834,4.47847,4.47764
2143,4.46284,4.4617,4.46305,4.46353
2144,4.46675,4.46652,4.46791,4.46906
2145,4.47266,4.46985,4.47123,4.47233
2146,4.47461,4.47064,4.47222,4.46923
2147,4.46741,4.46514,4.46831,4.46921
2148,4.46578,4.46892,4.46989,4.46855
2149,4.49269,4.47506,4.47493,4.47836
2150,4.46478,4.46745,4.46777,4.47014
2151,4.46639,4.46883,4.46727,4.46906
2152,4.46586,4.46555,4.46589,4.46462
2153,4.47919,4.47993,4.47936,4.48092
2154,4.46313,4.46281,4.46227,4.46234
2155,4.47173,4.46662,4.46842,4.46776
2156,4.46434,4.46638,4.46581,4.46366
2157,4.46029,4.46278,4.46328,4.46197
2158,4.47764,4.47573,4.47536,4.47629
2159,4.4792,4.47821,4.47754,4.47657
2160,4.46029,4.45974,4.45901,4.45734
2161,4.47707,4.47,4.46936,4.46856
2162,4.46991,4.45993,4.46067,4.4602
2163,4.47568,4.47588,4.4756,4.4755
2164,4.45934,4.45528,4.45843,4.45884
2165,4.45738,4.45467,4.45475,4.45434
2166,4.46493,4.46508,4.46702,4.46461
2167,4.46258,4.45877,4.45977,4.45924
2168,4.45362,4.45844,4.45526,4.4541
2169,4.49771,4.46952,4.46967,4.47019
2170,4.47268,4.4724,4.47202,4.4699
2171,4.45195,4.4479,4.44873,4.44804
2172,4.47176,4.47184,4.47286,4.47362
2173,4.45245,4.45366,4.45509,4.45568
2174,4.48182,4.47778,4.47977,4.47644
2175,4.46372,4.46779,4.46836,4.46618
2176,4.45359,4.45286,4.45117,4.45167
2177,4.46467,4.46504,4.46384,4.46297
2178,4.48929,4.48735,4.48765,4.48829
2179,4.46368,4.46025,4.46225,4.46132
2180,4.46612,4.46616,4.46775,4.46844
2181,4.46882,4.46459,4.46811,4.46925
2182,4.47015,4.46357,4.46386,4.46371
2183,4.46034,4.46132,4.45965,4.45935
2184,4.47282,4.4721,4.47348,4.47243
2185,4.46887,4.46609,4.46679,4.46724
2186,4.45509,4.45739,4.45623,4.45485
2187,4.46815,4.46807,4.46777,4.46825
2188,4.4711,4.46766,4.46545,4.4647
2189,4.47358,4.47318,4.47414,4.47347
2190,4.49059,4.48734,4.48924,4.48854
2191,4.48267,4.48029,4.48135,4.48083
2192,4.47973,4.47864,4.47761,4.47754
2193,4.46511,4.46265,4.46477,4.46371
2194,4.46499,4.45821,4.45996,4.4593
2195,4.47929,4.47756,4.47783,4.47407
2196,4.47039,4.47055,4.47165,4.46805
2197,4.46047,4.46175,4.46164,4.45823
2198,4.46796,4.46739,4.46928,4.46761
2199,4.47836,4.47794,4.47957,4.4805
2200,4.4785,4.47794,4.47727,4.47635
2201,4.45885,4.46258,4.45788,4.45467
2202,4.46813,4.46458,4.4669,4.46351
2203,4.46497,4.46588,4.46711,4.46484
2204,4.47958,4.47214,4.47391,4.47517
2205,4.46578,4.46268,4.46439,4.47135
2206,4.46677,4.46584,4.46681,4.46725
2207,4.47815,4.47589,4.47677,4.47774
2208,4.45752,4.45693,4.45794,4.45693
2209,4.47714,4.47595,4.47747,4.47744
2210,4.47319,4.46967,4.46997,4.46886
2211,4.47499,4.47381,4.47356,4.47238
2212,4.47156,4.4678,4.47012,4.47071
2213,4.45917,4.46193,4.46042,4.45758
2214,4.46288,4.46399,4.46461,4.46148
2215,4.45598,4.45925,4.45822,4.46049
2216,4.47088,4.46551,4.46664,4.46677
2217,4.46985,4.4716,4.46877,4.46852
2218,4.46385,4.4628,4.46272,4.46082
2219,4.4783,4.47965,4.47893,4.47828
2220,4.46756,4.46868,4.4651,4.46545
2221,4.45666,4.45496,4.45498,4.4527
2222,4.47189,4.47107,4.47007,4.46657
2223,4.47131,4.47076,4.46912,4.46564
2224,4.47423,4.47327,4.47455,4.46937
2225,4.46264,4.46123,4.46163,4.46003
2226,4.45962,4.45944,4.46054,4.46074
2227,4.46628,4.46666,4.46719,4.46486
2228,4.48162,4.48096,4.48255,4.48
2229,4.45401,4.45499,4.45351,4.44927
2230,4.47369,4.47443,4.47269,4.47767
2231,4.46681,4.46582,4.46762,4.46866
2232,4.47123,4.46841,4.46842,4.46812
2233,4.46299,4.46478,4.46262,4.4631
2234,4.47239,4.47171,4.47283,4.46883
2235,4.46417,4.4629,4.46524,4.46914
2236,4.47228,4.47233,4.47429,4.46549
2237,4.4685,4.46941,4.47002,4.46887
2238,4.45769,4.45686,4.45713,4.46097
2239,4.47573,4.47525,4.47455,4.48609
2240,4.46189,4.46121,4.46275,4.46253
2241,4.47073,4.47102,4.47154,4.46535
2242,4.48208,4.47806,4.4792,4.48221
2243,4.4752,4.47188,4.47459,4.47594
2244,4.45779,4.45875,4.45774,4.4566
2245,4.46284,4.46443,4.46423,4.46164
2246,4.46043,4.45745,4.45871,4.46039
2247,4.46415,4.46533,4.46453,4.463
2248,4.4618,4.45891,4.46001,4.46113
2249,4.45515,4.45547,4.45504,4.4534
2250,4.46943,4.47024,4.46866,4.4655
2251,4.4706,4.47234,4.47158,4.47236
2252,4.46038,4.46,4.4609,4.45769
2253,4.47772,4.47499,4.47382,4.4731
2254,4.45817,4.4616,4.45868,4.45751
2255,4.46514,4.46518,4.46358,4.4621
2256,4.47306,4.46888,4.46957,4.47123
2257,4.47295,4.47201,4.47142,4.47093
2258,4.45831,4.4582,4.45925,4.46025
2259,4.4705,4.46955,4.46797,4.46668
2260,4.45981,4.46048,4.46018,4.46097
2261,4.48832,4.4872,4.48555,4.4862
2262,4.46511,4.46401,4.46375,4.46112
2263,4.48749,4.48933,4.4887,4.48982
2264,4.45663,4.45877,4.45637,4.45655
2265,4.47651,4.47671,4.47723,4.47889
2266,4.4687,4.47023,4.46855,4.46848
2267,4.46719,4.46737,4.46743,4.46868
2268,4.4722,4.47354,4.4741,4.47219
2269,4.47036,4.47389,4.47244,4.47145
2270,4.4539,4.45296,4.45427,4.45224
2271,4.4697,4.47022,4.47129,4.47125
2272,4.47128,4.47375,4.4739,4.47744
2273,4.47343,4.47385,4.47567,4.47501
2274,4.46492,4.46519,4.46615,4.46524
2275,4.46953,4.46947,4.46963,4.47056
2276,4.47294,4.47156,4.47347,4.47542
2277,4.46366,4.46217,4.46312,4.46532
2278,4.46114,4.45689,4.45856,4.45453
2279,4.46116,4.46133,4.46207,4.45815
2280,4.46692,4.46818,4.46826,4.46326
2281,4.46341,4.46595,4.4656,4.46552
2282,4.46667,4.46632,4.46609,4.46271
2283,4.47214,4.47,4.47066,4.4684
2284,4.48707,4.48226,4.48203,4.48451
2285,4.46804,4.46726,4.46696,4.46084
2286,4.46894,4.46876,4.46829,4.46894
2287,4.46877,4.46802,4.47016,4.46808
2288,4.46198,4.458,4.46016,4.4631
2289,4.47786,4.47588,4.47587,4.47379
2290,4.46218,4.45976,4.46043,4.45719
2291,4.4781,4.47984,4.47848,4.47477
2292,4.47102,4.4716,4.47181,4.47341
2293,4.46066,4.46122,4.46041,4.45524
2294,4.47671,4.47225,4.47259,4.46537
2295,4.4832,4.48268,4.48306,4.48377
2296,4.47103,4.47069,4.471,4.46427
2297,4.46616,4.47002,4.46701,4.46296
2298,4.45977,4.45694,4.45967,4.45091
2299,4.45733,4.45674,4.45859,4.46268
2300,4.46585,4.46551,4.46638,4.46988
2301,4.47628,4.47393,4.47615,4.47266
2302,4.45659,4.45522,4.45632,4.45498
2303,4.46952,4.46367,4.46615,4.46422
2304,4.46526,4.46553,4.46607,4.46605
2305,4.4663,4.46532,4.46435,4.45978
2306,4.4768,4.47772,4.47742,4.47761
2307,4.45854,4.45841,4.45829,4.45957
2308,4.46493,4.46421,4.46746,4.48202
2309,4.47685,4.47868,4.47968,4.48065
2310,4.46488,4.46281,4.46374,4.46137
2311,4.47323,4.47432,4.47289,4.47342
2312,4.45331,4.45213,4.45188,4.45264
2313,4.46513,4.46686,4.46542,4.46519
2314,4.47415,4.47491,4.47427,4.4702
2315,4.48903,4.48698,4.4883,4.48418
2316,4.47036,4.46762,4.46886,4.46613
2317,4.47732,4.47747,4.47794,4.47602
2318,4.4683,4.46842,4.46825,4.46397
2319,4.47122,4.4699,4.47115,4.46517
2320,4.47133,4.47229,4.47139,4.46987
2321,4.46653,4.46633,4.46679,4.4627
2322,4.47194,4.47138,4.47137,4.46997
2323,4.45821,4.45849,4.45913,4.45391
2324,4.46859,4.46859,4.46957,4.47876
2325,4.48241,4.48093,4.48303,4.47748
2326,4.46292,4.46173,4.46267,4.46135
2327,4.45828,4.45752,4.45914,4.4508
2328,4.46324,4.46358,4.46314,4.46109
2329,4.45743,4.4571,4.45774,4.45574
2330,4.46995,4.46956,4.46976,4.46417
2331,4.46783,4.47043,4.47114,4.46172
2332,4.4656,4.46451,4.46445,4.4616
2333,4.46863,4.46925,4.46746,4.46558
2334,4.47011,4.47065,4.47074,4.46542
2335,4.48987,4.48619,4.488,4.49256
2336,4.45955,4.4599,4.46144,4.45404
2337,4.46326,4.46466,4.46354,4.46274
2338,4.45227,4.45428,4.45299,4.45915
2339,4.47415,4.47057,4.4705,4.47012
2340,4.47078,4.46921,4.47046,4.46337
2341,4.46896,4.46745,4.46807,4.46762
2342,4.46155,4.45835,4.45943,4.4641
2343,4.47156,4.47207,4.47084,4.46406
2344,4.46863,4.46521,4.46708,4.47581
2345,4.47048,4.46879,4.47097,4.47301
2346,4.46604,4.46441,4.46654,4.47083
2347,4.46059,4.46224,4.4626,4.456
2348,4.46966,4.46804,4.46984,4.46356
2349,4.46036,4.45866,4.45864,4.45474
2350,4.46758,4.46583,4.46706,4.468
2351,4.47868,4.47666,4.47727,4.48025
2352,4.46182,4.46062,4.46143,4.45912
2353,4.47337,4.4716,4.4725,4.46935
2354,4.46771,4.46735,4.46697,4.46784
2355,4.46582,4.46699,4.46625,4.46735
2356,4.46359,4.45607,4.4556,4.45499
2357,4.46658,4.46495,4.46599,4.46168
2358,4.4531,4.4562,4.45535,4.45831
2359,4.47187,4.46921,4.4711,4.46306
2360,4.46755,4.47027,4.47027,4.46802
2361,4.48649,4.48902,4.48835,4.49009
2362,4.47864,4.47911,4.47828,4.47673
2363,4.45646,4.45776,4.45713,4.45173
2364,4.47108,4.47129,4.47143,4.46863
2365,4.46104,4.46262,4.46251,4.45688
2366,4.46853,4.46791,4.46774,4.46985
2367,4.46551,4.46322,4.46487,4.46992
2368,4.46764,4.46781,4.46913,4.46475
2369,4.47059,4.47016,4.47111,4.47262
2370,4.46888,4.46758,4.4682,4.47042
2371,4.47841,4.47612,4.47653,4.47787
2372,4.47308,4.47298,4.47349,4.47483
2373,4.45962,4.45786,4.45792,4.45527
2374,4.46774,4.46741,4.46817,4.46449
2375,4.46221,4.46196,4.46292,4.4581
2376,4.46836,4.46685,4.46778,4.46834
2377,4.4626,4.4642,4.46307,4.46238
2378,4.45662,4.45738,4.45713,4.45467
2379,4.47073,4.47059,4.47078,4.47017
2380,4.45843,4.45665,4.45807,4.45596
2381,4.47687,4.47699,4.47726,4.47867
2382,4.47412,4.47203,4.4735,4.47698
2383,4.48114,4.48073,4.48326,4.47679
2384,4.46603,4.46587,4.46536,4.4622
2385,4.46741,4.46683,4.46722,4.46279
2386,4.45014,4.45161,4.45129,4.45134
2387,4.46256,4.46232,4.46387,4.46549
2388,4.4699,4.46906,4.47055,4.46968
2389,4.4647,4.46415,4.4644,4.46634
2390,4.46154,4.46091,4.46241,4.45685
2391,4.47116,4.47066,4.47086,4.46864
2392,4.46437,4.46524,4.46679,4.46712
2393,4.46571,4.46285,4.46298,4.46182
2394,4.46926,4.47027,4.46916,4.46692
2395,4.47808,4.47793,4.47843,4.47797
2396,4.47285,4.47263,4.47212,4.47276
2397,4.47069,4.47118,4.47035,4.46722
2398,4.47813,4.47843,4.47832,4.47251
2399,4.45616,4.4571,4.45686,4.45747
2400,4.46579,4.4654,4.46593,4.46394
2401,4.48139,4.48074,4.47913,4.47073
2402,4.47171,4.46909,4.46891,4.46904
2403,4.46746,4.46585,4.46741,4.46591
2404,4.46566,4.46577,4.46757,4.4735
2405,4.46015,4.46084,4.46134,4.45575
2406,4.46155,4.46354,4.4636,4.46691
2407,4.46324,4.46354,4.46472,4.46383
2408,4.45376,4.45318,4.45347,4.45828
2409,4.47237,4.47219,4.47132,4.48375
2410,4.47441,4.47626,4.47522,4.46888
2411,4.48567,4.48462,4.48549,4.48268
2412,4.46621,4.46541,4.46568,4.4704
2413,4.46593,4.46713,4.46761,4.46867
2414,4.47327,4.47407,4.47353,4.47161
2415,4.46311,4.46358,4.46325,4.46368
2416,4.4728,4.47369,4.47337,4.47043
2417,4.46167,4.46187,4.46246,4.4652
2418,4.46612,4.46531,4.46538,4.46737
2419,4.46213,4.45896,4.46068,4.45709
2420,4.45664,4.45725,4.45792,4.45822
2421,4.47534,4.47514,4.47389,4.47298
2422,4.46511,4.4659,4.46498,4.46745
2423,4.47584,4.47377,4.47558,4.47232
2424,4.46001,4.45953,4.45993,4.46393
2425,4.45912,4.46031,4.45896,4.45761
2426,4.45616,4.45636,4.45599,4.45496
2427,4.4668,4.46414,4.46554,4.46675
2428,4.47149,4.46821,4.46913,4.469
2429,4.47798,4.47571,4.4769,4.48061
2430,4.46678,4.46578,4.46691,4.46619
2431,4.47528,4.47408,4.47568,4.47447
2432,4.46979,4.47022,4.46904,4.46796
2433,4.47346,4.4736,4.47492,4.47351
2434,4.46574,4.46668,4.46634,4.46093
2435,4.46086,4.46033,4.4597,4.45616
2436,4.48963,4.48961,4.49189,4.49019
2437,4.46943,4.46534,4.46762,4.46325
2438,4.46839,4.46699,4.46789,4.4651
2439,4.46683,4.4672,4.46715,4.46436
2440,4.46237,4.4613,4.46211,4.45834
2441,4.45219,4.44996,4.45172,4.45068
2442,4.45581,4.45774,4.45775,4.45891
2443,4.4651,4.46579,4.46681,4.46653
2444,4.46428,4.46198,4.46282,4.4675
2445,4.46936,4.46965,4.47011,4.46964
2446,4.47612,4.47579,4.47805,4.47329
2447,4.45352,4.45889,4.45753,4.45318
2448,4.46557,4.46502,4.46541,4.46491
2449,4.468,4.46917,4.46883,4.47593
2450,4.47088,4.47172,4.47047,4.46994
2451,4.47711,4.47806,4.47922,4.47619
2452,4.45951,4.45865,4.46043,4.45752
2453,4.45343,4.45391,4.45533,4.45855
2454,4.46013,4.46011,4.45945,4.45918
2455,4.45583,4.45607,4.45642,4.45649
2456,4.47742,4.47655,4.47624,4.47773
2457,4.47262,4.47131,4.47098,4.47325
2458,4.46535,4.46737,4.46649,4.46407
2459,4.46504,4.46407,4.46575,4.46079
2460,4.47184,4.46923,4.47224,4.47078
2461,4.46567,4.46241,4.4629,4.46193
2462,4.47451,4.47385,4.47484,4.47402
2463,4.46339,4.46218,4.4623,4.46155
2464,4.46297,4.46103,4.46168,4.45645
2465,4.44881,4.44657,4.44703,4.45386
2466,4.46094,4.4606,4.4605,4.46208
2467,4.46136,4.46172,4.46149,4.46116
2468,4.48152,4.48078,4.48068,4.47747
2469,4.49692,4.49662,4.49721,4.49138
2470,4.46392,4.46191,4.46273,4.46474
2471,4.47426,4.47339,4.47525,4.47367
2472,4.46345,4.46442,4.46453,4.46227
2473,4.46456,4.46575,4.465,4.46468
2474,4.47106,4.47147,4.47124,4.46716
2475,4.49463,4.49498,4.49454,4.49528
2476,4.4683,4.46822,4.46871,4.46429
2477,4.46772,4.46814,4.46788,4.46456
2478,4.44621,4.44775,4.4481,4.44773
2479,4.46202,4.45968,4.45945,4.45562
2480,4.46343,4.46504,4.46375,4.46564
2481,4.45977,4.45988,4.45982,4.45897
2482,4.46176,4.46184,4.46249,4.46099
2483,4.46673,4.46628,4.46717,4.46462
2484,4.45938,4.45939,4.4607,4.45721
2485,4.47293,4.47071,4.47278,4.46883
2486,4.48296,4.48347,4.48468,4.47988
2487,4.46321,4.46287,4.46125,4.45945
2488,4.49048,4.49179,4.49133,4.48776
2489,4.46778,4.4662,4.46571,4.46463
2490,4.45954,4.46111,4.4599,4.45325
2491,4.46023,4.45879,4.45839,4.45975
2492,4.47338,4.47164,4.47242,4.47211
2493,4.46414,4.46484,4.46223,4.45772
2494,4.4835,4.479,4.48086,4.47738
2495,4.4745,4.47386,4.47351,4.48364
2496,4.45831,4.45613,4.45868,4.45325
2497,4.47954,4.47711,4.4787,4.4793
2498,4.47429,4.46758,4.46756,4.47002
2499,4.46952,4.46963,4.47019,4.47709
2500,4.46163,4.46207,4.4621,4.4632
2501,4.46484,4.46604,4.46606,4.46074
2502,4.47686,4.47497,4.47622,4.48127
2503,4.47216,4.47464,4.47394,4.46626
2504,4.47224,4.47297,4.47379,4.47437
2505,4.46872,4.46852,4.46829,4.46627
2506,4.45289,4.45201,4.45237,4.44843
2507,4.46502,4.46222,4.46387,4.45903
2508,4.46557,4.46527,4.4653,4.46283
2509,4.46752,4.46779,4.46862,4.46292
2510,4.46648,4.46359,4.46578,4.46308
2511,4.4613,4.45934,4.46125,4.45632
2512,4.48026,4.48038,4.48076,4.47741
2513,4.45795,4.45544,4.45618,4.452
2514,4.47403,4.47402,4.47438,4.47451
2515,4.4805,4.48108,4.48211,4.48298
2516,4.45264,4.45451,4.45409,4.45248
2517,4.47724,4.47527,4.47758,4.47137
2518,4.47608,4.4772,4.47794,4.47562
2519,4.47051,4.47169,4.47064,4.46896
2520,4.47475,4.47208,4.47536,4.46834
2521,4.46985,4.46879,4.46952,4.46222
2522,4.4736,4.47328,4.47374,4.47027
2523,4.45677,4.45509,4.4555,4.46179
2524,4.47335,4.47346,4.47202,4.4696
2525,4.48455,4.48306,4.48407,4.47977
2526,4.45827,4.45952,4.46023,4.46229
2527,4.46477,4.46441,4.46304,4.46055
2528,4.47021,4.4673,4.4683,4.47132
2529,4.46893,4.46879,4.46946,4.4656
2530,4.46839,4.4651,4.46657,4.45459
2531,4.4623,4.46022,4.46051,4.45879
2532,4.46516,4.46519,4.46651,4.46656
2533,4.46883,4.47058,4.47041,4.47094
2534,4.47007,4.46906,4.46897,4.46276
2535,4.4651,4.46485,4.46533,4.46717
2536,4.47648,4.47661,4.47504,4.47655
2537,4.46418,4.46547,4.46547,4.45908
2538,4.46399,4.46326,4.46374,4.46583
2539,4.46472,4.46523,4.46662,4.46559
2540,4.47216,4.47245,4.47236,4.46973
2541,4.46054,4.461,4.46206,4.4593
2542,4.46279,4.46277,4.46305,4.457
2543,4.44938,4.44898,4.45074,4.44511
2544,4.47778,4.47736,4.47659,4.48046
2545,4.46456,4.46395,4.4647,4.46241
2546,4.46141,4.46162,4.46284,4.46067
2547,4.47475,4.47129,4.47295,4.46839
2548,4.45973,4.46043,4.45997,4.45823
2549,4.45923,4.45851,4.46096,4.45603
2550,4.45814,4.45828,4.45874,4.46008
2551,4.45513,4.45542,4.45625,4.44802
2552,4.4657,4.46432,4.46502,4.46283
2553,4.45195,4.45171,4.45272,4.44607
2554,4.47022,4.47101,4.46952,4.46342
2555,4.45002,4.45154,4.45234,4.44485
2556,4.46067,4.46152,4.46125,4.45931
2557,4.4697,4.47139,4.47119,4.46664
2558,4.45546,4.45266,4.45134,4.46558
2559,4.471,4.46997,4.47138,4.46565
2560,4.48206,4.48273,4.48417,4.47775
2561,4.46845,4.46898,4.46726,4.46136
2562,4.47669,4.47599,4.47665,4.46869
2563,4.47746,4.47921,4.47986,4.47084
2564,4.46581,4.46626,4.46503,4.4635
2565,4.47416,4.47368,4.4753,4.47276
2566,4.45929,4.46019,4.46089,4.45638
2567,4.47475,4.47298,4.47517,4.47863
2568,4.46664,4.46519,4.4645,4.46644
2569,4.46944,4.46795,4.46749,4.46535
2570,4.47005,4.47029,4.47113,4.46647
2571,4.46667,4.46708,4.46589,4.46489
2572,4.46068,4.46099,4.46138,4.46327
2573,4.47219,4.47025,4.47046,4.4709
2574,4.45956,4.46008,4.45964,4.45886
2575,4.48452,4.48141,4.48307,4.48439
2576,4.45319,4.45498,4.45385,4.45282
2577,4.46907,4.46533,4.4679,4.46965
2578,4.45972,4.45762,4.45764,4.452
2579,4.46681,4.46645,4.46697,4.47955
2580,4.45449,4.45573,4.45471,4.44843
2581,4.46816,4.46632,4.46796,4.46452
2582,4.47456,4.4753,4.47478,4.46815
2583,4.44438,4.44258,4.44412,4.44796
2584,4.48258,4.48017,4.4809,4.4777
2585,4.48048,4.48243,4.4834,4.48506
2586,4.47121,4.47026,4.47195,4.46189
2587,4.46689,4.46663,4.46605,4.46864
2588,4.47256,4.47256,4.4726,4.47287
2589,4.46493,4.46421,4.46281,4.46454
2590,4.46367,4.46629,4.46649,4.46003
2591,4.46589,4.46755,4.4655,4.46166
2592,4.46747,4.46682,4.46643,4.46189
2593,4.45866,4.45644,4.45735,4.44597
2594,4.47082,4.47084,4.47052,4.47122
2595,4.47852,4.47888,4.47812,4.48619
2596,4.46395,4.46495,4.46482,4.46726
2597,4.45123,4.4509,4.45081,4.45006
2598,4.4603,4.46042,4.46064,4.45287
2599,4.4647,4.46401,4.46312,4.46983
2600,4.46504,4.46589,4.46604,4.46552
2601,4.45675,4.45698,4.45896,4.45975
2602,4.4925,4.4906,4.492,4.49103
2603,4.47067,4.47127,4.4738,4.46848
2604,4.48316,4.48189,4.48448,4.48479
2605,4.45859,4.45937,4.45834,4.45487
2606,4.45945,4.45924,4.45885,4.45434
2607,4.48526,4.48364,4.48566,4.48293
2608,4.47582,4.47531,4.4773,4.46859
2609,4.45742,4.45867,4.45838,4.45935
2610,4.4451,4.44616,4.44574,4.44573
2611,4.47348,4.47456,4.47409,4.46936
2612,4.48849,4.48918,4.48993,4.48958
2613,4.46342,4.46333,4.46412,4.45711
2614,4.46436,4.46228,4.46357,4.46228
2615,4.4543,4.45639,4.45769,4.46288
2616,4.47267,4.47188,4.47199,4.46631
2617,4.47542,4.4774,4.4781,4.48076
2618,4.48883,4.48807,4.48904,4.49375
2619,4.46763,4.46331,4.46635,4.46671
2620,4.48014,4.47872,4.47933,4.47845
2621,4.47068,4.469,4.46885,4.47574
2622,4.46794,4.46623,4.46854,4.46784
2623,4.47159,4.47196,4.47088,4.46966
2624,4.46456,4.46405,4.46433,4.46215
2625,4.44921,4.44879,4.44876,4.44755
2626,4.4624,4.46384,4.4642,4.4634
2627,4.46732,4.46668,4.46535,4.46626
2628,4.46012,4.46041,4.4616,4.46426
2629,4.47888,4.479,4.47804,4.47771
2630,4.45535,4.45638,4.45638,4.45577
2631,4.46939,4.46812,4.46834,4.46937
2632,4.47944,4.47935,4.4817,4.48224
2633,4.47932,4.47881,4.48028,4.47784
2634,4.46756,4.46775,4.46992,4.4686
2635,4.45278,4.45273,4.45442,4.45601
2636,4.47132,4.47021,4.47016,4.47044
2637,4.46443,4.46556,4.46423,4.46385
2638,4.4609,4.4611,4.45947,4.45934
2639,4.47585,4.47515,4.47519,4.47674
2640,4.46221,4.46245,4.46312,4.46229
2641,4.47219,4.47272,4.47238,4.47346
2642,4.46753,4.46564,4.4677,4.46728
2643,4.47569,4.47418,4.47344,4.47401
2644,4.46701,4.46607,4.46503,4.46434
2645,4.47418,4.47482,4.47558,4.47638
2646,4.45497,4.45497,4.45748,4.45668
2647,4.47209,4.47274,4.47296,4.47305
2648,4.47186,4.47145,4.47303,4.47292
2649,4.46207,4.46215,4.46098,4.46025
2650,4.47299,4.46898,4.47141,4.47155
2651,4.46857,4.46977,4.47172,4.46726
2652,4.46284,4.46371,4.46227,4.46416
2653,4.46137,4.46147,4.46102,4.46251
2654,4.46935,4.46996,4.47069,4.47007
2655,4.46251,4.46577,4.46592,4.46378
2656,4.45472,4.45341,4.45455,4.45273
2657,4.46432,4.46627,4.46549,4.46532
2658,4.46263,4.46183,4.46195,4.46396
2659,4.46485,4.46548,4.46539,4.46513
2660,4.46622,4.46634,4.4666,4.46665
2661,4.44637,4.44677,4.44824,4.44573
2662,4.46098,4.46208,4.4616,4.46279
2663,4.46063,4.46062,4.46132,4.46019
2664,4.4682,4.46934,4.46849,4.46783
2665,4.47433,4.47284,4.47403,4.47166
2666,4.47033,4.47042,4.47051,4.46624
2667,4.45347,4.45123,4.45257,4.45155
2668,4.4647,4.46555,4.46484,4.4614
2669,4.46206,4.46119,4.46213,4.46257
2670,4.46333,4.46397,4.46366,4.46264
2671,4.46453,4.46334,4.46409,4.46108
2672,4.46342,4.4639,4.46413,4.46245
2673,4.4777,4.47479,4.47531,4.47411
2674,4.47235,4.47098,4.47179,4.46926
2675,4.47091,4.47105,4.47033,4.46966
2676,4.46533,4.46853,4.46837,4.46827
2677,4.4725,4.47196,4.47199,4.47313
2678,4.4745,4.4751,4.4742,4.47347
2679,4.48087,4.47899,4.47997,4.4809
2680,4.46864,4.4704,4.47094,4.4705
2681,4.46049,4.46238,4.46136,4.46001
2682,4.4712,4.47154,4.47122,4.47035
2683,4.47211,4.47243,4.47268,4.47252
2684,4.46772,4.46756,4.46834,4.46843
2685,4.48692,4.48457,4.48573,4.48414
2686,4.47268,4.47146,4.47131,4.47268
2687,4.46001,4.46121,4.46331,4.46121
2688,4.46516,4.46562,4.4654,4.4658
2689,4.47132,4.4735,4.47468,4.47157
2690,4.46479,4.46386,4.46526,4.46472
2691,4.46801,4.46961,4.46901,4.46987
2692,4.46848,4.46646,4.46675,4.46726
2693,4.46465,4.46435,4.46516,4.46602
2694,4.46052,4.46193,4.45983,4.46385
2695,4.46613,4.46497,4.46509,4.4648
2696,4.46291,4.46304,4.46302,4.46245
2697,4.46882,4.46807,4.46872,4.46637
2698,4.4681,4.46683,4.46659,4.46399
2699,4.45973,4.45891,4.45997,4.46161
2700,4.47059,4.4694,4.47019,4.46962
2701,4.47252,4.47283,4.47278,4.4719
2702,4.46591,4.46426,4.46457,4.46396
2703,4.47528,4.47543,4.47547,4.47284
2704,4.46016,4.4588,4.46021,4.45752
2705,4.47452,4.47517,4.4737,4.47237
2706,4.45641,4.45784,4.45648,4.45481
2707,4.46425,4.4646,4.46421,4.46638
2708,4.46751,4.46645,4.46783,4.46904
2709,4.46728,4.46735,4.46781,4.46981
2710,4.46183,4.46095,4.46241,4.46426
2711,4.46039,4.46123,4.46041,4.46237
2712,4.47412,4.47388,4.47315,4.47747
2713,4.47788,4.48051,4.47864,4.4781
2714,4.47449,4.47261,4.47469,4.47414
2715,4.47714,4.47504,4.47656,4.4748
2716,4.46796,4.46712,4.46691,4.4659
2717,4.4702,4.46916,4.46978,4.46667
2718,4.468,4.46726,4.46843,4.46963
2719,4.45802,4.45848,4.45916,4.4578
2720,4.46759,4.46547,4.46705,4.46721
2721,4.47414,4.47364,4.47419,4.47202
2722,4.47618,4.47668,4.4772,4.47639
2723,4.4754,4.4748,4.47608,4.47584
2724,4.46847,4.46821,4.46821,4.46441
2725,4.46028,4.45935,4.46001,4.45869
2726,4.46142,4.46193,4.46279,4.46439
2727,4.46611,4.46674,4.46638,4.46336
2728,4.46504,4.46509,4.46629,4.46533
2729,4.46196,4.46006,4.46064,4.45931
2730,4.45936,4.45991,4.46027,4.45948
2731,4.47005,4.46944,4.47138,4.46849
2732,4.46889,4.47107,4.47119,4.46755
2733,4.4707,4.4709,4.47043,4.4701
2734,4.4651,4.46496,4.46388,4.45987
2735,4.46748,4.46545,4.46544,4.46744
2736,4.46776,4.46721,4.46714,4.46868
2737,4.45801,4.45814,4.45775,4.45796
2738,4.47001,4.47001,4.46894,4.4711
2739,4.46208,4.46229,4.46114,4.48653
2740,4.47275,4.47381,4.47497,4.51625
2741,4.4718,4.47419,4.47341,4.52475
2742,4.46437,4.46355,4.46489,4.51729
2743,4.46161,4.46159,4.45941,4.48442
2744,4.46432,4.46577,4.46499,4.4692
2745,4.47692,4.47675,4.47683,4.47394
2746,4.46436,4.46385,4.46592,4.47814
2747,4.4747,4.47421,4.47359,4.48053
2748,4.46576,4.46363,4.46484,4.47474
2749,4.45484,4.45618,4.45491,4.45641
2750,4.45255,4.45357,4.45396,4.46278
2751,4.46245,4.46199,4.46166,4.46898
2752,4.46634,4.46568,4.46678,4.46754
2753,4.4641,4.46665,4.46503,4.46954
2754,4.46603,4.46782,4.46754,4.46845
2755,4.48064,4.4816,4.48076,4.48205
2756,4.47282,4.47134,4.47235,4.47452
2757,4.47185,4.47383,4.47397,4.48244
2758,4.45557,4.45588,4.45549,4.45568
2759,4.46297,4.46274,4.46363,4.46478
2760,4.46656,4.46657,4.46598,4.46459
2761,4.46322,4.46298,4.46414,4.4646
2762,4.47125,4.47101,4.4704,4.4694
2763,4.46168,4.46147,4.46216,4.46377
2764,4.46601,4.46586,4.46555,4.46501
2765,4.47447,4.47185,4.47326,4.4738
2766,4.46663,4.46647,4.46681,4.46497
2767,4.47515,4.47436,4.4743,4.47517
2768,4.46075,4.46182,4.46048,4.46299
2769,4.46377,4.46414,4.464,4.46522
2770,4.46409,4.46306,4.4627,4.46394
2771,4.4635,4.46424,4.46438,4.46489
2772,4.47507,4.47525,4.47645,4.47876
2773,4.46565,4.46434,4.46441,4.46552
2774,4.46284,4.46405,4.4647,4.46155
2775,4.45936,4.4572,4.45857,4.4574
2776,4.4636,4.46135,4.46192,4.46407
2777,4.45638,4.45452,4.4567,4.45728
2778,4.47422,4.47178,4.47311,4.47192
2779,4.45938,4.46083,4.45904,4.45956
2780,4.46436,4.46493,4.46631,4.46512
2781,4.46444,4.46413,4.46608,4.46424
2782,4.46873,4.46732,4.46926,4.46701
2783,4.4749,4.47189,4.47316,4.47274
2784,4.45878,4.45996,4.46105,4.45707
2785,4.46202,4.46322,4.46289,4.46072
2786,4.46266,4.46216,4.46373,4.46189
2787,4.46846,4.46923,4.46978,4.46814
2788,4.4621,4.46183,4.46233,4.46127
2789,4.47092,4.46709,4.46905,4.46455
2790,4.46248,4.4604,4.46217,4.45857
2791,4.45807,4.45945,4.45926,4.46197
2792,4.46846,4.46979,4.46779,4.46539
2793,4.47917,4.47898,4.47776,4.4784
2794,4.47268,4.47151,4.47233,4.47037
2795,4.46889,4.46717,4.46857,4.46794
2796,4.46676,4.46615,4.46618,4.46589
2797,4.45364,4.45407,4.45318,4.45014
2798,4.45932,4.45842,4.45833,4.46298
2799,4.45828,4.46006,4.45753,4.4566
2800,4.46382,4.46249,4.46305,4.46091
2801,4.48715,4.48757,4.48564,4.48703
2802,4.47441,4.47354,4.47526,4.47443
2803,4.4757,4.47529,4.47531,4.47361
2804,4.44251,4.44453,4.44319,4.44049
2805,4.47603,4.47548,4.47603,4.47453
2806,4.45964,4.45727,4.45837,4.45853
2807,4.45053,4.45039,4.44919,4.45186
2808,4.46639,4.46724,4.46781,4.48539
2809,4.47187,4.47131,4.47114,4.46839
2810,4.47419,4.47316,4.47298,4.47141
2811,4.46763,4.469,4.46746,4.46765
2812,4.46675,4.46465,4.46524,4.47234
2813,4.46374,4.46361,4.46415,4.46962
2814,4.44656,4.44589,4.44564,4.44861
2815,4.46162,4.46074,4.46166,4.46239
2816,4.45319,4.45359,4.45442,4.45506
2817,4.46487,4.46416,4.46495,4.46212
2818,4.46347,4.46424,4.46561,4.46555
2819,4.4845,4.48228,4.4835,4.48071
2820,4.46813,4.46885,4.47028,4.46758
2821,4.47035,4.46966,4.47107,4.4699
2822,4.475,4.47599,4.47489,4.47413
2823,4.44825,4.44915,4.45103,4.45505
2824,4.46707,4.46911,4.46891,4.46807
2825,4.47713,4.47791,4.48048,4.47906
2826,4.4606,4.4619,4.46114,4.45968
2827,4.47031,4.46835,4.46966,4.46839
2828,4.45628,4.45698,4.45714,4.45383
2829,4.45984,4.46076,4.46116,4.46227
2830,4.46374,4.46469,4.46423,4.46148
2831,4.47909,4.47948,4.48116,4.47753
2832,4.46292,4.46236,4.46377,4.46367
2833,4.45693,4.45658,4.45747,4.45379
2834,4.4634,4.46468,4.46478,4.46202
2835,4.46479,4.46504,4.46543,4.46816
2836,4.47088,4.46956,4.4698,4.46609
2837,4.47737,4.47607,4.47745,4.47758
2838,4.47733,4.47501,4.47631,4.47329
2839,4.46292,4.46343,4.46379,4.46274
2840,4.46285,4.46231,4.4623,4.46168
2841,4.4645,4.46286,4.46487,4.46153
2842,4.4611,4.46145,4.46111,4.4632
2843,4.46627,4.46507,4.46573,4.46772
2844,4.48001,4.47957,4.48097,4.48231
2845,4.45791,4.45772,4.45708,4.45627
2846,4.47574,4.47301,4.47307,4.47082
2847,4.48088,4.48273,4.48223,4.47943
2848,4.47249,4.47352,4.47378,4.47246
2849,4.46063,4.46178,4.46147,4.4597
2850,4.47666,4.47588,4.47623,4.47756
2851,4.46811,4.46727,4.46849,4.46278
2852,4.45999,4.46124,4.46073,4.45874
2853,4.46118,4.46174,4.46097,4.46021
2854,4.47568,4.4736,4.47487,4.47771
2855,4.47169,4.46845,4.46996,4.46764
2856,4.47554,4.47441,4.4753,4.47302
2857,4.46769,4.46754,4.46779,4.4677
2858,4.45073,4.4527,4.45211,4.4502
2859,4.46809,4.46769,4.46926,4.46886
2860,4.47716,4.47597,4.47633,4.48016
2861,4.47301,4.47279,4.4731,4.47171
2862,4.47211,4.47245,4.47348,4.46992
2863,4.47462,4.47413,4.47441,4.4702
2864,4.47227,4.4728,4.47313,4.47738
2865,4.4746,4.47425,4.4744,4.4735
2866,4.46903,4.46594,4.46978,4.46408
2867,4.46581,4.46565,4.46601,4.46774
2868,4.46402,4.46464,4.46488,4.46716
2869,4.47547,4.47686,4.47546,4.47357
2870,4.4719,4.47056,4.47194,4.47334
2871,4.46263,4.46118,4.46142,4.46564
2872,4.46756,4.4661,4.46633,4.46455
2873,4.46474,4.4654,4.46623,4.46758
2874,4.46615,4.46781,4.46558,4.46863
2875,4.4664,4.46537,4.46688,4.4667
2876,4.46081,4.46216,4.45953,4.45631
2877,4.4645,4.46576,4.46485,4.46616
2878,4.45619,4.45912,4.45728,4.45252
2879,4.46372,4.46214,4.46301,4.46604
2880,4.45826,4.45842,4.45874,4.46077
2881,4.47262,4.47054,4.47208,4.47147
2882,4.46854,4.46992,4.4682,4.46984
2883,4.46194,4.45962,4.46031,4.45912
2884,4.4563,4.45588,4.45507,4.4569
2885,4.4636,4.46363,4.46305,4.45927
2886,4.4766,4.4754,4.47716,4.47316
2887,4.45766,4.45756,4.4577,4.45971
2888,4.47068,4.47025,4.47062,4.46744
2889,4.46321,4.46268,4.46412,4.46308
2890,4.46441,4.46576,4.46469,4.46298
2891,4.46378,4.46303,4.46473,4.4598
2892,4.46282,4.46466,4.46338,4.46027
2893,4.45816,4.45859,4.45934,4.46187
2894,4.4779,4.4761,4.47785,4.47
2895,4.48489,4.48213,4.48303,4.4779
2896,4.47269,4.4734,4.47151,4.46886
2897,4.47081,4.47275,4.47319,4.47524
2898,4.46242,4.46239,4.46109,4.4551
2899,4.46264,4.46151,4.46204,4.4598
2900,4.47363,4.47348,4.47355,4.49617
2901,4.4633,4.46394,4.46421,4.46388
2902,4.46658,4.46815,4.47026,4.47314
2903,4.46419,4.46452,4.46523,4.46247
2904,4.46722,4.46602,4.46765,4.4665
2905,4.47368,4.47621,4.4755,4.47443
2906,4.4759,4.47453,4.47709,4.47371
2907,4.46504,4.46571,4.46589,4.46119
2908,4.46015,4.46093,4.45998,4.46438
2909,4.45619,4.45601,4.45638,4.45689
2910,4.47695,4.47556,4.47409,4.46872
2911,4.4776,4.47549,4.4759,4.4745
2912,4.47011,4.471,4.47065,4.47192
2913,4.46054,4.46179,4.4599,4.45808
2914,4.4722,4.47223,4.47101,4.47051
2915,4.46037,4.46022,4.46264,4.46272
2916,4.46181,4.46194,4.46075,4.45893
2917,4.46327,4.46301,4.46442,4.4644
2918,4.44859,4.44916,4.4499,4.44317
2919,4.46515,4.46525,4.46418,4.46688
2920,4.47972,4.47943,4.47919,4.48183
2921,4.45977,4.46077,4.46022,4.45709
2922,4.46545,4.46593,4.46402,4.4643
2923,4.48024,4.47819,4.4793,4.47986
2924,4.46636,4.46619,4.46735,4.46489
2925,4.46668,4.46868,4.46793,4.46995
2926,4.46504,4.46568,4.46462,4.46278
2927,4.45659,4.45616,4.45712,4.45639
2928,4.45793,4.45909,4.45936,4.45881
2929,4.46159,4.46222,4.46372,4.46715
2930,4.47723,4.47658,4.47597,4.47083
2931,4.4646,4.46606,4.46543,4.46355
2932,4.46795,4.46752,4.4681,4.46362
2933,4.45619,4.45727,4.45684,4.45658
2934,4.47793,4.4755,4.4769,4.47978
2935,4.47231,4.4733,4.47322,4.47689
2936,4.47704,4.47526,4.47693,4.47597
2937,4.47674,4.47677,4.47732,4.47954
2938,4.47171,4.47127,4.47088,4.47514
2939,4.46148,4.46163,4.46163,4.46488
2940,4.46058,4.45763,4.45849,4.45782
2941,4.4775,4.4774,4.47774,4.48012
2942,4.47804,4.47662,4.47633,4.47603
2943,4.46975,4.46923,4.47109,4.46843
2944,4.47073,4.46982,4.47038,4.47086
2945,4.48094,4.47968,4.48037,4.47754
2946,4.46385,4.46488,4.4657,4.45823
2947,4.47253,4.47112,4.47269,4.46817
2948,4.46306,4.46371,4.46437,4.46263
2949,4.46624,4.46624,4.46724,4.45886
2950,4.45946,4.4613,4.45987,4.45647
2951,4.48047,4.4813,4.48061,4.47332
2952,4.47596,4.4754,4.47691,4.47086
2953,4.46268,4.46218,4.46201,4.46577
2954,4.45961,4.45939,4.46009,4.46274
2955,4.46668,4.46459,4.46493,4.46567
2956,4.46372,4.46432,4.46336,4.46237
2957,4.46182,4.46184,4.46272,4.4623
2958,4.47134,4.4697,4.47021,4.46743
2959,4.45372,4.45274,4.45229,4.44447
2960,4.46564,4.46534,4.46567,4.46021
2961,4.46685,4.46584,4.46573,4.4657
2962,4.45926,4.45969,4.45984,4.45834
2963,4.46796,4.46741,4.46684,4.46342
2964,4.48407,4.48231,4.4819,4.48394
2965,4.4651,4.4649,4.46368,4.46201
2966,4.47196,4.4694,4.46963,4.47095
2967,4.48135,4.48239,4.48099,4.4726
2968,4.47637,4.47534,4.47561,4.47143
2969,4.46492,4.46405,4.46324,4.46558
2970,4.47626,4.47676,4.47717,4.47488
2971,4.4702,4.47074,4.47145,4.47451
2972,4.47774,4.47714,4.47643,4.47389
2973,4.46659,4.46717,4.46754,4.46653
2974,4.46202,4.4614,4.46161,4.46087
2975,4.47068,4.47189,4.47372,4.47198
2976,4.46609,4.46747,4.46896,4.46665
2977,4.46172,4.46151,4.46165,4.45941
2978,4.4685,4.46597,4.46859,4.4673
2979,4.4568,4.45664,4.45736,4.45444
2980,4.47199,4.47364,4.47275,4.46869
2981,4.47264,4.47304,4.47058,4.47075
2982,4.45875,4.45831,4.45787,4.45733
2983,4.46805,4.46732,4.46872,4.4691
2984,4.47939,4.47934,4.48087,4.4773
2985,4.47463,4.47372,4.47419,4.47055
2986,4.47489,4.47432,4.47527,4.47156
2987,4.47455,4.47544,4.47344,4.47551
2988,4.48342,4.48303,4.48381,4.47414
2989,4.46836,4.4666,4.4691,4.46678
2990,4.46094,4.46142,4.46063,4.45886
2991,4.46875,4.46635,4.46655,4.46601
2992,4.45662,4.45595,4.45438,4.45342
2993,4.46595,4.46665,4.46512,4.46374
2994,4.47761,4.47799,4.47952,4.47629
2995,4.47353,4.47325,4.47418,4.47001
2996,4.45876,4.4616,4.46063,4.45574
2997,4.47266,4.47319,4.47252,4.47194
2998,4.46356,4.46331,4.46129,4.45905
2999,4.45141,4.45156,4.45103,4.4573
3000,4.47254,4.47256,4.47391,4.46791
