step,exact,kimi,srd,srd_f
1,5.56313,5.56385,5.56315,5.56315
2,5.47229,5.46959,5.4725,5.47251
3,5.33611,5.33664,5.33623,5.33623
4,5.24247,5.24688,5.24321,5.24322
5,5.13773,5.14412,5.13842,5.13843
6,5.05321,5.04826,5.05406,5.05432
7,5.03254,5.00438,5.03279,5.03315
8,5.01794,4.97403,5.01836,5.01893
9,4.93185,4.91688,4.93326,4.93336
10,4.82455,4.79725,4.82428,4.82452
11,4.83669,4.94994,4.83721,4.83746
12,4.79376,4.7843,4.79634,4.79584
13,4.73773,4.74227,4.72838,4.72777
14,4.67648,4.66811,4.67864,4.67758
15,4.71063,4.69355,4.71111,4.71146
16,4.67247,4.66614,4.67216,4.67206
17,4.69058,4.681,4.70752,4.68467
18,4.57768,4.57218,4.5796,4.58183
19,4.65337,4.62401,4.66248,4.65556
20,4.62019,4.60163,4.62378,4.6206
21,4.63057,4.60937,4.63316,4.63347
22,4.58216,4.56387,4.58258,4.58206
23,4.60287,4.57405,4.60229,4.60517
24,4.61539,4.58292,4.61538,4.61581
25,4.59534,4.56516,4.59355,4.59488
26,4.61937,4.58099,4.61911,4.61733
27,4.62168,4.58736,4.62394,4.62056
28,4.57036,4.52809,4.57028,4.56722
29,4.61034,4.54867,4.60934,4.60597
30,4.56604,4.52128,4.5684,4.62361
31,4.60263,4.56042,4.60189,4.59768
32,4.60402,4.52291,4.5786,4.57386
33,4.62258,4.52908,4.57619,4.61062
34,4.57821,4.53689,4.58004,4.58082
35,4.59746,4.5255,4.61111,4.56555
36,4.61819,4.55287,4.58969,4.58377
37,4.57697,4.53985,4.56875,4.5699
38,4.57503,4.56434,4.58537,4.59132
39,4.55887,4.52798,4.53924,4.53846
40,4.54931,4.53238,4.54698,4.53317
41,4.49734,4.48125,4.49459,4.49161
42,4.52079,4.5284,4.53005,4.52383
43,4.50891,4.50225,4.51555,4.53154
44,4.545,4.53149,4.54354,4.53965
45,4.51573,4.5134,4.52062,4.5218
46,4.51239,4.50148,4.52568,4.51411
47,4.55183,4.5474,4.55562,4.5621
48,4.49868,4.47764,4.49244,4.4891
49,4.50521,4.49768,4.5028,4.50793
50,4.53194,4.52425,4.53263,4.5338
51,4.54166,4.54132,4.54182,4.54779
52,4.56518,4.56509,4.56769,4.56325
53,4.53306,4.52977,4.5372,4.53837
54,4.55973,4.55102,4.5596,4.54808
55,4.5145,4.50822,4.51405,4.5103
56,4.49956,4.48955,4.49867,4.4906
57,4.48407,4.47973,4.51003,4.48604
58,4.50783,4.49901,4.50423,4.50496
59,4.50701,4.50141,4.5021,4.51475
60,4.54387,4.53824,4.54432,4.54156
61,4.51915,4.51584,4.52012,4.522
62,4.54051,4.54405,4.54375,4.5414
63,4.51934,4.51696,4.52452,4.53564
64,4.53489,4.52939,4.53537,4.55022
65,4.51746,4.51707,4.51786,4.51818
66,4.51297,4.51762,4.50844,4.51419
67,4.50971,4.51304,4.51374,4.51107
68,4.52456,4.52402,4.52348,4.54338
69,4.49131,4.48413,4.48455,4.49307
70,4.52801,4.51703,4.5211,4.52566
71,4.53718,4.53277,4.53105,4.5336
72,4.52905,4.51771,4.52784,4.52185
73,4.48867,4.49158,4.48546,4.48449
74,4.51897,4.51065,4.51564,4.52917
75,4.51256,4.50795,4.51548,4.51444
76,4.49897,4.49059,4.49633,4.49437
77,4.51463,4.50633,4.52004,4.51572
78,4.48456,4.48133,4.4854,4.48322
79,4.54512,4.53945,4.54693,4.54248
80,4.46877,4.46638,4.46786,4.46905
81,4.52159,4.51998,4.51705,4.51851
82,4.52379,4.5258,4.51965,4.51885
83,4.52983,4.53078,4.53289,4.52825
84,4.49032,4.48954,4.4891,4.48973
85,4.47187,4.47284,4.47236,4.47457
86,4.45993,4.45806,4.46156,4.45936
87,4.51144,4.50834,4.50955,4.51305
88,4.49007,4.48915,4.49529,4.49395
89,4.54797,4.51468,4.51902,4.52303
90,4.52705,4.53134,4.52808,4.52857
91,4.52259,4.49791,4.49866,4.50004
92,4.5271,4.54683,4.52816,4.52522
93,4.4884,4.49447,4.49178,4.49014
94,4.48798,4.48925,4.48523,4.48364
95,4.50752,4.51253,4.50457,4.50539
96,4.50237,4.50259,4.50477,4.50322
97,4.50308,4.50314,4.50062,4.50134
98,4.51398,4.50302,4.51127,4.49802
99,4.50333,4.48922,4.48459,4.48812
100,4.53793,4.53374,4.53495,4.53616
101,4.52925,4.52167,4.52199,4.52522
102,4.50804,4.50001,4.50412,4.50363
103,4.50632,4.5028,4.50307,4.50617
104,4.49648,4.49657,4.49731,4.49731
105,4.51008,4.50516,4.5059,4.50699
106,4.50305,4.5003,4.49694,4.50028
107,4.48669,4.48923,4.49529,4.48904
108,4.51359,4.50426,4.50747,4.51218
109,4.49709,4.49887,4.50669,4.50591
110,4.50566,4.50146,4.49291,4.50351
111,4.48506,4.4892,4.48686,4.49077
112,4.5012,4.47249,4.46849,4.4685
113,4.49747,4.49969,4.49636,4.49942
114,4.51479,4.51024,4.51002,4.51113
115,4.51908,4.52011,4.522,4.52193
116,4.4877,4.48479,4.48844,4.48928
117,4.49115,4.49286,4.49539,4.4925
118,4.47424,4.4749,4.47604,4.47371
119,4.56215,4.56168,4.5609,4.5633
120,4.47422,4.4725,4.47346,4.47449
121,4.50532,4.49581,4.50164,4.49627
122,4.49021,4.49214,4.49328,4.49877
123,4.48774,4.48546,4.48865,4.48473
124,4.49917,4.49871,4.52026,4.49954
125,4.49768,4.49689,4.49432,4.49233
126,4.50457,4.50468,4.50465,4.50404
127,4.50176,4.49772,4.49856,4.49888
128,4.5284,4.50937,4.51127,4.51271
129,4.50363,4.49996,4.50129,4.50117
130,4.45621,4.45699,4.45374,4.45294
131,4.51593,4.51653,4.5145,4.51605
132,4.49852,4.49606,4.49992,4.49995
133,4.46306,4.46611,4.46484,4.4673
134,4.49434,4.49861,4.49488,4.49826
135,4.51993,4.52123,4.52143,4.52322
136,4.5103,4.50863,4.51024,4.50894
137,4.4972,4.49886,4.49558,4.49788
138,4.49235,4.49361,4.49456,4.49153
139,4.47553,4.47388,4.47736,4.48023
140,4.45502,4.45431,4.45504,4.45717
141,4.48281,4.4848,4.48451,4.48228
142,4.49211,4.492,4.49288,4.49269
143,4.50698,4.50429,4.50342,4.50903
144,4.49658,4.49589,4.49482,4.49558
145,4.49787,4.49688,4.49679,4.49858
146,4.51297,4.50996,4.50999,4.51082
147,4.5126,4.51109,4.51058,4.51027
148,4.51445,4.51286,4.51394,4.51357
149,4.50627,4.5027,4.50537,4.50353
150,4.49981,4.49924,4.50123,4.49856
151,4.49116,4.48392,4.48811,4.48818
152,4.48005,4.47449,4.47799,4.4773
153,4.50938,4.50738,4.50472,4.50303
154,4.49723,4.49772,4.49647,4.49929
155,4.51488,4.51695,4.51752,4.51607
156,4.5102,4.50925,4.51086,4.50784
157,4.46118,4.46242,4.45984,4.46183
158,4.50018,4.50287,4.50148,4.50012
159,4.50851,4.51009,4.51167,4.50983
160,4.49855,4.49757,4.49723,4.49815
161,4.49133,4.48513,4.48796,4.48902
162,4.5076,4.50841,4.50747,4.50693
163,4.47934,4.47628,4.48035,4.47908
164,4.4828,4.47898,4.47983,4.47908
165,4.51044,4.51026,4.51053,4.51239
166,4.47776,4.48061,4.48189,4.47913
167,4.49272,4.4907,4.48948,4.4911
168,4.48275,4.48371,4.48493,4.48358
169,4.52621,4.51815,4.52155,4.52466
170,4.5077,4.50505,4.50697,4.50856
171,4.49018,4.49154,4.48834,4.49084
172,4.50732,4.5049,4.50369,4.50577
173,4.50156,4.49977,4.49922,4.50093
174,4.48432,4.48253,4.48167,4.47961
175,4.48883,4.48907,4.48919,4.48923
176,4.49368,4.49337,4.49273,4.492
177,4.46295,4.46065,4.46274,4.46276
178,4.48441,4.48247,4.48434,4.4832
179,4.47837,4.47703,4.47478,4.47797
180,4.49328,4.49354,4.49477,4.49183
181,4.48563,4.4825,4.47981,4.47977
182,4.50845,4.50888,4.50818,4.50775
183,4.49891,4.49784,4.4977,4.49715
184,4.45846,4.45769,4.45784,4.45794
185,4.51744,4.51931,4.5207,4.51751
186,4.49922,4.49865,4.49737,4.49786
187,4.5058,4.5045,4.50354,4.50459
188,4.47682,4.47822,4.4785,4.47647
189,4.50836,4.50708,4.50663,4.50424
190,4.51369,4.51305,4.51505,4.51207
191,4.47786,4.47264,4.47506,4.47723
192,4.47703,4.47334,4.47528,4.47505
193,4.52666,4.52881,4.52846,4.52836
194,4.49283,4.49204,4.49597,4.49462
195,4.47744,4.48188,4.48214,4.47944
196,4.48749,4.4894,4.48807,4.48736
197,4.4802,4.47812,4.48049,4.47847
198,4.50502,4.50009,4.50037,4.50051
199,4.5165,4.51685,4.51754,4.51845
200,4.47882,4.47423,4.47392,4.47257
201,4.49671,4.50031,4.49982,4.49928
202,4.48392,4.46466,4.46556,4.46717
203,4.49489,4.49396,4.49264,4.49268
204,4.50775,4.50952,4.50999,4.50905
205,4.50893,4.50662,4.50501,4.50453
206,4.52486,4.52485,4.52841,4.52786
207,4.47127,4.47148,4.47384,4.47442
208,4.48183,4.48622,4.48656,4.48528
209,4.49698,4.49595,4.49587,4.49571
210,4.50727,4.50831,4.51113,4.51093
211,4.48742,4.48291,4.48597,4.48663
212,4.4618,4.46337,4.46244,4.46264
213,4.4745,4.47461,4.4758,4.47784
214,4.46707,4.46755,4.46444,4.46548
215,4.5031,4.50023,4.50138,4.50019
216,4.48531,4.48733,4.4846,4.48454
217,4.48486,4.48359,4.48459,4.48325
218,4.47285,4.471,4.47003,4.47118
219,4.48886,4.48788,4.4881,4.48787
220,4.50228,4.50204,4.50153,4.49948
221,4.47314,4.47197,4.47118,4.47245
222,4.48438,4.4856,4.48688,4.48434
223,4.503,4.49879,4.49967,4.49922
224,4.47209,4.47282,4.47316,4.47142
225,4.47864,4.47611,4.47697,4.47725
226,4.498,4.49948,4.4998,4.4995
227,4.47458,4.47096,4.47317,4.47227
228,4.52303,4.52142,4.52246,4.52175
229,4.50336,4.5021,4.5005,4.50183
230,4.50005,4.50206,4.50182,4.5004
231,4.48094,4.47718,4.47722,4.47715
232,4.48584,4.48698,4.48557,4.48526
233,4.49472,4.49499,4.49254,4.49273
234,4.47405,4.47302,4.47362,4.47283
235,4.48825,4.48725,4.4879,4.48735
236,4.49216,4.48859,4.48898,4.49076
237,4.47399,4.47189,4.47307,4.47415
238,4.47107,4.47022,4.46898,4.47003
239,4.49987,4.48548,4.48503,4.48431
240,4.48038,4.47893,4.47832,4.48029
241,4.49865,4.49834,4.50012,4.50029
242,4.46453,4.46409,4.46374,4.46402
243,4.48586,4.48232,4.48419,4.48298
244,4.48598,4.48308,4.48393,4.48361
245,4.48939,4.48871,4.48884,4.48943
246,4.47666,4.47724,4.47772,4.49864
247,4.50603,4.50563,4.50515,4.50413
248,4.49266,4.48986,4.48981,4.49011
249,4.47829,4.47733,4.47758,4.47652
250,4.49033,4.48774,4.48919,4.49003
251,4.49243,4.49233,4.49237,4.4917
252,4.48696,4.48683,4.4875,4.48676
253,4.48364,4.48279,4.48363,4.49741
254,4.51242,4.50957,4.51258,4.51247
255,4.47132,4.47298,4.47259,4.47235
256,4.50751,4.50761,4.50796,4.50606
257,4.48734,4.4874,4.4878,4.48621
258,4.48478,4.48395,4.48401,4.48325
259,4.49638,4.49837,4.49715,4.49638
260,4.49983,4.49792,4.49907,4.49951
261,4.48517,4.48361,4.4835,4.4839
262,4.46726,4.46766,4.46779,4.46866
263,4.50194,4.50459,4.50242,4.50401
264,4.47265,4.47308,4.47621,4.48112
265,4.48793,4.4868,4.48689,4.48884
266,4.47048,4.47124,4.46832,4.50589
267,4.49509,4.495,4.49632,4.49442
268,4.47859,4.47947,4.48002,4.47899
269,4.49631,4.49876,4.49691,4.49829
270,4.48585,4.48536,4.48547,4.48657
271,4.49817,4.49892,4.49845,4.49734
272,4.4909,4.49166,4.49094,4.49068
273,4.48677,4.48855,4.48839,4.49327
274,4.49729,4.49675,4.4974,4.57484
275,4.48745,4.48809,4.48791,4.57639
276,4.52023,4.50041,4.50136,4.51714
277,4.49318,4.4911,4.49234,4.50644
278,4.49978,4.49794,4.49851,4.50119
279,4.46629,4.46243,4.46678,4.46929
280,4.51391,4.50758,4.51036,4.50937
281,4.47515,4.47575,4.47411,4.50495
282,4.49236,4.48733,4.48964,4.52741
283,4.45513,4.4574,4.45572,4.45904
284,4.47583,4.47338,4.47415,4.48183
285,4.46801,4.4699,4.46912,4.47826
286,4.48433,4.4818,4.48263,4.48066
287,4.48542,4.48338,4.48591,4.49532
288,4.49078,4.48997,4.48972,4.48966
289,4.47716,4.47498,4.47565,4.47637
290,4.46372,4.46723,4.46543,4.4714
291,4.47843,4.46189,4.4621,4.48637
292,4.48191,4.47973,4.48026,4.48302
293,4.52527,4.52997,4.52795,4.52872
294,4.4752,4.47445,4.47393,4.48025
295,4.45935,4.46064,4.45879,4.45653
296,4.47595,4.47516,4.47513,4.48124
297,4.48789,4.48957,4.48876,4.49361
298,4.49721,4.49675,4.49787,4.49917
299,4.48712,4.48869,4.48857,4.49647
300,4.49331,4.49843,4.49757,4.50131
301,4.5039,4.50339,4.50395,4.51384
302,4.47654,4.47457,4.47509,4.47881
303,4.5056,4.50578,4.50482,4.50988
304,4.48873,4.49002,4.48961,4.48882
305,4.51065,4.48911,4.4873,4.49012
306,4.49025,4.49089,4.48986,4.4901
307,4.5087,4.48287,4.48077,4.48073
308,4.47958,4.47953,4.479,4.48347
309,4.51786,4.49318,4.4909,4.49281
310,4.49301,4.47147,4.47137,4.49598
311,4.52408,4.51173,4.51061,4.51347
312,4.48742,4.48336,4.48295,4.49038
313,4.49478,4.48724,4.487,4.48627
314,4.48606,4.4812,4.48162,4.4835
315,4.50434,4.49779,4.49914,4.5104
316,4.48644,4.47654,4.47713,4.47275
317,4.49194,4.48575,4.48577,4.48656
318,4.47455,4.4691,4.46993,4.48978
319,4.47922,4.47583,4.47839,4.49239
320,4.48532,4.48472,4.48533,4.52427
321,4.49146,4.48554,4.4879,4.49823
322,4.48703,4.48669,4.48798,4.49143
323,4.49346,4.49348,4.49265,4.50007
324,4.48579,4.48376,4.48402,4.48643
325,4.47151,4.46316,4.46492,4.52228
326,4.4809,4.48261,4.47937,4.48098
327,4.48336,4.48064,4.48201,4.48271
328,4.48929,4.49094,4.49131,4.49652
329,4.47117,4.47252,4.47057,4.4866
330,4.49564,4.50087,4.49917,4.52999
331,4.49556,4.49918,4.50022,4.52205
332,4.47519,4.47871,4.47793,4.49906
333,4.47071,4.46834,4.46883,4.4712
334,4.44905,4.44818,4.44775,4.44934
335,4.48002,4.47811,4.47923,4.48034
336,4.46798,4.4698,4.46921,4.47275
337,4.51347,4.51713,4.51289,4.51237
338,4.48152,4.48374,4.48273,4.48037
339,4.48786,4.48694,4.48709,4.48982
340,4.47603,4.4754,4.47629,4.47453
341,4.49334,4.48408,4.48466,4.48221
342,4.48463,4.4856,4.48637,4.48917
343,4.48078,4.4743,4.47389,4.47901
344,4.5131,4.49739,4.49732,4.49921
345,4.4724,4.47138,4.47073,4.47922
346,4.48976,4.49496,4.49425,4.51866
347,4.46815,4.46618,4.46578,4.47188
348,4.46591,4.46844,4.46786,4.47117
349,4.48446,4.47863,4.47867,4.47856
350,4.48871,4.4848,4.48615,4.50938
351,4.47696,4.47472,4.47376,4.4985
352,4.48745,4.48228,4.48333,4.4997
353,4.47251,4.47487,4.473,4.47547
354,4.45615,4.45956,4.46014,4.46327
355,4.46206,4.46107,4.46139,4.48264
356,4.51354,4.50988,4.51128,4.51442
357,4.50097,4.49713,4.497,4.49911
358,4.50384,4.50166,4.50264,4.49991
359,4.48637,4.48305,4.48391,4.5046
360,4.492,4.48916,4.49012,4.49053
361,4.47455,4.47376,4.47446,4.47686
362,4.4758,4.47654,4.47818,4.47831
363,4.47485,4.47234,4.47258,4.47529
364,4.48128,4.481,4.48188,4.4863
365,4.48222,4.48418,4.48392,4.49009
366,4.46916,4.47019,4.47018,4.4689
367,4.46891,4.46765,4.46938,4.46952
368,4.49615,4.49812,4.49593,4.49915
369,4.47653,4.47482,4.47485,4.47592
370,4.4965,4.49616,4.49603,4.49597
371,4.46951,4.46826,4.46954,4.46905
372,4.47426,4.47599,4.47425,4.47718
373,4.48197,4.48421,4.48382,4.48185
374,4.4899,4.49128,4.4908,4.49265
375,4.4781,4.48267,4.48111,4.48507
376,4.47549,4.4749,4.47434,4.48097
377,4.48786,4.4892,4.48884,4.48979
378,4.48262,4.48023,4.48123,4.48057
379,4.44946,4.4474,4.44822,4.44714
380,4.48686,4.48602,4.48683,4.48381
381,4.46843,4.46978,4.46864,4.47039
382,4.46786,4.47063,4.47067,4.47245
383,4.49063,4.48861,4.48946,4.49133
384,4.49364,4.49473,4.49452,4.49706
385,4.48158,4.48208,4.48166,4.48522
386,4.49189,4.48953,4.48835,4.489
387,4.46229,4.46225,4.46325,4.4891
388,4.46154,4.46429,4.46504,4.46638
389,4.48878,4.48658,4.48661,4.49156
390,4.48458,4.48309,4.48505,4.4847
391,4.49613,4.49471,4.49448,4.49459
392,4.46727,4.46577,4.46689,4.4653
393,4.49359,4.49273,4.49386,4.49024
394,4.46527,4.46418,4.46567,4.46428
395,4.45627,4.45383,4.45357,4.4535
396,4.48253,4.48024,4.47973,4.48203
397,4.51217,4.51197,4.51181,4.51001
398,4.47201,4.47393,4.47505,4.47315
399,4.48009,4.47785,4.4776,4.48035
400,4.49155,4.49084,4.48958,4.4896
401,4.4641,4.46516,4.46756,4.46503
402,4.47967,4.47831,4.47861,4.48001
403,4.49066,4.49039,4.48978,4.48939
404,4.46192,4.46173,4.46258,4.46075
405,4.47849,4.47592,4.4778,4.47565
406,4.47087,4.45641,4.45745,4.4575
407,4.46468,4.46212,4.4609,4.45952
408,4.53139,4.5311,4.52892,4.53307
409,4.46811,4.47058,4.46944,4.46766
410,4.49229,4.4933,4.49291,4.49108
411,4.4803,4.48211,4.48263,4.4845
412,4.46222,4.464,4.46347,4.46325
413,4.47713,4.47885,4.47715,4.48406
414,4.47304,4.47204,4.47215,4.47263
415,4.47028,4.47003,4.47108,4.47252
416,4.50573,4.50727,4.5066,4.50991
417,4.46978,4.47217,4.47234,4.4716
418,4.46602,4.46898,4.46845,4.4697
419,4.46178,4.46327,4.46138,4.46431
420,4.47068,4.47073,4.46948,4.47128
421,4.49313,4.49178,4.49116,4.4887
422,4.47594,4.47247,4.47191,4.47365
423,4.48024,4.47797,4.47952,4.47794
424,4.50802,4.50549,4.50732,4.50755
425,4.47578,4.47325,4.47383,4.47554
426,4.47807,4.47806,4.47876,4.47955
427,4.50318,4.50083,4.5002,4.50338
428,4.47935,4.47832,4.47962,4.48091
429,4.49035,4.48992,4.4891,4.49023
430,4.45582,4.45787,4.45808,4.45983
431,4.49241,4.49136,4.49105,4.49088
432,4.51656,4.50013,4.50019,4.49959
433,4.4624,4.46474,4.46496,4.46481
434,4.48104,4.47927,4.48095,4.48383
435,4.46209,4.45855,4.45957,4.46212
436,4.4696,4.47115,4.47044,4.47032
437,4.49952,4.49806,4.49948,4.49921
438,4.4901,4.49072,4.49146,4.48938
439,4.48343,4.48316,4.48146,4.48421
440,4.4792,4.48016,4.47986,4.4799
441,4.51857,4.49809,4.49784,4.49621
442,4.46458,4.46421,4.46462,4.46405
443,4.49131,4.49033,4.4902,4.49267
444,4.48267,4.48386,4.48256,4.48251
445,4.50058,4.48149,4.48126,4.48246
446,4.49378,4.47039,4.46982,4.4733
447,4.46519,4.46326,4.46407,4.4635
448,4.47183,4.46774,4.46845,4.46833
449,4.49838,4.49687,4.4977,4.49749
450,4.48387,4.48244,4.48207,4.48281
451,4.47424,4.4469,4.44931,4.45049
452,4.4644,4.4607,4.4642,4.46015
453,4.48314,4.46749,4.46703,4.46977
454,4.46342,4.46178,4.46032,4.46288
455,4.51277,4.49782,4.49762,4.49784
456,4.48302,4.4859,4.48504,4.48586
457,4.4692,4.45601,4.45609,4.45711
458,4.50283,4.45707,4.45601,4.45751
459,4.51546,4.49886,4.49907,4.49784
460,4.50569,4.49236,4.4926,4.49325
461,4.49728,4.50014,4.4973,4.50043
462,4.49805,4.49477,4.49427,4.49405
463,4.49173,4.48483,4.48616,4.48296
464,4.47193,4.46992,4.46817,4.49319
465,4.47112,4.46936,4.46932,4.46823
466,4.48575,4.4834,4.48385,4.48496
467,4.49438,4.49289,4.49307,4.49353
468,4.47604,4.47429,4.47359,4.47658
469,4.48739,4.48771,4.48563,4.48904
470,4.48424,4.48493,4.4832,4.48427
471,4.47811,4.46506,4.46494,4.46565
472,4.48765,4.48499,4.48719,4.48506
473,4.48057,4.48076,4.48169,4.48287
474,4.47726,4.47868,4.47836,4.47679
475,4.4753,4.47399,4.47438,4.47148
476,4.47423,4.47502,4.47677,4.4761
477,4.46835,4.46392,4.46539,4.4655
478,4.47124,4.47349,4.46997,4.47177
479,4.48221,4.47815,4.47753,4.47937
480,4.48471,4.48346,4.48285,4.4833
481,4.50557,4.50674,4.50568,4.50614
482,4.5346,4.51784,4.55057,4.51625
483,4.48005,4.47971,4.47855,4.48016
484,4.47257,4.47228,4.47419,4.4743
485,4.486,4.48652,4.48892,4.48667
486,4.4698,4.47104,4.51378,4.47138
487,4.4813,4.48032,4.48554,4.48497
488,4.46523,4.4651,4.47359,4.46452
489,4.47815,4.47472,4.4869,4.4768
490,4.47883,4.47609,4.47807,4.47644
491,4.48802,4.48738,4.51704,4.48715
492,4.48232,4.48102,4.5018,4.47976
493,4.48477,4.4831,4.56785,4.48429
494,4.48603,4.48262,4.54288,4.483
495,4.47818,4.47749,4.48329,4.47844
496,4.48447,4.48531,4.51865,4.48499
497,4.49007,4.48728,4.63259,4.48893
498,4.47602,4.47519,4.51459,4.4765
499,4.49402,4.49497,4.52335,4.49589
500,4.46788,4.46466,4.47092,4.4674
501,4.46895,4.46675,4.47491,4.47055
502,4.4731,4.47671,4.4858,4.47829
503,4.4739,4.47346,4.49947,4.47569
504,4.47845,4.4794,4.50456,4.48068
505,4.47407,4.47433,4.47379,4.47454
506,4.46273,4.46162,4.47798,4.46259
507,4.47811,4.47719,4.48305,4.47654
508,4.48342,4.48413,4.48593,4.48286
509,4.46641,4.46354,4.46839,4.46431
510,4.47755,4.47571,4.48233,4.47548
511,4.47481,4.47304,4.50426,4.47396
512,4.47457,4.4782,4.47897,4.47725
513,4.48634,4.48812,4.49042,4.48761
514,4.48642,4.48433,4.48638,4.48455
515,4.47079,4.46421,4.46769,4.46646
516,4.50795,4.49064,4.49078,4.49061
517,4.48058,4.47607,4.47768,4.47812
518,4.48558,4.48614,4.48985,4.48528
519,4.46042,4.46265,4.46826,4.46117
520,4.45333,4.45476,4.46504,4.45525
521,4.4966,4.49301,4.48202,4.49259
522,4.47529,4.474,4.47387,4.47488
523,4.4991,4.49718,4.49615,4.4978
524,4.46727,4.46723,4.47516,4.46836
525,4.48377,4.48039,4.48182,4.48044
526,4.49862,4.4998,4.50175,4.50086
527,4.4847,4.48625,4.49234,4.48458
528,4.49493,4.4675,4.48169,4.46854
529,4.47427,4.47696,4.47461,4.49696
530,4.49281,4.4857,4.48803,4.48593
531,4.49199,4.48952,4.48613,4.49085
532,4.49286,4.48929,4.49653,4.49049
533,4.50883,4.49292,4.50655,4.49431
534,4.46349,4.46113,4.47108,4.46053
535,4.46596,4.46513,4.4632,4.46466
536,4.48708,4.48741,4.48921,4.48737
537,4.47825,4.48001,4.48134,4.48014
538,4.4993,4.49869,4.52916,4.49616
539,4.49096,4.49166,4.48711,4.49242
540,4.47439,4.47323,4.46442,4.47311
541,4.46391,4.46037,4.46623,4.46107
542,4.49216,4.48949,4.48513,4.4884
543,4.49025,4.48932,4.47963,4.4901
544,4.46261,4.46207,4.47208,4.46461
545,4.46687,4.46644,4.48584,4.46711
546,4.47608,4.47701,4.48537,4.47686
547,4.47506,4.4753,4.48136,4.47497
548,4.45812,4.45876,4.45684,4.45965
549,4.47021,4.46938,4.4721,4.46945
550,4.50053,4.49914,4.50682,4.50015
551,4.47494,4.47381,4.47494,4.47525
552,4.48005,4.47876,4.47999,4.47941
553,4.49536,4.49483,4.49862,4.49495
554,4.47991,4.47935,4.48042,4.47981
555,4.51622,4.49311,4.49432,4.49381
556,4.47581,4.47407,4.47166,4.47253
557,4.47867,4.47968,4.47679,4.48031
558,4.47578,4.47578,4.47492,4.47575
559,4.49741,4.49671,4.49565,4.49401
560,4.48305,4.48357,4.48049,4.48206
561,4.47881,4.48075,4.47939,4.48178
562,4.47249,4.47182,4.47897,4.47072
563,4.49082,4.49178,4.50055,4.49336
564,4.49318,4.48081,4.49232,4.48289
565,4.48048,4.47865,4.49379,4.47954
566,4.46259,4.46284,4.46466,4.46424
567,4.46514,4.46481,4.46739,4.46312
568,4.48297,4.48392,4.48541,4.48527
569,4.47048,4.46836,4.47192,4.47147
570,4.49225,4.49392,4.49673,4.49502
571,4.49407,4.48981,4.49603,4.49146
572,4.48829,4.46784,4.47064,4.4694
573,4.47643,4.47453,4.47584,4.47665
574,4.48818,4.46784,4.46803,4.47162
575,4.48285,4.47942,4.48309,4.47972
576,4.48369,4.48139,4.47573,4.48041
577,4.47525,4.47364,4.47231,4.47337
578,4.4697,4.46501,4.47099,4.46695
579,4.4784,4.46516,4.46706,4.46703
580,4.47237,4.4734,4.47422,4.4736
581,4.47633,4.47585,4.47459,4.47428
582,4.46587,4.46661,4.46921,4.46564
583,4.46987,4.46747,4.46906,4.46785
584,4.47134,4.47288,4.47285,4.47166
585,4.47961,4.4782,4.48202,4.47909
586,4.49519,4.49615,4.49563,4.49704
587,4.47688,4.47819,4.48013,4.47954
588,4.47843,4.47826,4.48263,4.47832
589,4.47949,4.47815,4.4805,4.47913
590,4.47327,4.46968,4.47317,4.47021
591,4.47311,4.47181,4.47109,4.47155
592,4.47554,4.47347,4.47333,4.47249
593,4.48046,4.47852,4.48047,4.47959
594,4.48198,4.48069,4.48291,4.48301
595,4.47112,4.46952,4.47219,4.46986
596,4.46922,4.46988,4.4721,4.46778
597,4.48696,4.48829,4.48805,4.4873
598,4.44756,4.44317,4.4435,4.44512
599,4.4862,4.48292,4.48187,4.48495
600,4.48609,4.48913,4.48975,4.48644
601,4.49843,4.49677,4.49739,4.49959
602,4.48619,4.48677,4.48868,4.48855
603,4.47915,4.48121,4.48372,4.48101
604,4.47077,4.4686,4.47264,4.47077
605,4.48903,4.48588,4.48993,4.48807
606,4.47881,4.47841,4.47918,4.4787
607,4.45048,4.45014,4.44961,4.45223
608,4.48816,4.48629,4.48906,4.48617
609,4.44542,4.44626,4.44673,4.44782
610,4.47035,4.47171,4.47113,4.47146
611,4.4752,4.47611,4.47516,4.47645
612,4.47049,4.46862,4.46981,4.46866
613,4.47006,4.46872,4.4682,4.46992
614,4.46594,4.46388,4.46658,4.46534
615,4.47328,4.47325,4.4762,4.47297
616,4.48368,4.47969,4.48277,4.48035
617,4.46911,4.46959,4.47023,4.46604
618,4.48019,4.48118,4.47949,4.4823
619,4.48872,4.48573,4.48746,4.48735
620,4.47841,4.48121,4.48055,4.47932
621,4.48708,4.48614,4.49154,4.48815
622,4.48654,4.4874,4.48749,4.48727
623,4.47145,4.47101,4.47257,4.47276
624,4.47291,4.47205,4.47112,4.47334
625,4.48265,4.48024,4.484,4.48142
626,4.47147,4.47186,4.47375,4.47297
627,4.48574,4.48532,4.48765,4.48542
628,4.48447,4.48245,4.48606,4.48346
629,4.48945,4.48932,4.49279,4.48915
630,4.47283,4.47122,4.47318,4.47151
631,4.46551,4.46491,4.46526,4.46547
632,4.47914,4.47862,4.47755,4.47844
633,4.47545,4.47369,4.47564,4.47557
634,4.46989,4.46826,4.47,4.46796
635,4.46896,4.47041,4.47148,4.46876
636,4.50448,4.50486,4.50387,4.50288
637,4.48139,4.48299,4.48257,4.48266
638,4.47123,4.5474,4.47401,4.47032
639,4.46802,4.47049,4.46857,4.46797
640,4.4791,4.51369,4.47824,4.47763
641,4.46921,4.47081,4.46827,4.46794
642,4.47438,4.47651,4.47125,4.47301
643,4.47359,4.65249,4.49144,4.47409
644,4.47632,4.51847,4.4781,4.47785
645,4.48836,4.68229,4.49029,4.48828
646,4.47994,4.64085,4.48155,4.47914
647,4.45486,4.48503,4.45463,4.45399
648,4.46977,4.48073,4.4711,4.47106
649,4.47449,4.50704,4.47738,4.47741
650,4.46337,4.46258,4.46589,4.46288
651,4.47873,4.57205,4.47677,4.47914
652,4.46374,4.51074,4.46245,4.46341
653,4.48076,4.48852,4.47962,4.48023
654,4.45059,4.56015,4.44938,4.45034
655,4.46937,4.58988,4.47039,4.46879
656,4.45105,4.51976,4.45075,4.4508
657,4.48707,4.48526,4.48589,4.48526
658,4.49365,4.49273,4.49144,4.49251
659,4.46675,4.48379,4.46585,4.46386
660,4.45142,4.49701,4.44862,4.45087
661,4.47887,4.48113,4.47846,4.47692
662,4.4826,4.53873,4.48514,4.48277
663,4.49631,4.52056,4.49843,4.49845
664,4.49775,4.49894,4.49663,4.49922
665,4.46308,4.46693,4.46217,4.46126
666,4.45836,4.46491,4.45912,4.45966
667,4.49218,4.495,4.49162,4.49207
668,4.47291,4.47834,4.47539,4.4744
669,4.48854,4.49914,4.49079,4.48945
670,4.47758,4.48146,4.47618,4.47884
671,4.46679,4.47152,4.46738,4.46761
672,4.49744,4.50053,4.49888,4.49817
673,4.47027,4.48402,4.47255,4.47429
674,4.48077,4.48246,4.48227,4.47935
675,4.47234,4.48019,4.4754,4.47239
676,4.48765,4.4925,4.48995,4.49108
677,4.47386,4.47679,4.47349,4.47284
678,4.47673,4.47859,4.47469,4.47462
679,4.4702,4.47221,4.46737,4.46807
680,4.48151,4.49173,4.48078,4.47888
681,4.47759,4.47813,4.47169,4.4726
682,4.47113,4.46706,4.47026,4.46832
683,4.48368,4.48175,4.48427,4.48384
684,4.46961,4.47232,4.46672,4.46589
685,4.49307,4.49794,4.49238,4.49052
686,4.4698,4.47063,4.47161,4.47135
687,4.46117,4.46897,4.46068,4.46282
688,4.47302,4.46868,4.47301,4.47037
689,4.4563,4.46061,4.45194,4.45635
690,4.4896,4.49219,4.48868,4.48904
691,4.4697,4.46625,4.47325,4.47085
692,4.48213,4.49327,4.48352,4.48157
693,4.47178,4.46645,4.47084,4.46996
694,4.48112,4.48231,4.48364,4.48116
695,4.48645,4.48947,4.48572,4.48544
696,4.49602,4.49687,4.49699,4.49676
697,4.45791,4.46006,4.45471,4.45529
698,4.47569,4.47382,4.47757,4.47825
699,4.48048,4.48468,4.48244,4.48076
700,4.48328,4.48669,4.48176,4.484
701,4.47939,4.4831,4.47949,4.47935
702,4.46935,4.47339,4.46963,4.47102
703,4.48741,4.48928,4.48919,4.49051
704,4.46486,4.46539,4.46462,4.46507
705,4.46926,4.4609,4.4717,4.47124
706,4.47528,4.48347,4.47676,4.47628
707,4.44857,4.44854,4.44853,4.44917
708,4.46391,4.46547,4.46896,4.46821
709,4.48014,4.48814,4.47779,4.48053
710,4.46268,4.46227,4.4627,4.46219
711,4.46876,4.4707,4.47024,4.46912
712,4.47661,4.48018,4.47625,4.4754
713,4.48316,4.48896,4.4827,4.48556
714,4.47378,4.48076,4.47676,4.47678
715,4.47641,4.47201,4.47639,4.47464
716,4.46858,4.46827,4.46453,4.4643
717,4.46658,4.46915,4.46524,4.46472
718,4.4748,4.47827,4.47207,4.47213
719,4.46278,4.46336,4.46334,4.46361
720,4.46877,4.47391,4.47446,4.47068
721,4.49044,4.49525,4.48969,4.48941
722,4.48705,4.48627,4.48809,4.48672
723,4.48707,4.48457,4.48748,4.48662
724,4.48247,4.4832,4.48115,4.48224
725,4.46589,4.4657,4.46455,4.46592
726,4.46133,4.46536,4.46191,4.46011
727,4.46217,4.46924,4.46107,4.46121
728,4.47888,4.48192,4.47656,4.47792
729,4.45989,4.46403,4.45869,4.4581
730,4.4763,4.47758,4.47504,4.47591
731,4.47304,4.47575,4.47475,4.47357
732,4.45748,4.45032,4.45657,4.45832
733,4.46906,4.47193,4.46728,4.46891
734,4.46422,4.4654,4.46479,4.46427
735,4.45753,4.46066,4.45495,4.45665
736,4.48291,4.48479,4.48132,4.48396
737,4.48538,4.48263,4.48384,4.48317
738,4.47305,4.47192,4.47209,4.47158
739,4.44644,4.44532,4.4474,4.44845
740,4.51103,4.51206,4.51061,4.51091
741,4.49444,4.49137,4.49302,4.49379
742,4.47512,4.4785,4.47721,4.47706
743,4.46457,4.46644,4.46646,4.46788
744,4.47202,4.47887,4.47552,4.47317
745,4.47219,4.47065,4.46836,4.4715
746,4.48292,4.48538,4.48129,4.4826
747,4.46452,4.46988,4.46649,4.46594
748,4.48057,4.48521,4.48124,4.47953
749,4.48119,4.48217,4.48424,4.48247
750,4.49029,4.49473,4.48972,4.48727
751,4.45982,4.45721,4.46102,4.46134
752,4.48543,4.49279,4.48975,4.48685
753,4.47118,4.47236,4.4731,4.47165
754,4.46673,4.46893,4.46686,4.46641
755,4.47306,4.47477,4.47433,4.47326
756,4.47361,4.47268,4.47175,4.47285
757,4.46921,4.46758,4.46792,4.46725
758,4.47319,4.47135,4.47264,4.47472
759,4.48086,4.47898,4.48273,4.48216
760,4.46639,4.46291,4.46317,4.46724
761,4.46492,4.46571,4.46558,4.46635
762,4.50072,4.50477,4.49994,4.50038
763,4.47213,4.46826,4.46997,4.47169
764,4.46496,4.46399,4.4663,4.4665
765,4.47376,4.4771,4.47357,4.47449
766,4.45737,4.45817,4.45667,4.45756
767,4.47812,4.47249,4.47729,4.47644
768,4.48226,4.48008,4.48308,4.48029
769,4.46297,4.46196,4.46318,4.46182
770,4.47158,4.47086,4.46956,4.46928
771,4.47694,4.47606,4.47607,4.47474
772,4.48516,4.48884,4.48382,4.48612
773,4.47075,4.46951,4.4692,4.47038
774,4.4924,4.4905,4.49263,4.48947
775,4.47137,4.47301,4.47436,4.4741
776,4.48202,4.4794,4.48334,4.4828
777,4.48176,4.47957,4.4813,4.47877
778,4.46057,4.46403,4.45979,4.46057
779,4.45672,4.45887,4.45612,4.4551
780,4.49083,4.4906,4.48906,4.49009
781,4.47941,4.47922,4.48001,4.48123
782,4.47117,4.46943,4.47322,4.47107
783,4.47705,4.48337,4.47855,4.48013
784,4.47119,4.46774,4.47045,4.47128
785,4.47319,4.47324,4.47459,4.4713
786,4.48954,4.48844,4.49012,4.4873
787,4.49194,4.49323,4.49068,4.48624
788,4.47452,4.48072,4.47542,4.47607
789,4.48474,4.48534,4.48201,4.48283
790,4.47536,4.47557,4.4721,4.47304
791,4.46919,4.47227,4.46826,4.46934
792,4.49227,4.49253,4.49305,4.49293
793,4.46445,4.46384,4.46526,4.46523
794,4.48435,4.48603,4.48635,4.48678
795,4.46119,4.46159,4.46047,4.46227
796,4.47873,4.47841,4.47768,4.4799
797,4.47999,4.481,4.48037,4.47936
798,4.47792,4.48031,4.47711,4.47861
799,4.47748,4.47672,4.47619,4.47553
800,4.4852,4.48244,4.48524,4.48525
801,4.48811,4.48544,4.48486,4.48774
802,4.48078,4.47881,4.48031,4.48128
803,4.46421,4.46753,4.46318,4.46318
804,4.47505,4.47418,4.47413,4.47471
805,4.49263,4.49332,4.49256,4.49277
806,4.47393,4.47542,4.47458,4.47179
807,4.46837,4.46724,4.47488,4.46939
808,4.48673,4.48942,4.48484,4.48613
809,4.47599,4.47593,4.47389,4.47538
810,4.48469,4.48345,4.4833,4.48446
811,4.46977,4.46999,4.46921,4.46991
812,4.48445,4.48577,4.485,4.4843
813,4.46222,4.46336,4.46282,4.46168
814,4.48367,4.48423,4.48229,4.48283
815,4.47437,4.4726,4.47515,4.47554
816,4.47842,4.47768,4.4792,4.47895
817,4.47051,4.4713,4.46931,4.47032
818,4.47854,4.47911,4.47843,4.4779
819,4.46058,4.45939,4.45879,4.46037
820,4.46995,4.47146,4.47108,4.46948
821,4.46769,4.46801,4.467,4.46741
822,4.46513,4.46396,4.46575,4.46504
823,4.48668,4.48774,4.48889,4.48746
824,4.46919,4.47179,4.47065,4.46811
825,4.47007,4.47061,4.46887,4.47015
826,4.49464,4.49232,4.49375,4.49216
827,4.46436,4.46568,4.46499,4.46359
828,4.49444,4.49276,4.49387,4.49457
829,4.46513,4.46319,4.46335,4.464
830,4.47517,4.47425,4.47567,4.47527
831,4.47022,4.46845,4.47296,4.47123
832,4.4738,4.47765,4.47606,4.47371
833,4.46855,4.46855,4.47016,4.46952
834,4.48043,4.47972,4.48019,4.47998
835,4.45747,4.45578,4.45953,4.45731
836,4.48238,4.4847,4.4824,4.48172
837,4.47252,4.47516,4.47312,4.47184
838,4.47246,4.47343,4.47115,4.47289
839,4.45663,4.4578,4.45534,4.45657
840,4.45127,4.452,4.44895,4.45158
841,4.48013,4.48012,4.47872,4.47912
842,4.46409,4.46969,4.46422,4.46413
843,4.48394,4.48246,4.48312,4.48363
844,4.4585,4.46007,4.46013,4.45945
845,4.47675,4.47934,4.47478,4.47586
846,4.48764,4.48876,4.48734,4.48826
847,4.48471,4.48744,4.48087,4.48462
848,4.4876,4.48646,4.48887,4.48867
849,4.46279,4.46598,4.4632,4.46184
850,4.48227,4.48267,4.48046,4.48207
851,4.47332,4.47435,4.47435,4.47455
852,4.47813,4.4782,4.47873,4.47766
853,4.47236,4.47393,4.47436,4.47246
854,4.48938,4.48962,4.48945,4.48859
855,4.46268,4.46067,4.4629,4.49349
856,4.497,4.49803,4.49651,4.49744
857,4.47411,4.47343,4.47419,4.47296
858,4.46416,4.46647,4.47026,4.46629
859,4.48292,4.48159,4.4846,4.48255
860,4.46615,4.46547,4.46706,4.46672
861,4.47121,4.46994,4.46993,4.47064
862,4.47165,4.47504,4.47006,4.47207
863,4.47736,4.47777,4.47776,4.47907
864,4.46436,4.46493,4.46655,4.46577
865,4.47244,4.47565,4.47402,4.47312
866,4.47818,4.49225,4.47734,4.47917
867,4.48797,4.48691,4.48598,4.48707
868,4.46275,4.4625,4.4609,4.46219
869,4.47777,4.48099,4.4777,4.4768
870,4.46289,4.46307,4.46269,4.4651
871,4.4971,4.49934,4.49555,4.49636
872,4.46844,4.46573,4.46512,4.46784
873,4.47025,4.47542,4.47196,4.47082
874,4.46085,4.46042,4.46304,4.45997
875,4.46838,4.46543,4.46587,4.46844
876,4.47183,4.46898,4.47193,4.47236
877,4.47348,4.47845,4.47445,4.47347
878,4.47187,4.47393,4.47124,4.47261
879,4.48166,4.47874,4.48342,4.48141
880,4.45294,4.45509,4.45597,4.45514
881,4.47359,4.47199,4.47351,4.47505
882,4.48913,4.47777,4.48228,4.47958
883,4.47393,4.47612,4.47086,4.47231
884,4.47154,4.47055,4.47023,4.47008
885,4.46397,4.46251,4.46368,4.46421
886,4.49327,4.49581,4.49261,4.49449
887,4.47861,4.47847,4.47971,4.47667
888,4.47668,4.47455,4.47458,4.47478
889,4.47736,4.47937,4.47833,4.47746
890,4.46461,4.46035,4.46501,4.4643
891,4.47044,4.47576,4.47247,4.47179
892,4.46615,4.46301,4.46264,4.46304
893,4.46272,4.46519,4.46245,4.46476
894,4.50299,4.47452,4.47188,4.47075
895,4.47746,4.47588,4.47216,4.47301
896,4.46964,4.47085,4.46901,4.46719
897,4.47722,4.48212,4.47806,4.47841
898,4.47337,4.47074,4.47129,4.47116
899,4.45161,4.45066,4.4499,4.45085
900,4.46953,4.46848,4.46914,4.47134
901,4.48047,4.47416,4.47358,4.47187
902,4.48273,4.48555,4.48383,4.48217
903,4.48032,4.47816,4.47966,4.47987
904,4.46905,4.46766,4.46757,4.46849
905,4.46851,4.4664,4.47041,4.46838
906,4.47539,4.47776,4.47452,4.47582
907,4.48603,4.48941,4.48971,4.48913
908,4.48272,4.48092,4.48271,4.4804
909,4.47073,4.47023,4.4709,4.46934
910,4.48721,4.48798,4.48717,4.48659
911,4.46052,4.45797,4.45943,4.45831
912,4.4758,4.47985,4.47588,4.47601
913,4.45613,4.45378,4.4556,4.45563
914,4.50945,4.47301,4.4749,4.47284
915,4.46772,4.46774,4.46672,4.46725
916,4.56914,4.45757,4.45676,4.45581
917,4.46156,4.46437,4.46299,4.46159
918,4.48068,4.48284,4.48351,4.4831
919,4.46054,4.45849,4.4614,4.45814
920,4.46174,4.46245,4.46122,4.46252
921,4.48721,4.46927,4.47283,4.47183
922,4.47166,4.47141,4.47198,4.4743
923,4.46568,4.4665,4.46638,4.46663
924,4.46685,4.46546,4.46503,4.46515
925,4.49638,4.49661,4.49769,4.49585
926,4.47217,4.47067,4.46889,4.47086
927,4.49623,4.49546,4.4962,4.49662
928,4.46295,4.46355,4.46463,4.4635
929,4.47299,4.46802,4.46793,4.46748
930,4.48699,4.48365,4.48533,4.48526
931,4.47423,4.47195,4.47091,4.47214
932,4.48195,4.48308,4.48357,4.48486
933,4.46234,4.45788,4.45849,4.45876
934,4.48585,4.48576,4.48626,4.48516
935,4.47198,4.47132,4.47118,4.47037
936,4.46991,4.46532,4.46811,4.49054
937,4.49735,4.4689,4.46859,4.46957
938,4.4853,4.48056,4.4826,4.48199
939,4.47584,4.45497,4.45638,4.45667
940,4.47239,4.4746,4.47413,4.47234
941,4.48187,4.48006,4.48224,4.48066
942,4.47263,4.47487,4.47474,4.47303
943,4.48082,4.47163,4.46985,4.46993
944,4.49695,4.4965,4.49644,4.49311
945,4.48709,4.48842,4.48747,4.4845
946,4.50568,4.48767,4.48443,4.48237
947,4.47506,4.47319,4.47155,4.47225
948,4.48773,4.48701,4.48653,4.50583
949,4.48023,4.47937,4.4781,4.47638
950,4.46934,4.46525,4.46672,4.46552
951,4.4575,4.45665,4.45713,4.47694
952,4.4917,4.47528,4.47442,4.47591
953,4.47082,4.46804,4.46585,4.46526
954,4.46738,4.4654,4.46495,4.46572
955,4.45208,4.44831,4.45033,4.44867
956,4.48854,4.47085,4.47219,4.47171
957,4.48372,4.48229,4.48228,4.48255
958,4.48319,4.48719,4.48682,4.48547
959,4.47967,4.48073,4.48408,4.48128
960,4.461,4.46107,4.46087,4.46051
961,4.45441,4.45051,4.44985,4.45272
962,4.4769,4.4764,4.47736,4.47803
963,4.48902,4.48909,4.48936,4.48909
964,4.47853,4.47556,4.47486,4.47455
965,4.46599,4.49623,4.4653,4.46559
966,4.47404,4.47249,4.47114,4.47141
967,4.48148,4.48366,4.47989,4.4808
968,4.46248,4.46307,4.4635,4.46304
969,4.47647,4.47812,4.47849,4.48085
970,4.46996,4.46871,4.46889,4.46656
971,4.47663,4.47649,4.47527,4.47474
972,4.48036,4.47971,4.48,4.48111
973,4.48856,4.48634,4.48721,4.4897
974,4.46699,4.47004,4.46853,4.51168
975,4.46763,4.46778,4.47128,4.46688
976,4.47004,4.47031,4.46886,4.46965
977,4.46586,4.46364,4.46318,4.46468
978,4.47646,4.47484,4.47618,4.47527
979,4.46411,4.46203,4.46141,4.46434
980,4.47981,4.47784,4.47885,4.47843
981,4.46461,4.46488,4.46534,4.46389
982,4.4722,4.47513,4.47373,4.47326
983,4.48702,4.48669,4.48429,4.4859
984,4.47533,4.47273,4.47337,4.47433
985,4.47544,4.47675,4.47369,4.47473
986,4.47519,4.47573,4.47454,4.49269
987,4.47585,4.47325,4.47307,4.47344
988,4.46711,4.46878,4.46887,4.46897
989,4.48656,4.48035,4.48215,4.49997
990,4.48198,4.48268,4.48125,4.48182
991,4.46432,4.46335,4.46047,4.4623
992,4.46551,4.46801,4.46668,4.46641
993,4.47264,4.47153,4.47003,4.47
994,4.45879,4.45703,4.45716,4.45821
995,4.47871,4.47558,4.4778,4.47631
996,4.49008,4.49356,4.49081,4.48792
997,4.45897,4.457,4.45663,4.46125
998,4.46418,4.4659,4.46494,4.46276
999,4.47402,4.47563,4.47385,4.47253
1000,4.48562,4.48354,4.48607,4.48462
1001,4.47141,4.47203,4.47324,4.47166
1002,4.47026,4.47111,4.47018,4.4704
1003,4.46932,4.47109,4.47015,4.47116
1004,4.4677,4.47452,4.46826,4.46826
1005,4.48124,4.48039,4.48067,4.47961
1006,4.49866,4.49538,4.49674,4.49684
1007,4.47399,4.47194,4.47266,4.47397
1008,4.47134,4.46712,4.46878,4.46916
1009,4.476,4.4767,4.4765,4.47568
1010,4.44997,4.44787,4.45096,4.45014
1011,4.46629,4.46958,4.46792,4.46891
1012,4.47354,4.47021,4.47156,4.47228
1013,4.47401,4.47327,4.47276,4.47476
1014,4.45109,4.4526,4.45055,4.4512
1015,4.47996,4.48222,4.48049,4.48195
1016,4.46964,4.46704,4.46874,4.46987
1017,4.4871,4.48408,4.48503,4.48666
1018,4.49825,4.49622,4.49799,4.49962
1019,4.47547,4.47482,4.47506,4.47379
1020,4.47496,4.4738,4.47045,4.47492
1021,4.47279,4.47053,4.46961,4.47082
1022,4.49072,4.48876,4.49127,4.49092
1023,4.47394,4.47291,4.47202,4.47126
1024,4.47664,4.47749,4.47584,4.47655
1025,4.45581,4.4561,4.47242,4.4542
1026,4.4759,4.47235,4.47596,4.47515
1027,4.48003,4.48142,4.47998,4.48105
1028,4.46132,4.46363,4.46396,4.46216
1029,4.45801,4.4599,4.45854,4.45866
1030,4.46527,4.4659,4.46378,4.46458
1031,4.46425,4.46446,4.46298,4.46231
1032,4.46919,4.46696,4.46769,4.46745
1033,4.47169,4.47211,4.47272,4.4726
1034,4.46665,4.46731,4.46561,4.46606
1035,4.47983,4.47943,4.47827,4.48691
1036,4.46196,4.46036,4.46057,4.45933
1037,4.46959,4.46994,4.47091,4.46695
1038,4.46716,4.46426,4.46742,4.46493
1039,4.45298,4.4525,4.45321,4.45233
1040,4.47369,4.47268,4.47487,4.47758
1041,4.46431,4.46125,4.46419,4.46327
1042,4.49536,4.49352,4.49295,4.51125
1043,4.48602,4.48672,4.48575,4.48558
1044,4.45423,4.4543,4.45104,4.47234
1045,4.48669,4.48506,4.48828,4.50282
1046,4.45077,4.45066,4.44956,4.44994
1047,4.49074,4.49055,4.49062,4.49195
1048,4.49734,4.49775,4.4984,4.49974
1049,4.48698,4.48555,4.49713,4.53291
1050,4.46705,4.46836,4.46907,4.47128
1051,4.46995,4.47197,4.47231,4.47606
1052,4.46884,4.47016,4.47023,4.48769
1053,4.48884,4.49155,4.48813,4.49858
1054,4.47115,4.47017,4.47015,4.47349
1055,4.46522,4.46744,4.46787,4.46496
1056,4.49537,4.49686,4.49603,4.49512
1057,4.47516,4.47592,4.47313,4.48573
1058,4.4822,4.48131,4.47991,4.4796
1059,4.46807,4.46642,4.467,4.48088
1060,4.47748,4.47426,4.47436,4.48159
1061,4.46129,4.46209,4.45831,4.46072
1062,4.4811,4.47868,4.47958,4.47693
1063,4.48484,4.4865,4.48403,4.48885
1064,4.47003,4.46706,4.46996,4.46913
1065,4.46357,4.46535,4.46484,4.47942
1066,4.47035,4.46891,4.46682,4.50285
1067,4.48203,4.48062,4.47893,4.48291
1068,4.45999,4.46102,4.46021,4.46508
1069,4.47262,4.47225,4.46978,4.49939
1070,4.4631,4.46401,4.46269,4.46095
1071,4.43832,4.43969,4.46523,4.44222
1072,4.48136,4.48083,4.48575,4.47637
1073,4.46546,4.46721,4.46641,4.46566
1074,4.43424,4.43639,4.43601,4.43798
1075,4.46211,4.46069,4.46106,4.49566
1076,4.46793,4.46854,4.4687,4.46575
1077,4.47709,4.47532,4.47319,4.48191
1078,4.47886,4.48134,4.5483,4.4731
1079,4.50219,4.50192,4.53064,4.49947
1080,4.46726,4.46376,4.46657,4.47356
1081,4.4747,4.47583,4.47647,4.47528
1082,4.47261,4.47143,4.46895,4.47643
1083,4.47634,4.47445,4.47893,4.47599
1084,4.47895,4.47916,4.48518,4.49516
1085,4.47384,4.47563,4.47976,4.47798
1086,4.46889,4.46875,4.47675,4.47377
1087,4.4746,4.47478,4.48241,4.50233
1088,4.47246,4.47343,4.47122,4.47338
1089,4.45554,4.45511,4.45755,4.46042
1090,4.48031,4.4792,4.48084,4.48227
1091,4.44827,4.44952,4.44938,4.45154
1092,4.47372,4.47409,4.47192,4.47602
1093,4.47494,4.47534,4.47429,4.47968
1094,4.48156,4.47951,4.47952,4.50069
1095,4.46565,4.4661,4.46567,4.47149
1096,4.49603,4.49621,4.49078,4.50071
1097,4.46549,4.46342,4.46668,4.46401
1098,4.47963,4.47758,4.49836,4.47918
1099,4.48383,4.48098,4.48258,4.48299
1100,4.47702,4.47535,4.47484,4.47913
1101,4.46827,4.46662,4.4656,4.48397
1102,4.46731,4.46649,4.46871,4.47503
1103,4.47819,4.47932,4.47649,4.4817
1104,4.45715,4.45689,4.45838,4.46849
1105,4.46555,4.46691,4.46676,4.46256
1106,4.47015,4.46958,4.46857,4.47186
1107,4.48331,4.48522,4.48537,4.49742
1108,4.46203,4.46233,4.46241,4.47734
1109,4.48083,4.47716,4.47871,4.48205
1110,4.45983,4.46333,4.46057,4.46095
1111,4.47626,4.47525,4.47501,4.47658
1112,4.47422,4.47424,4.47482,4.47536
1113,4.47238,4.47182,4.4744,4.4726
1114,4.47223,4.47078,4.46988,4.47465
1115,4.47953,4.47762,4.47788,4.47747
1116,4.48306,4.48248,4.4842,4.47726
1117,4.48154,4.48316,4.48277,4.48323
1118,4.46354,4.46213,4.46235,4.46468
1119,4.46824,4.4682,4.46738,4.47212
1120,4.46539,4.4666,4.4665,4.46686
1121,4.47399,4.47305,4.47626,4.4755
1122,4.45823,4.45739,4.45976,4.45953
1123,4.46086,4.46281,4.46313,4.4629
1124,4.46773,4.4683,4.46663,4.46897
1125,4.46659,4.46655,4.46514,4.46661
1126,4.46847,4.4696,4.47018,4.46881
1127,4.46609,4.4671,4.46856,4.4668
1128,4.47791,4.4769,4.47577,4.4762
1129,4.48656,4.48598,4.48742,4.4895
1130,4.48027,4.48031,4.48023,4.47851
1131,4.4768,4.47794,4.47592,4.47906
1132,4.47376,4.47578,4.47677,4.4776
1133,4.46768,4.46839,4.46809,4.46616
1134,4.47394,4.47453,4.47524,4.4741
1135,4.46642,4.46564,4.46581,4.46454
1136,4.46058,4.46009,4.46001,4.459
1137,4.4501,4.4525,4.45372,4.4507
1138,4.47208,4.47237,4.47046,4.47175
1139,4.46943,4.4698,4.47023,4.47282
1140,4.48424,4.48482,4.48297,4.48642
1141,4.46442,4.4634,4.46186,4.46398
1142,4.47461,4.47231,4.47334,4.47058
1143,4.46725,4.46946,4.46784,4.47094
1144,4.46514,4.46242,4.46394,4.46639
1145,4.46797,4.46977,4.47011,4.46915
1146,4.4703,4.46827,4.46961,4.47155
1147,4.47668,4.4762,4.47611,4.47867
1148,4.45044,4.45199,4.46917,4.44827
1149,4.47542,4.47475,4.47437,4.47606
1150,4.47913,4.48021,4.48211,4.48077
1151,4.46751,4.46363,4.46528,4.4675
1152,4.4839,4.48478,4.4834,4.48503
1153,4.46888,4.46945,4.46812,4.46681
1154,4.46205,4.4638,4.46199,4.46374
1155,4.47337,4.47296,4.47084,4.4699
1156,4.46264,4.46237,4.46174,4.46496
1157,4.46817,4.46927,4.46936,4.474
1158,4.4721,4.47463,4.47051,4.47413
1159,4.47795,4.47608,4.47523,4.48028
1160,4.45679,4.45448,4.45533,4.45603
1161,4.46821,4.46705,4.46708,4.47263
1162,4.48747,4.48661,4.48905,4.48814
1163,4.47624,4.47495,4.47324,4.4773
1164,4.46736,4.46925,4.47004,4.47191
1165,4.48044,4.48004,4.47982,4.4807
1166,4.46834,4.47015,4.46963,4.4692
1167,4.4919,4.49364,4.4924,4.49995
1168,4.47427,4.47688,4.47566,4.48357
1169,4.49024,4.48969,4.48911,4.49376
1170,4.47851,4.48068,4.48262,4.48391
1171,4.47551,4.4748,4.47484,4.47553
1172,4.47545,4.47239,4.47469,4.4698
1173,4.48523,4.48141,4.48101,4.48466
1174,4.46109,4.45719,4.45924,4.46219
1175,4.47456,4.47039,4.47109,4.47028
1176,4.462,4.46022,4.46055,4.46364
1177,4.47311,4.47409,4.47415,4.47587
1178,4.47492,4.47378,4.47241,4.47362
1179,4.46502,4.4638,4.46336,4.46388
1180,4.47097,4.47,4.46908,4.46792
1181,4.47178,4.47337,4.47385,4.47534
1182,4.45259,4.45011,4.45111,4.45242
1183,4.45951,4.45958,4.45919,4.4579
1184,4.46301,4.46332,4.46255,4.46394
1185,4.45599,4.45635,4.45602,4.45214
1186,4.48108,4.4821,4.48297,4.48621
1187,4.4561,4.45683,4.45564,4.45924
1188,4.47932,4.47878,4.47832,4.48227
1189,4.46592,4.46587,4.46646,4.46546
1190,4.46639,4.46388,4.46265,4.46653
1191,4.47734,4.47825,4.47753,4.47552
1192,4.50043,4.50136,4.50142,4.50525
1193,4.4616,4.46184,4.46189,4.46294
1194,4.46543,4.46716,4.46823,4.46208
1195,4.47611,4.47379,4.4725,4.47435
1196,4.46129,4.46121,4.46224,4.46313
1197,4.47318,4.47513,4.4719,4.4684
1198,4.47217,4.4746,4.47236,4.47153
1199,4.47301,4.47197,4.47114,4.47392
1200,4.46426,4.46218,4.46219,4.46183
1201,4.4695,4.46785,4.47049,4.46798
1202,4.46604,4.46545,4.46553,4.46908
1203,4.47898,4.47743,4.47877,4.47904
1204,4.46914,4.47061,4.47203,4.46688
1205,4.45503,4.4541,4.45547,4.45126
1206,4.44666,4.44642,4.44605,4.45286
1207,4.46129,4.46142,4.46112,4.46115
1208,4.46534,4.46481,4.46322,4.46545
1209,4.47457,4.47467,4.47477,4.47295
1210,4.47933,4.47991,4.47918,4.48126
1211,4.47897,4.48068,4.47888,4.48059
1212,4.47947,4.4798,4.47894,4.4757
1213,4.48582,4.4858,4.48576,4.48725
1214,4.46726,4.46739,4.46821,4.4704
1215,4.47705,4.47815,4.47647,4.47956
1216,4.47332,4.47109,4.47506,4.47425
1217,4.47192,4.47258,4.47447,4.49195
1218,4.48288,4.47885,4.48008,4.48094
1219,4.46976,4.46556,4.46842,4.4687
1220,4.48823,4.48884,4.48806,4.49185
1221,4.48171,4.48178,4.48159,4.48043
1222,4.46058,4.46239,4.46247,4.45952
1223,4.46981,4.47085,4.46925,4.4696
1224,4.47419,4.47542,4.4761,4.47297
1225,4.46735,4.46864,4.46791,4.47002
1226,4.45603,4.45745,4.45628,4.45836
1227,4.46322,4.46397,4.46238,4.4605
1228,4.4772,4.47799,4.4758,4.47596
1229,4.48837,4.48638,4.48863,4.48744
1230,4.4758,4.47594,4.47533,4.47618
1231,4.47806,4.47837,4.47702,4.47931
1232,4.47476,4.47601,4.4759,4.47469
1233,4.46939,4.47019,4.47006,4.46947
1234,4.46753,4.46729,4.46778,4.47107
1235,4.47551,4.47374,4.47364,4.47529
1236,4.47787,4.47795,4.47617,4.47913
1237,4.47651,4.47542,4.47661,4.47215
1238,4.45574,4.45631,4.45587,4.45544
1239,4.46501,4.4641,4.46491,4.46616
1240,4.45882,4.45998,4.46146,4.4623
1241,4.47617,4.475,4.47683,4.4739
1242,4.46853,4.46815,4.46681,4.46775
1243,4.47643,4.47641,4.47609,4.47794
1244,4.47799,4.47882,4.47862,4.47589
1245,4.4754,4.4739,4.47519,4.47554
1246,4.47396,4.47365,4.47455,4.47364
1247,4.48556,4.48367,4.48306,4.48445
1248,4.47154,4.47146,4.47192,4.47134
1249,4.4707,4.46846,4.46924,4.46925
1250,4.46546,4.46425,4.46733,4.4608
1251,4.45872,4.45689,4.45834,4.45616
1252,4.46726,4.46912,4.46965,4.47102
1253,4.47244,4.47423,4.47305,4.47235
1254,4.46931,4.47019,4.47006,4.47067
1255,4.47639,4.47491,4.47726,4.47416
1256,4.49009,4.49169,4.48892,4.48985
1257,4.4724,4.47312,4.47298,4.47344
1258,4.46897,4.46841,4.46973,4.4684
1259,4.4636,4.4637,4.46457,4.46377
1260,4.46313,4.46388,4.46326,4.46414
1261,4.46475,4.46494,4.46435,4.46349
1262,4.46559,4.46534,4.46529,4.46449
1263,4.48176,4.48093,4.48087,4.48164
1264,4.48523,4.48617,4.48429,4.48726
1265,4.45767,4.4574,4.45904,4.45866
1266,4.47062,4.47246,4.47376,4.47418
1267,4.48373,4.48273,4.48234,4.48351
1268,4.47016,4.47041,4.46887,4.4689
1269,4.46844,4.46904,4.46773,4.46678
1270,4.47002,4.46942,4.47002,4.4646
1271,4.46351,4.46429,4.46456,4.46029
1272,4.47407,4.47465,4.47315,4.47232
1273,4.46772,4.46622,4.46599,4.46381
1274,4.46923,4.46948,4.46918,4.46961
1275,4.47724,4.47859,4.4766,4.47976
1276,4.47145,4.47354,4.47263,4.46766
1277,4.45974,4.4592,4.46011,4.44678
1278,4.47393,4.47395,4.4733,4.47764
1279,4.49309,4.4916,4.49328,4.49741
1280,4.4585,4.45759,4.45737,4.45568
1281,4.46636,4.46869,4.46705,4.47134
1282,4.47968,4.48134,4.48149,4.4832
1283,4.48491,4.48611,4.48491,4.47765
1284,4.47356,4.47269,4.47412,4.47263
1285,4.46113,4.46143,4.46216,4.45732
1286,4.47512,4.47491,4.47441,4.4738
1287,4.46604,4.46761,4.4656,4.46424
1288,4.46491,4.46745,4.46362,4.46622
1289,4.468,4.46721,4.46746,4.46448
1290,4.47627,4.47822,4.47871,4.48108
1291,4.47688,4.47713,4.47759,4.47614
1292,4.47316,4.47497,4.47557,4.47648
1293,4.45402,4.45388,4.45385,4.4556
1294,4.48078,4.48009,4.48025,4.47992
1295,4.4804,4.47925,4.47997,4.47646
1296,4.47087,4.46773,4.46822,4.46507
1297,4.46649,4.46607,4.46553,4.46204
1298,4.48512,4.48426,4.48446,4.47983
1299,4.47651,4.47746,4.4781,4.47256
1300,4.47375,4.47262,4.4741,4.47113
1301,4.47149,4.47033,4.47163,4.46646
1302,4.44984,4.44981,4.4507,4.44937
1303,4.47026,4.46877,4.46895,4.46509
1304,4.46586,4.46441,4.46455,4.47635
1305,4.47533,4.47452,4.47507,4.46823
1306,4.48775,4.48551,4.48704,4.49233
1307,4.45911,4.46051,4.46043,4.45993
1308,4.47162,4.46983,4.47211,4.46883
1309,4.47179,4.47114,4.4726,4.47111
1310,4.4735,4.47073,4.473,4.47149
1311,4.46579,4.46404,4.46654,4.46919
1312,4.46178,4.4638,4.46276,4.46068
1313,4.46729,4.4665,4.46638,4.46621
1314,4.48762,4.48805,4.48622,4.49637
1315,4.46399,4.46446,4.46385,4.46543
1316,4.45403,4.45285,4.45334,4.45532
1317,4.47417,4.47389,4.47283,4.4688
1318,4.49012,4.49094,4.48922,4.49104
1319,4.46674,4.46628,4.46802,4.46823
1320,4.46438,4.46465,4.46613,4.45572
1321,4.47098,4.47111,4.47053,4.47547
1322,4.48254,4.48267,4.48263,4.4844
1323,4.46469,4.46422,4.46377,4.46668
1324,4.47511,4.47596,4.47452,4.4797
1325,4.47393,4.47576,4.47707,4.47073
1326,4.46671,4.46746,4.46793,4.46028
1327,4.46861,4.46915,4.46884,4.46816
1328,4.47473,4.47383,4.47362,4.47233
1329,4.47053,4.47025,4.47069,4.46978
1330,4.47352,4.47289,4.47326,4.47436
1331,4.46935,4.47051,4.47031,4.47055
1332,4.45245,4.44969,4.4507,4.45032
1333,4.46746,4.46637,4.46614,4.46383
1334,4.47533,4.47461,4.47467,4.47581
1335,4.46178,4.45613,4.45689,4.45551
1336,4.46522,4.46656,4.46358,4.46357
1337,4.47171,4.47059,4.47021,4.47079
1338,4.4592,4.46083,4.45944,4.45679
1339,4.47736,4.47393,4.47407,4.47639
1340,4.46582,4.46494,4.46567,4.46402
1341,4.46228,4.45869,4.46309,4.46264
1342,4.46098,4.46009,4.46159,4.45778
1343,4.45663,4.45556,4.4554,4.4566
1344,4.46975,4.46926,4.46958,4.47227
1345,4.47156,4.46918,4.47008,4.46965
1346,4.46128,4.45747,4.46075,4.44865
1347,4.45049,4.45094,4.45126,4.45283
1348,4.4682,4.47023,4.46951,4.47036
1349,4.4531,4.45208,4.45368,4.44992
1350,4.47548,4.47756,4.4765,4.47938
1351,4.48469,4.48395,4.48588,4.47844
1352,4.45721,4.45764,4.45825,4.45864
1353,4.45892,4.46132,4.46085,4.46351
1354,4.47035,4.47162,4.46989,4.46903
1355,4.47151,4.47149,4.47113,4.46593
1356,4.48401,4.48327,4.48302,4.48099
1357,4.47805,4.47845,4.47759,4.47768
1358,4.4717,4.47332,4.4734,4.46973
1359,4.47976,4.47982,4.47851,4.48
1360,4.48098,4.47916,4.48146,4.47335
1361,4.46926,4.4691,4.47002,4.4668
1362,4.48019,4.4824,4.48108,4.47986
1363,4.47758,4.4776,4.47771,4.47217
1364,4.45744,4.45754,4.45718,4.45534
1365,4.46428,4.46331,4.46311,4.45909
1366,4.46357,4.46417,4.46363,4.46834
1367,4.46503,4.46567,4.46557,4.46043
1368,4.47111,4.47022,4.47034,4.46678
1369,4.4671,4.46601,4.46556,4.45926
1370,4.47762,4.47778,4.47676,4.47553
1371,4.48032,4.47871,4.47983,4.47968
1372,4.45499,4.45555,4.4553,4.45071
1373,4.46184,4.45831,4.45898,4.46204
1374,4.47879,4.47967,4.47936,4.47277
1375,4.46131,4.46142,4.46127,4.45576
1376,4.47994,4.48052,4.47907,4.4761
1377,4.48104,4.48228,4.48052,4.48058
1378,4.47361,4.47278,4.47108,4.46875
1379,4.47801,4.47817,4.47656,4.47514
1380,4.46902,4.46954,4.46978,4.47285
1381,4.48,4.47907,4.4783,4.48571
1382,4.46902,4.46973,4.46745,4.47109
1383,4.46835,4.4683,4.4674,4.46888
1384,4.45763,4.45823,4.4593,4.45279
1385,4.47573,4.47684,4.47578,4.47872
1386,4.46806,4.46946,4.46942,4.46711
1387,4.45672,4.45543,4.45433,4.45252
1388,4.47109,4.47139,4.47342,4.46836
1389,4.48741,4.47375,4.4745,4.46947
1390,4.47256,4.47476,4.473,4.47471
1391,4.47161,4.46965,4.46937,4.46647
1392,4.48473,4.48506,4.48517,4.48662
1393,4.4849,4.48697,4.48467,4.46908
1394,4.45608,4.45622,4.45882,4.45269
1395,4.47276,4.48341,4.47341,4.47649
1396,4.47337,4.46668,4.46709,4.47039
1397,4.47642,4.47769,4.47707,4.48464
1398,4.4736,4.47518,4.47457,4.4682
1399,4.46082,4.45972,4.45847,4.45366
1400,4.47459,4.47326,4.47377,4.47853
1401,4.45892,4.45984,4.45849,4.46063
1402,4.46504,4.46556,4.46581,4.46815
1403,4.46733,4.4677,4.46759,4.46451
1404,4.47165,4.4714,4.47137,4.46937
1405,4.48035,4.47921,4.47922,4.47423
1406,4.47491,4.47417,4.47365,4.47469
1407,4.46374,4.46621,4.46454,4.46683
1408,4.4634,4.46478,4.4637,4.46699
1409,4.477,4.47778,4.47685,4.48251
1410,4.46619,4.46659,4.46539,4.46324
1411,4.46942,4.46957,4.46796,4.47005
1412,4.46027,4.46071,4.46096,4.45992
1413,4.46175,4.46117,4.46172,4.48281
1414,4.46886,4.46632,4.46779,4.47563
1415,4.47874,4.47802,4.47678,4.47954
1416,4.47729,4.47664,4.47568,4.47773
1417,4.46104,4.46963,4.46013,4.47173
1418,4.46107,4.45973,4.45947,4.46293
1419,4.46529,4.46595,4.46502,4.46371
1420,4.4687,4.46862,4.46901,4.47034
1421,4.46602,4.46801,4.46632,4.46782
1422,4.46451,4.46373,4.46454,4.46261
1423,4.48701,4.48513,4.48418,4.48937
1424,4.45739,4.45927,4.45713,4.45637
1425,4.442,4.44422,4.4452,4.44085
1426,4.47468,4.4758,4.47426,4.4777
1427,4.46502,4.46394,4.46387,4.46612
1428,4.46002,4.46264,4.46036,4.48487
1429,4.46745,4.46883,4.46526,4.46914
1430,4.5028,4.50082,4.504,4.51845
1431,4.48,4.48072,4.47818,4.48276
1432,4.47349,4.47404,4.47344,4.47395
1433,4.46524,4.4676,4.46306,4.46718
1434,4.48568,4.49033,4.48612,4.48722
1435,4.47635,4.47529,4.47718,4.47679
1436,4.46684,4.46448,4.46562,4.46796
1437,4.46471,4.46467,4.46732,4.46515
1438,4.48037,4.47721,4.48093,4.47962
1439,4.4588,4.46113,4.46097,4.46064
1440,4.47234,4.4758,4.47368,4.4731
1441,4.46893,4.4676,4.46596,4.46649
1442,4.47438,4.47232,4.47237,4.4722
1443,4.48053,4.48194,4.48352,4.47986
1444,4.46955,4.4679,4.46667,4.47022
1445,4.46908,4.46968,4.47057,4.46935
1446,4.48567,4.50771,4.48637,4.48577
1447,4.45858,4.45683,4.45936,4.45896
1448,4.46352,4.46076,4.46442,4.46654
1449,4.48333,4.48219,4.48416,4.48395
1450,4.46372,4.46094,4.46149,4.4629
1451,4.4614,4.46393,4.46188,4.46382
1452,4.47742,4.47754,4.47612,4.47876
1453,4.47047,4.47163,4.47101,4.47109
1454,4.48538,4.48529,4.48464,4.48446
1455,4.47216,4.47375,4.47302,4.4749
1456,4.48264,4.48228,4.48084,4.48012
1457,4.45816,4.45748,4.45788,4.4574
1458,4.48074,4.48227,4.48035,4.48154
1459,4.48489,4.48669,4.48576,4.48705
1460,4.47357,4.47128,4.47267,4.4729
1461,4.45319,4.45355,4.45472,4.4561
1462,4.4711,4.47051,4.46992,4.47377
1463,4.46985,4.47207,4.46973,4.46836
1464,4.46647,4.47093,4.46865,4.46984
1465,4.46818,4.46576,4.46536,4.46953
1466,4.47593,4.47345,4.47572,4.47748
1467,4.46612,4.45206,4.45155,4.45163
1468,4.4669,4.46535,4.46839,4.46405
1469,4.46836,4.4686,4.47048,4.46885
1470,4.46957,4.47339,4.46976,4.47137
1471,4.45808,4.46223,4.4589,4.46052
1472,4.48708,4.48532,4.48545,4.48804
1473,4.4805,4.48027,4.47748,4.48334
1474,4.46484,4.46486,4.46452,4.46239
1475,4.4809,4.48067,4.48275,4.48297
1476,4.47366,4.46888,4.47091,4.47147
1477,4.47109,4.46651,4.46777,4.46595
1478,4.47765,4.47753,4.47362,4.47784
1479,4.46348,4.4646,4.46437,4.46703
1480,4.45869,4.45341,4.45462,4.45734
1481,4.46016,4.462,4.46046,4.46809
1482,4.46832,4.46792,4.46782,4.46632
1483,4.47479,4.47554,4.47761,4.47806
1484,4.46059,4.46427,4.46091,4.46345
1485,4.47573,4.47517,4.47476,4.47593
1486,4.45765,4.45936,4.45924,4.46236
1487,4.46901,4.46731,4.4687,4.47014
1488,4.47461,4.47133,4.47179,4.47173
1489,4.46019,4.45741,4.46015,4.45929
1490,4.47941,4.47794,4.47604,4.478
1491,4.47503,4.47375,4.4721,4.47167
1492,4.46129,4.46285,4.46254,4.46197
1493,4.47861,4.47816,4.47844,4.47734
1494,4.47166,4.47489,4.47448,4.47187
1495,4.47066,4.47295,4.47272,4.47126
1496,4.46311,4.46257,4.46203,4.46363
1497,4.47343,4.47577,4.4717,4.4709
1498,4.45608,4.46085,4.45636,4.45912
1499,4.46842,4.46372,4.46688,4.46463
1500,4.47278,4.47211,4.47297,4.47204
1501,4.45959,4.46128,4.46046,4.46319
1502,4.45992,4.46124,4.45883,4.45608
1503,4.4731,4.47085,4.47091,4.47025
1504,4.49577,4.47629,4.4736,4.4774
1505,4.46092,4.463,4.46368,4.46378
1506,4.46012,4.46144,4.46257,4.4591
1507,4.47561,4.47624,4.47389,4.47483
1508,4.48487,4.48614,4.48345,4.48142
1509,4.4823,4.48131,4.48019,4.48049
1510,4.47446,4.47608,4.47387,4.47277
1511,4.45973,4.45974,4.45864,4.46006
1512,4.45934,4.46075,4.45864,4.4597
1513,4.48247,4.481,4.48023,4.48087
1514,4.45715,4.45795,4.45743,4.45873
1515,4.47134,4.47146,4.47179,4.4718
1516,4.4748,4.4766,4.47368,4.47272
1517,4.45671,4.45811,4.45601,4.45436
1518,4.4908,4.47537,4.47451,4.47535
1519,4.4617,4.46059,4.46189,4.46064
1520,4.45955,4.45684,4.4618,4.46226
1521,4.46841,4.46869,4.46982,4.46748
1522,4.4565,4.45344,4.45494,4.45539
1523,4.47191,4.47228,4.47277,4.47369
1524,4.47204,4.47231,4.47074,4.46958
1525,4.48609,4.48287,4.48116,4.48115
1526,4.47042,4.46946,4.46724,4.47047
1527,4.48387,4.48263,4.48158,4.48129
1528,4.469,4.47084,4.46737,4.46948
1529,4.47868,4.47891,4.47491,4.47547
1530,4.47591,4.47819,4.47797,4.47341
1531,4.47678,4.4754,4.47333,4.47357
1532,4.48615,4.48731,4.48622,4.48267
1533,4.46688,4.4685,4.46941,4.46525
1534,4.47377,4.47272,4.47318,4.47044
1535,4.47094,4.47243,4.4714,4.47029
1536,4.46581,4.46368,4.46284,4.46711
1537,4.46907,4.47002,4.47031,4.46733
1538,4.46522,4.46146,4.46249,4.46602
1539,4.46209,4.46077,4.4605,4.46097
1540,4.45627,4.45486,4.45393,4.45555
1541,4.46698,4.46659,4.46575,4.46679
1542,4.50166,4.47314,4.47174,4.4717
1543,4.46844,4.46717,4.46839,4.4683
1544,4.47069,4.4717,4.47084,4.47255
1545,4.47141,4.47063,4.47009,4.47108
1546,4.47949,4.4755,4.47685,4.47287
1547,4.47554,4.47945,4.47957,4.47523
1548,4.468,4.46756,4.46836,4.46823
1549,4.46719,4.46935,4.4695,4.47151
1550,4.45495,4.45312,4.45221,4.45266
1551,4.46763,4.46578,4.46549,4.4652
1552,4.45923,4.46295,4.46261,4.46269
1553,4.47718,4.48037,4.47725,4.47944
1554,4.49147,4.45948,4.45908,4.4554
1555,4.47626,4.47779,4.47768,4.47508
1556,4.5097,4.47849,4.47776,4.47779
1557,4.46516,4.46818,4.46679,4.46473
1558,4.47821,4.47515,4.47361,4.47484
1559,4.47025,4.47081,4.4714,4.46937
1560,4.47251,4.47426,4.47396,4.47475
1561,4.47171,4.4723,4.47198,4.47411
1562,4.47441,4.47468,4.47458,4.47405
1563,4.47472,4.47343,4.47302,4.47125
1564,4.46149,4.45854,4.46213,4.45278
1565,4.4622,4.46245,4.46409,4.4621
1566,4.4846,4.48085,4.48078,4.4776
1567,4.46809,4.4658,4.46693,4.4695
1568,4.47465,4.4676,4.4679,4.47116
1569,4.46733,4.46802,4.46531,4.46399
1570,4.47583,4.47568,4.47522,4.47639
1571,4.48505,4.48733,4.48397,4.4854
1572,4.45958,4.46,4.46032,4.4614
1573,4.46586,4.46817,4.46447,4.46451
1574,4.46267,4.46313,4.46125,4.46042
1575,4.46849,4.46761,4.46825,4.4676
1576,4.4621,4.46166,4.46083,4.46215
1577,4.46635,4.46559,4.46325,4.46363
1578,4.47488,4.47253,4.47297,4.47279
1579,4.47198,4.47069,4.46996,4.47071
1580,4.45887,4.46141,4.45949,4.45963
1581,4.48019,4.47564,4.47673,4.47538
1582,4.46114,4.45737,4.45803,4.46097
1583,4.47947,4.47877,4.47899,4.47698
1584,4.47795,4.47656,4.47666,4.47819
1585,4.48107,4.47459,4.47562,4.46961
1586,4.46292,4.46451,4.46381,4.46235
1587,4.4594,4.46034,4.46143,4.45857
1588,4.45818,4.45766,4.45722,4.45712
1589,4.49516,4.47006,4.46945,4.46922
1590,4.48583,4.46475,4.46528,4.46464
1591,4.4719,4.4701,4.46863,4.46981
1592,4.4687,4.46596,4.4648,4.46617
1593,4.48018,4.4781,4.46039,4.46095
1594,4.4653,4.46731,4.46659,4.46897
1595,4.47484,4.47424,4.47476,4.47104
1596,4.46207,4.45734,4.46046,4.46007
1597,4.48504,4.48336,4.48382,4.48166
1598,4.46669,4.46595,4.46592,4.46563
1599,4.47671,4.4736,4.47241,4.46904
1600,4.48968,4.49137,4.49318,4.48233
1601,4.46093,4.46059,4.46261,4.45657
1602,4.45604,4.45914,4.45843,4.45693
1603,4.49792,4.47257,4.4743,4.46983
1604,4.46529,4.46469,4.46335,4.46483
1605,4.4736,4.47393,4.47273,4.47288
1606,4.4731,4.47111,4.47147,4.46452
1607,4.45315,4.44857,4.4489,4.44781
1608,4.47276,4.47547,4.47473,4.47591
1609,4.46997,4.47065,4.47078,4.47062
1610,4.47554,4.47926,4.47769,4.48093
1611,4.46898,4.46783,4.46803,4.45993
1612,4.46666,4.46876,4.46584,4.46501
1613,4.46678,4.46278,4.46412,4.4647
1614,4.46606,4.46388,4.46249,4.46209
1615,4.45755,4.45692,4.45476,4.44336
1616,4.46505,4.46828,4.46637,4.46718
1617,4.46451,4.4629,4.46316,4.46661
1618,4.46396,4.46357,4.46209,4.45629
1619,4.4709,4.47203,4.46866,4.46455
1620,4.46211,4.46274,4.46201,4.46179
1621,4.49098,4.4886,4.48957,4.49457
1622,4.4788,4.47917,4.48117,4.47899
1623,4.47713,4.48042,4.47898,4.47693
1624,4.45552,4.45598,4.45545,4.45074
1625,4.46874,4.47463,4.47539,4.47597
1626,4.47641,4.47291,4.47286,4.46601
1627,4.46547,4.46427,4.46381,4.4635
1628,4.46584,4.46457,4.46423,4.46902
1629,4.4848,4.48597,4.48578,4.48039
1630,4.46743,4.47159,4.47096,4.46754
1631,4.45376,4.4532,4.45133,4.44322
1632,4.46068,4.4587,4.45905,4.44964
1633,4.51028,4.48303,4.48133,4.46916
1634,4.45539,4.45922,4.45902,4.4527
1635,4.48123,4.46541,4.46586,4.46516
1636,4.47831,4.47725,4.47905,4.46838
1637,4.47275,4.47041,4.4701,4.45691
1638,4.47489,4.46188,4.46419,4.4563
1639,4.45555,4.45615,4.45553,4.45675
1640,4.4743,4.47079,4.46963,4.46458
1641,4.46935,4.46712,4.46725,4.46244
1642,4.48132,4.47831,4.47771,4.4735
1643,4.48943,4.46691,4.46665,4.46443
1644,4.46919,4.45628,4.45354,4.45073
1645,4.46086,4.46096,4.46031,4.45121
1646,4.46221,4.46503,4.46589,4.46125
1647,4.46773,4.46534,4.46604,4.46642
1648,4.48374,4.47414,4.47243,4.47616
1649,4.46404,4.45917,4.4586,4.45812
1650,4.4538,4.45049,4.44935,4.45175
1651,4.47621,4.47788,4.4802,4.47163
1652,4.4857,4.46095,4.45957,4.46218
1653,4.45829,4.45939,4.46025,4.45746
1654,4.49928,4.46927,4.46961,4.47465
1655,4.48904,4.46331,4.46432,4.46932
1656,4.4968,4.47846,4.48011,4.48078
1657,4.48768,4.46591,4.46722,4.46904
1658,4.50455,4.48094,4.47953,4.49596
1659,4.49267,4.48098,4.48065,4.49211
1660,4.46947,4.46822,4.46794,4.46584
1661,4.48643,4.48529,4.48341,4.4842
1662,4.48726,4.478,4.4776,4.47541
1663,4.51062,4.47133,4.47173,4.47288
1664,4.46321,4.45756,4.45873,4.45842
1665,4.47122,4.46089,4.46064,4.46184
1666,4.49211,4.47694,4.47701,4.47318
1667,4.48508,4.45394,4.45447,4.45545
1668,4.45891,4.45196,4.45244,4.4517
1669,4.54441,4.47612,4.47377,4.47219
1670,4.49319,4.46995,4.46901,4.46964
1671,4.45629,4.45071,4.45156,4.45196
1672,4.46538,4.46408,4.46371,4.45642
1673,4.52618,4.47311,4.47136,4.47487
1674,4.47661,4.46152,4.46129,4.46559
1675,4.46848,4.46786,4.46695,4.46584
1676,4.48479,4.46566,4.4646,4.46464
1677,4.48556,4.46269,4.46224,4.46219
1678,4.46399,4.46154,4.46173,4.46259
1679,4.47583,4.47828,4.47638,4.47424
1680,4.48226,4.4789,4.47857,4.47859
1681,4.47951,4.47698,4.47406,4.47472
1682,4.47756,4.48051,4.47887,4.48048
1683,4.49156,4.47181,4.47456,4.47465
1684,4.47126,4.46656,4.46614,4.46244
1685,4.51149,4.4686,4.46875,4.46941
1686,4.50226,4.48281,4.48175,4.48041
1687,4.47386,4.45825,4.45506,4.4568
1688,4.47557,4.46951,4.47072,4.46658
1689,4.47798,4.47104,4.47083,4.47215
1690,4.48108,4.47037,4.46871,4.46821
1691,4.47752,4.4606,4.46128,4.4589
1692,4.48336,4.45995,4.45891,4.4588
1693,4.47473,4.46125,4.46155,4.46121
1694,4.4706,4.46329,4.46179,4.46365
1695,4.46418,4.46584,4.46535,4.46498
1696,4.47215,4.46829,4.46745,4.46905
1697,4.48906,4.45656,4.45554,4.45465
1698,4.48267,4.47757,4.47748,4.47387
1699,4.49444,4.48303,4.48403,4.48371
1700,4.46274,4.45994,4.45903,4.45823
1701,4.47365,4.47273,4.47452,4.47061
1702,4.46536,4.45965,4.4595,4.45745
1703,4.48149,4.47809,4.47745,4.47649
1704,4.48942,4.45759,4.46035,4.45777
1705,4.47738,4.4749,4.47635,4.47488
1706,4.48124,4.48412,4.48419,4.48398
1707,4.47344,4.47246,4.47294,4.47014
1708,4.4715,4.46621,4.46553,4.46405
1709,4.45754,4.44979,4.45203,4.45105
1710,4.48093,4.45904,4.45837,4.45944
1711,4.48221,4.48139,4.47973,4.48196
1712,4.46558,4.46071,4.46067,4.46176
1713,4.45818,4.45448,4.45353,4.45023
1714,4.46186,4.462,4.46028,4.45742
1715,4.46566,4.46776,4.46561,4.4683
1716,4.45629,4.45427,4.45261,4.44697
1717,4.48005,4.47496,4.47287,4.47822
1718,4.4686,4.46752,4.46546,4.47016
1719,4.47361,4.4674,4.46766,4.47042
1720,4.4716,4.46668,4.4656,4.4696
1721,4.47911,4.48134,4.47851,4.47503
1722,4.46863,4.47355,4.47477,4.47133
1723,4.47799,4.47816,4.47705,4.48185
1724,4.44262,4.44616,4.44524,4.448
1725,4.46678,4.46053,4.46299,4.46
1726,4.4735,4.47417,4.47399,4.47531
1727,4.48374,4.48147,4.4822,4.48166
1728,4.44918,4.44956,4.44941,4.44976
1729,4.48242,4.46482,4.46625,4.4617
1730,4.48136,4.4781,4.47904,4.475
1731,4.46873,4.46469,4.46542,4.46332
1732,4.47496,4.46919,4.46905,4.46472
1733,4.46841,4.471,4.46986,4.46821
1734,4.48553,4.48606,4.48361,4.48466
1735,4.4793,4.48188,4.48244,4.47489
1736,4.45868,4.45837,4.45593,4.4534
1737,4.46502,4.46391,4.46525,4.46074
1738,4.47284,4.47211,4.47169,4.47853
1739,4.46734,4.4641,4.46278,4.46225
1740,4.48359,4.46617,4.46664,4.46761
1741,4.46922,4.47103,4.46998,4.469
1742,4.46528,4.46029,4.45988,4.4553
1743,4.47555,4.47372,4.47459,4.47657
1744,4.47727,4.47496,4.47438,4.46854
1745,4.46535,4.46343,4.46398,4.45921
1746,4.47294,4.4726,4.47259,4.46292
1747,4.4817,4.47959,4.47834,4.47403
1748,4.46953,4.46809,4.46685,4.46172
1749,4.45622,4.45882,4.45894,4.4529
1750,4.46079,4.45874,4.4584,4.45011
1751,4.49346,4.4929,4.49328,4.48918
1752,4.47769,4.47633,4.47611,4.47527
1753,4.47189,4.47338,4.47201,4.46799
1754,4.4832,4.48336,4.48271,4.47326
1755,4.45393,4.45908,4.45743,4.46107
1756,4.47723,4.47672,4.47865,4.47295
1757,4.48312,4.48171,4.48016,4.47167
1758,4.46623,4.46374,4.46441,4.46208
1759,4.46381,4.46345,4.46186,4.46745
1760,4.46421,4.46556,4.46486,4.47241
1761,4.47108,4.46391,4.46402,4.46045
1762,4.47956,4.4827,4.48141,4.47638
1763,4.46669,4.46812,4.46735,4.47023
1764,4.45476,4.45588,4.45459,4.44769
1765,4.46316,4.45792,4.45967,4.46529
1766,4.47501,4.47726,4.47636,4.47386
1767,4.47467,4.46924,4.4698,4.46968
1768,4.45316,4.4554,4.45418,4.44786
1769,4.4603,4.45881,4.45849,4.45754
1770,4.46979,4.46979,4.46862,4.46734
1771,4.46669,4.46439,4.46545,4.46369
1772,4.45803,4.45718,4.45665,4.45402
1773,4.4747,4.47258,4.47081,4.4923
1774,4.47329,4.47545,4.47387,4.4732
1775,4.46351,4.46407,4.46504,4.46407
1776,4.46721,4.46844,4.46901,4.46932
1777,4.46822,4.46847,4.46736,4.4745
1778,4.47929,4.47947,4.47835,4.47718
1779,4.46293,4.45842,4.45826,4.45925
1780,4.47112,4.47082,4.47095,4.50031
1781,4.46919,4.46876,4.46862,4.46841
1782,4.4662,4.46698,4.46678,4.46465
1783,4.47647,4.47292,4.47151,4.47248
1784,4.46025,4.45891,4.46024,4.46029
1785,4.47484,4.47577,4.47424,4.47291
1786,4.46715,4.46707,4.46798,4.47072
1787,4.46915,4.46803,4.4675,4.46977
1788,4.47487,4.47425,4.47338,4.47448
1789,4.4613,4.45975,4.46021,4.46431
1790,4.46225,4.45903,4.45968,4.46079
1791,4.47879,4.47534,4.47521,4.47083
1792,4.47375,4.46996,4.47137,4.47149
1793,4.47166,4.47224,4.47222,4.47301
1794,4.46952,4.4707,4.46971,4.47052
1795,4.4615,4.45921,4.45996,4.45918
1796,4.45813,4.45354,4.4548,4.45611
1797,4.47184,4.4739,4.47292,4.47205
1798,4.46054,4.46129,4.46289,4.46164
1799,4.45957,4.45757,4.45693,4.45443
1800,4.47008,4.47325,4.47381,4.47367
1801,4.46621,4.46637,4.46667,4.46692
1802,4.46273,4.45973,4.45983,4.45948
1803,4.46351,4.46233,4.46348,4.46043
1804,4.48307,4.47866,4.47818,4.47903
1805,4.45493,4.45544,4.45552,4.4552
1806,4.48221,4.47475,4.4758,4.47521
1807,4.49079,4.48843,4.48788,4.49316
1808,4.46881,4.46539,4.46398,4.45859
1809,4.4884,4.48411,4.48374,4.4843
1810,4.48832,4.48744,4.48814,4.48154
1811,4.47805,4.47756,4.47744,4.47875
1812,4.46761,4.46616,4.46654,4.46587
1813,4.46936,4.46886,4.46932,4.47347
1814,4.46068,4.46319,4.46166,4.45003
1815,4.47667,4.47856,4.47691,4.48819
1816,4.4796,4.48051,4.47746,4.48562
1817,4.46187,4.4619,4.46218,4.45744
1818,4.46945,4.47053,4.47111,4.47272
1819,4.46378,4.4633,4.46235,4.46283
1820,4.46326,4.46539,4.46399,4.46285
1821,4.46006,4.46074,4.45991,4.46137
1822,4.47044,4.46985,4.46927,4.4701
1823,4.47384,4.47109,4.47026,4.46986
1824,4.47808,4.47767,4.47937,4.47267
1825,4.4592,4.4597,4.46281,4.45824
1826,4.46778,4.46908,4.46836,4.46372
1827,4.4526,4.45385,4.45428,4.46178
1828,4.47124,4.4707,4.47015,4.46653
1829,4.46778,4.46766,4.46681,4.47224
1830,4.45512,4.45791,4.45715,4.46069
1831,4.46507,4.46559,4.46348,4.47101
1832,4.46819,4.46891,4.46779,4.47086
1833,4.47071,4.47002,4.46994,4.47405
1834,4.47175,4.47211,4.47122,4.47319
1835,4.45612,4.45644,4.45464,4.45424
1836,4.47347,4.4736,4.47266,4.47332
1837,4.46078,4.462,4.46062,4.45634
1838,4.48599,4.45823,4.45792,4.4566
1839,4.48116,4.47894,4.47957,4.47637
1840,4.48204,4.4781,4.4778,4.47776
1841,4.49226,4.473,4.47177,4.47197
1842,4.47533,4.47515,4.47474,4.47178
1843,4.46573,4.4662,4.46461,4.46605
1844,4.47254,4.47079,4.47011,4.47113
1845,4.47734,4.47313,4.4746,4.47408
1846,4.47476,4.47463,4.47317,4.47281
1847,4.47046,4.46996,4.46977,4.46744
1848,4.46342,4.46404,4.46344,4.46582
1849,4.48697,4.48173,4.47975,4.47939
1850,4.46533,4.46265,4.46355,4.46488
1851,4.49898,4.48631,4.48542,4.50503
1852,4.46716,4.46462,4.46594,4.4608
1853,4.47138,4.46882,4.46881,4.46856
1854,4.46287,4.46246,4.46242,4.46313
1855,4.48924,4.48602,4.48509,4.48315
1856,4.46961,4.47109,4.47026,4.47158
1857,4.4633,4.46249,4.46344,4.46463
1858,4.47028,4.47299,4.47207,4.46929
1859,4.46282,4.46177,4.4624,4.46367
1860,4.46511,4.46326,4.46239,4.458
1861,4.47776,4.47755,4.4769,4.47256
1862,4.46221,4.46434,4.46392,4.45991
1863,4.45597,4.45805,4.458,4.45855
1864,4.46448,4.46066,4.46156,4.45682
1865,4.47429,4.47503,4.47536,4.48936
1866,4.47745,4.47714,4.47801,4.48137
1867,4.46961,4.47135,4.46964,4.46853
1868,4.46327,4.4609,4.46203,4.46227
1869,4.48287,4.48357,4.48388,4.47983
1870,4.46136,4.46105,4.4613,4.46146
1871,4.4562,4.45761,4.45753,4.45643
1872,4.46054,4.45796,4.45833,4.45849
1873,4.47432,4.47267,4.47311,4.46961
1874,4.46175,4.46118,4.46167,4.46238
1875,4.4816,4.4774,4.47651,4.47516
1876,4.45874,4.45729,4.45735,4.45466
1877,4.48762,4.48435,4.48428,4.48151
1878,4.47216,4.47104,4.47035,4.47183
1879,4.45377,4.45373,4.4538,4.45836
1880,4.46756,4.47069,4.4688,4.47055
1881,4.46952,4.4663,4.46607,4.46841
1882,4.47277,4.4732,4.47122,4.469
1883,4.45856,4.46,4.45955,4.48278
1884,4.46074,4.46141,4.4605,4.47125
1885,4.47664,4.47734,4.47636,4.47646
1886,4.46373,4.46264,4.46243,4.46022
1887,4.45313,4.45407,4.45488,4.45621
1888,4.46541,4.46547,4.46432,4.46563
1889,4.46271,4.46197,4.45967,4.46117
1890,4.47942,4.4782,4.47796,4.47553
1891,4.46278,4.46366,4.4618,4.46256
1892,4.4726,4.47487,4.47517,4.47693
1893,4.47326,4.4741,4.47171,4.47312
1894,4.47502,4.47486,4.47407,4.48241
1895,4.47746,4.47714,4.47596,4.4755
1896,4.47733,4.47445,4.4748,4.4788
1897,4.45775,4.45746,4.45729,4.45754
1898,4.4755,4.47671,4.47557,4.47185
1899,4.46076,4.46148,4.46041,4.45581
1900,4.46653,4.46623,4.46419,4.46685
1901,4.44879,4.45004,4.44883,4.4472
1902,4.47186,4.47071,4.47132,4.48388
1903,4.46338,4.46263,4.46334,4.46379
1904,4.47588,4.47477,4.47534,4.48362
1905,4.45288,4.45334,4.45243,4.45352
1906,4.46857,4.46906,4.46772,4.46991
1907,4.47424,4.47494,4.47404,4.48057
1908,4.46704,4.46162,4.463,4.46026
1909,4.4453,4.44529,4.44573,4.45506
1910,4.47023,4.46969,4.47022,4.47309
1911,4.47019,4.46882,4.47016,4.46927
1912,4.46853,4.46909,4.4693,4.47401
1913,4.48342,4.4844,4.4836,4.48922
1914,4.46201,4.46293,4.46339,4.46533
1915,4.46719,4.46836,4.46646,4.46674
1916,4.46739,4.46849,4.4691,4.47966
1917,4.46804,4.46733,4.46846,4.46695
1918,4.46018,4.46062,4.45989,4.45531
1919,4.46304,4.46349,4.4637,4.46151
1920,4.47377,4.47423,4.4735,4.46981
1921,4.47019,4.47312,4.47312,4.47568
1922,4.46353,4.46531,4.464,4.46806
1923,4.46826,4.46701,4.46656,4.46805
1924,4.46644,4.46478,4.46455,4.47086
1925,4.46433,4.46634,4.46581,4.46738
1926,4.48315,4.48504,4.48375,4.48387
1927,4.47928,4.48154,4.48011,4.48514
1928,4.47748,4.47656,4.47629,4.50426
1929,4.4616,4.46338,4.46346,4.48312
1930,4.47001,4.46619,4.46598,4.46889
1931,4.47873,4.47877,4.47996,4.47914
1932,4.47462,4.47324,4.47331,4.4731
1933,4.46006,4.45985,4.45879,4.45992
1934,4.47495,4.47452,4.47424,4.48075
1935,4.46981,4.47009,4.4709,4.46806
1936,4.49023,4.46147,4.46011,4.46093
1937,4.46701,4.46549,4.46467,4.46214
1938,4.46904,4.46746,4.46877,4.47054
1939,4.44768,4.44762,4.44793,4.45416
1940,4.47097,4.47142,4.47092,4.47265
1941,4.45282,4.4512,4.45092,4.45173
1942,4.46567,4.46515,4.46574,4.46504
1943,4.48061,4.45901,4.45868,4.45668
1944,4.48267,4.48427,4.48496,4.48743
1945,4.46902,4.45454,4.45487,4.45507
1946,4.4774,4.479,4.47769,4.47838
1947,4.47597,4.46607,4.46605,4.4695
1948,4.45567,4.45408,4.45466,4.45685
1949,4.48282,4.46703,4.46638,4.46636
1950,4.51274,4.48787,4.48805,4.48427
1951,4.48569,4.45837,4.45878,4.46035
1952,4.47457,4.47348,4.47398,4.47349
1953,4.46403,4.46303,4.46256,4.46393
1954,4.46449,4.46153,4.46166,4.466
1955,4.48558,4.46718,4.46632,4.4676
1956,4.4702,4.46895,4.46924,4.47161
1957,4.46674,4.46446,4.46365,4.46165
1958,4.4817,4.47797,4.47732,4.47862
1959,4.48043,4.45529,4.45526,4.45511
1960,4.47331,4.47046,4.47057,4.4717
1961,4.46772,4.46894,4.46798,4.46891
1962,4.44683,4.44471,4.4444,4.4426
1963,4.46368,4.4616,4.4619,4.46146
1964,4.46888,4.46502,4.46462,4.46295
1965,4.48483,4.48056,4.4805,4.48027
1966,4.46346,4.45903,4.45974,4.45956
1967,4.48114,4.47915,4.4792,4.4793
1968,4.46812,4.46838,4.46652,4.46575
1969,4.46613,4.4629,4.4635,4.46347
1970,4.46805,4.46803,4.46732,4.4692
1971,4.45378,4.45571,4.45423,4.45363
1972,4.47285,4.47642,4.47524,4.47652
1973,4.4751,4.47608,4.47557,4.47354
1974,4.4778,4.47779,4.47621,4.47763
1975,4.46271,4.46156,4.46153,4.46314
1976,4.47494,4.47309,4.47377,4.47395
1977,4.48052,4.47921,4.47793,4.47756
1978,4.46924,4.46931,4.46831,4.46883
1979,4.46146,4.46183,4.46066,4.46441
1980,4.46711,4.46875,4.46803,4.46538
1981,4.46932,4.47301,4.47259,4.47244
1982,4.46529,4.46527,4.46443,4.46652
1983,4.47341,4.47716,4.47613,4.47503
1984,4.45753,4.4568,4.45559,4.45862
1985,4.46514,4.46271,4.46393,4.46723
1986,4.46577,4.46489,4.46402,4.46508
1987,4.4624,4.46223,4.46165,4.46183
1988,4.4632,4.46513,4.46359,4.46521
1989,4.46583,4.46404,4.4645,4.4631
1990,4.45898,4.46038,4.46141,4.46044
1991,4.47331,4.47091,4.47168,4.47109
1992,4.47958,4.47971,4.47716,4.48166
1993,4.47639,4.47926,4.47835,4.48129
1994,4.46818,4.46567,4.46669,4.46412
1995,4.47321,4.47313,4.47353,4.47549
1996,4.50255,4.48519,4.48575,4.48649
1997,4.45748,4.45827,4.45721,4.45647
1998,4.45702,4.45772,4.45721,4.46098
1999,4.47246,4.47237,4.47287,4.47482
2000,4.4684,4.47093,4.46962,4.47156
2001,4.48148,4.48249,4.48237,4.48676
2002,4.47266,4.4717,4.47315,4.47413
2003,4.46375,4.46012,4.46134,4.46154
2004,4.47907,4.48097,4.47943,4.48033
2005,4.46718,4.46576,4.46583,4.46636
2006,4.47042,4.46786,4.46744,4.47092
2007,4.47176,4.47275,4.47335,4.47588
2008,4.47155,4.47169,4.47144,4.47003
2009,4.46773,4.46353,4.46355,4.46478
2010,4.47215,4.46912,4.46771,4.46944
2011,4.46875,4.4688,4.46714,4.46905
2012,4.46071,4.45968,4.4591,4.46036
2013,4.46504,4.46306,4.46325,4.46218
2014,4.45597,4.45433,4.45582,4.4558
2015,4.47081,4.47374,4.47226,4.47598
2016,4.48488,4.48245,4.48009,4.48291
2017,4.47581,4.47677,4.47617,4.47413
2018,4.45486,4.4538,4.45416,4.45283
2019,4.46758,4.4689,4.46795,4.4684
2020,4.45938,4.46021,4.45861,4.45851
2021,4.46378,4.46287,4.46319,4.46487
2022,4.46443,4.46464,4.46451,4.46536
2023,4.47709,4.47554,4.4752,4.4759
2024,4.46152,4.45938,4.45959,4.46107
2025,4.49113,4.49117,4.49038,4.49131
2026,4.49123,4.48904,4.48766,4.48897
2027,4.46887,4.47022,4.47021,4.46973
2028,4.47227,4.47514,4.47458,4.47693
2029,4.46773,4.46673,4.46579,4.46762
2030,4.46874,4.4683,4.46681,4.467
2031,4.47165,4.47239,4.47269,4.47057
2032,4.46052,4.45723,4.457,4.45797
2033,4.46416,4.46297,4.46295,4.46303
2034,4.45213,4.45491,4.4561,4.45375
2035,4.45861,4.4553,4.45591,4.45704
2036,4.46482,4.46465,4.46416,4.46228
2037,4.47855,4.47416,4.47475,4.47085
2038,4.45924,4.45819,4.45826,4.45605
2039,4.46971,4.47062,4.47058,4.46853
2040,4.4677,4.46677,4.4668,4.46792
2041,4.46085,4.46156,4.46146,4.46221
2042,4.48767,4.48675,4.48739,4.48904
2043,4.46474,4.46401,4.46441,4.4651
2044,4.4837,4.46772,4.46721,4.46852
2045,4.46349,4.46367,4.4628,4.46556
2046,4.46963,4.47243,4.47165,4.47045
2047,4.47937,4.47987,4.48021,4.48111
2048,4.46298,4.46157,4.46152,4.46115
2049,4.47051,4.46843,4.46677,4.4688
2050,4.45548,4.45411,4.45425,4.45381
2051,4.47517,4.46205,4.46169,4.46106
2052,4.46062,4.46156,4.46172,4.46249
2053,4.47754,4.45743,4.458,4.45825
2054,4.47484,4.47611,4.47591,4.4752
2055,4.48064,4.48298,4.48252,4.48265
2056,4.4714,4.47069,4.46987,4.47179
2057,4.46202,4.46183,4.4608,4.46126
2058,4.47446,4.47379,4.47338,4.47437
2059,4.46244,4.46279,4.46352,4.46385
2060,4.46542,4.4608,4.45899,4.45958
2061,4.46432,4.46409,4.46193,4.4624
2062,4.47223,4.46965,4.46775,4.46666
2063,4.46928,4.46939,4.47014,4.46762
2064,4.47428,4.47571,4.4743,4.4754
2065,4.47299,4.47438,4.47352,4.47579
2066,4.47491,4.47335,4.47107,4.47194
2067,4.46655,4.4653,4.46584,4.46671
2068,4.46752,4.47155,4.471,4.46994
2069,4.4602,4.45807,4.45864,4.4592
2070,4.46166,4.46197,4.46073,4.46094
2071,4.46616,4.46633,4.46559,4.46508
2072,4.45524,4.45376,4.455,4.45556
2073,4.45514,4.45512,4.4538,4.4537
2074,4.47047,4.4699,4.47087,4.47007
2075,4.46584,4.4626,4.46277,4.47067
2076,4.47792,4.47669,4.47622,4.47793
2077,4.47032,4.47296,4.47204,4.46863
2078,4.46886,4.46474,4.4655,4.46594
2079,4.47361,4.47102,4.47047,4.47251
2080,4.47379,4.47682,4.47664,4.47651
2081,4.47719,4.47436,4.47428,4.47642
2082,4.46497,4.46567,4.46495,4.46467
2083,4.47235,4.46995,4.47054,4.47204
2084,4.47283,4.47305,4.47387,4.475
2085,4.45876,4.46055,4.45937,4.45774
2086,4.45915,4.45638,4.45657,4.45497
2087,4.46121,4.4598,4.45795,4.45985
2088,4.47603,4.47616,4.47579,4.47704
2089,4.46023,4.46042,4.4612,4.46113
2090,4.4697,4.46652,4.46541,4.46738
2091,4.47212,4.47484,4.47454,4.47345
2092,4.45905,4.46139,4.46181,4.46144
2093,4.47192,4.46934,4.46902,4.46981
2094,4.46167,4.46102,4.4616,4.46353
2095,4.47894,4.47867,4.47989,4.4782
2096,4.46154,4.46158,4.46123,4.46154
2097,4.4797,4.48028,4.48002,4.47908
2098,4.47325,4.47392,4.47331,4.47339
2099,4.46281,4.4652,4.46556,4.46437
2100,4.47331,4.47169,4.4725,4.47226
2101,4.46306,4.46364,4.46299,4.46393
2102,4.46073,4.46104,4.46151,4.46181
2103,4.47246,4.47324,4.47266,4.47275
2104,4.47293,4.47346,4.47351,4.47183
2105,4.47859,4.47614,4.47497,4.47805
2106,4.45893,4.46055,4.46171,4.46094
2107,4.4757,4.47706,4.4758,4.47508
2108,4.48183,4.48398,4.4821,4.48335
2109,4.45105,4.45235,4.45169,4.45316
2110,4.47403,4.47236,4.47196,4.47298
2111,4.47034,4.47101,4.4713,4.47175
2112,4.47456,4.47393,4.47373,4.47359
2113,4.46035,4.4647,4.46367,4.4626
2114,4.47213,4.47032,4.46897,4.46979
2115,4.47211,4.47368,4.47354,4.47331
2116,4.46979,4.46601,4.46521,4.46874
2117,4.46887,4.46701,4.46672,4.46735
2118,4.46655,4.46586,4.46509,4.46554
2119,4.45934,4.46089,4.46218,4.46159
2120,4.46357,4.46299,4.46186,4.46159
2121,4.47972,4.47841,4.47796,4.477
2122,4.47062,4.4658,4.46583,4.46629
2123,4.46018,4.46207,4.46101,4.46186
2124,4.46849,4.46719,4.46683,4.46607
2125,4.4655,4.46523,4.46433,4.46371
2126,4.47744,4.47859,4.47832,4.47857
2127,4.48119,4.48079,4.48084,4.48163
2128,4.46859,4.46632,4.46678,4.46616
2129,4.46097,4.4599,4.46045,4.4596
2130,4.46654,4.46696,4.46655,4.4664
2131,4.46402,4.46249,4.46333,4.4635
2132,4.47223,4.46993,4.47134,4.47146
2133,4.47564,4.47601,4.4774,4.47598
2134,4.48131,4.47869,4.47822,4.47804
2135,4.45059,4.44708,4.44942,4.44773
2136,4.47798,4.47546,4.47346,4.47453
2137,4.45506,4.45487,4.45489,4.456
2138,4.47255,4.47164,4.47177,4.47107
2139,4.46359,4.4619,4.46179,4.46396
2140,4.47328,4.47289,4.47343,4.47208
2141,4.47686,4.47631,4.4762,4.47663
2142,4.47901,4.51208,4.47767,4.47737
2143,4.46102,4.46263,4.46223,4.46036
2144,4.46587,4.4678,4.46685,4.46744
2145,4.47151,4.47105,4.47047,4.46949
2146,4.47246,4.47199,4.47267,4.47091
2147,4.46787,4.46696,4.4666,4.4678
2148,4.46829,4.46892,4.46879,4.46763
2149,4.47601,4.47496,4.47578,4.47624
2150,4.46808,4.46911,4.4676,4.46803
2151,4.46842,4.46848,4.46729,4.46775
2152,4.46507,4.46597,4.46513,4.46628
2153,4.47931,4.47965,4.47944,4.47888
2154,4.46083,4.46097,4.46168,4.46104
2155,4.46795,4.46756,4.46688,4.4676
2156,4.46493,4.46564,4.46428,4.4677
2157,4.4632,4.46303,4.46332,4.46355
2158,4.47454,4.47537,4.47432,4.47606
2159,4.47597,4.47778,4.47751,4.47916
2160,4.45784,4.46008,4.45959,4.45991
2161,4.46764,4.47002,4.46788,4.46914
2162,4.46189,4.46023,4.46076,4.46094
2163,4.4773,4.47545,4.47463,4.47622
2164,4.46036,4.45926,4.45922,4.45945
2165,4.45578,4.45577,4.45362,4.45468
2166,4.469,4.46637,4.4666,4.46623
2167,4.45993,4.45942,4.45884,4.46005
2168,4.45499,4.45621,4.45612,4.45516
2169,4.46789,4.46905,4.46997,4.47226
2170,4.47037,4.47239,4.4716,4.47065
2171,4.44808,4.44816,4.44861,4.44856
2172,4.47107,4.47395,4.47222,4.47381
2173,4.45509,4.45497,4.45436,4.45666
2174,4.4799,4.47783,4.47967,4.47824
2175,4.46713,4.46868,4.46786,4.46767
2176,4.45077,4.45305,4.45001,4.45026
2177,4.46386,4.46412,4.46278,4.46319
2178,4.48698,4.48613,4.48676,4.48766
2179,4.46211,4.46141,4.46179,4.46405
2180,4.46749,4.46615,4.46681,4.46734
2181,4.46827,4.46801,4.46696,4.46654
2182,4.46256,4.46282,4.46323,4.46454
2183,4.46151,4.46147,4.45928,4.46032
2184,4.47397,4.47302,4.47279,4.4738
2185,4.46619,4.467,4.46573,4.46652
2186,4.45718,4.45664,4.45601,4.45498
2187,4.46733,4.46661,4.46586,4.467
2188,4.46425,4.46568,4.46473,4.46477
2189,4.47371,4.47366,4.47428,4.47401
2190,4.49104,4.48897,4.48829,4.48883
2191,4.48395,4.48073,4.48029,4.48088
2192,4.47744,4.47783,4.47828,4.47779
2193,4.46459,4.46349,4.46345,4.46458
2194,4.46157,4.46007,4.46086,4.46055
2195,4.47678,4.47751,4.47716,4.47677
2196,4.47187,4.46968,4.47001,4.47256
2197,4.46062,4.46137,4.46147,4.46129
2198,4.4665,4.4661,4.46729,4.4654
2199,4.4816,4.47977,4.47904,4.48143
2200,4.47733,4.47626,4.47768,4.47729
2201,4.45908,4.45908,4.45932,4.46041
2202,4.46855,4.46607,4.46598,4.46771
2203,4.4663,4.46607,4.46633,4.46642
2204,4.47501,4.47347,4.47402,4.4743
2205,4.46483,4.46395,4.46371,4.46259
2206,4.46665,4.46575,4.46599,4.46697
2207,4.47936,4.47707,4.47615,4.47673
2208,4.45573,4.45826,4.45739,4.45936
2209,4.47325,4.47506,4.47655,4.47552
2210,4.47167,4.47064,4.46931,4.47229
2211,4.4737,4.47434,4.47331,4.47521
2212,4.47108,4.47257,4.47004,4.46899
2213,4.45998,4.46277,4.46078,4.45993
2214,4.46474,4.46508,4.46434,4.46485
2215,4.45772,4.45959,4.45836,4.46033
2216,4.46781,4.4677,4.46536,4.46559
2217,4.4673,4.46949,4.46829,4.46855
2218,4.4624,4.46212,4.46181,4.46301
2219,4.47652,4.47908,4.47788,4.47884
2220,4.46526,4.46529,4.46559,4.46531
2221,4.45609,4.45515,4.45491,4.4549
2222,4.47218,4.46885,4.4709,4.47089
2223,4.47146,4.4709,4.47028,4.47095
2224,4.47535,4.47446,4.47361,4.47352
2225,4.46172,4.46254,4.46117,4.46233
2226,4.45856,4.45992,4.45935,4.45787
2227,4.4686,4.46611,4.46558,4.46683
2228,4.48443,4.48245,4.48189,4.48253
2229,4.4551,4.45385,4.45424,4.45402
2230,4.47388,4.47361,4.47224,4.47326
2231,4.46656,4.4664,4.46655,4.46689
2232,4.47056,4.47021,4.46903,4.46847
2233,4.46425,4.46258,4.46117,4.46391
2234,4.47229,4.47258,4.47103,4.47176
2235,4.46565,4.46458,4.46494,4.46515
2236,4.47219,4.47501,4.47476,4.4759
2237,4.46955,4.47135,4.46893,4.47078
2238,4.45594,4.45949,4.45806,4.45666
2239,4.47458,4.47454,4.47251,4.47391
2240,4.45997,4.46232,4.46126,4.46199
2241,4.4721,4.47292,4.47147,4.46982
2242,4.47904,4.47856,4.47721,4.47771
2243,4.47154,4.47355,4.47292,4.4719
2244,4.45744,4.45816,4.458,4.45872
2245,4.46495,4.46468,4.46429,4.46406
2246,4.45711,4.4594,4.45899,4.45954
2247,4.46475,4.46555,4.46491,4.46416
2248,4.46061,4.46039,4.46009,4.45998
2249,4.4562,4.45479,4.45424,4.4567
2250,4.46884,4.46891,4.46856,4.46886
2251,4.47135,4.47111,4.47175,4.47324
2252,4.46041,4.46115,4.46111,4.46122
2253,4.47278,4.47453,4.47409,4.47499
2254,4.45875,4.45972,4.46018,4.46152
2255,4.46335,4.4642,4.46371,4.46367
2256,4.46755,4.46877,4.46848,4.46834
2257,4.47182,4.47211,4.47139,4.47154
2258,4.45783,4.45825,4.45833,4.4587
2259,4.46936,4.46781,4.46785,4.46877
2260,4.459,4.46021,4.45939,4.4598
2261,4.48749,4.4843,4.48513,4.48553
2262,4.46299,4.46211,4.46362,4.46282
2263,4.48782,4.48721,4.48855,4.4884
2264,4.45601,4.45656,4.45568,4.45729
2265,4.47859,4.47833,4.4768,4.47538
2266,4.46857,4.46889,4.46769,4.46771
2267,4.46792,4.46676,4.46646,4.46756
2268,4.47412,4.47284,4.47403,4.47256
2269,4.47276,4.47259,4.47131,4.47235
2270,4.45303,4.45278,4.45397,4.45249
2271,4.46791,4.47128,4.46946,4.46902
2272,4.47452,4.47325,4.47311,4.47463
2273,4.47296,4.47478,4.47344,4.47369
2274,4.46696,4.46575,4.46615,4.46665
2275,4.46918,4.46871,4.46812,4.4706
2276,4.47079,4.47132,4.47164,4.47113
2277,4.46364,4.46106,4.46253,4.4627
2278,4.46677,4.45913,4.4578,4.4582
2279,4.46296,4.46028,4.4619,4.46115
2280,4.46604,4.46787,4.4681,4.46702
2281,4.46557,4.46622,4.46566,4.46513
2282,4.46506,4.46525,4.46684,4.46401
2283,4.49242,4.47037,4.46922,4.46937
2284,4.48418,4.48279,4.4812,4.48284
2285,4.46852,4.46571,4.46783,4.46605
2286,4.46865,4.46886,4.46745,4.46944
2287,4.47093,4.47115,4.4699,4.47067
2288,4.46631,4.4597,4.46055,4.45989
2289,4.49251,4.47622,4.47521,4.47639
2290,4.48517,4.46153,4.45958,4.46049
2291,4.47867,4.48146,4.47911,4.48006
2292,4.47266,4.47251,4.47083,4.47122
2293,4.46004,4.45912,4.46015,4.46017
2294,4.47522,4.47449,4.47234,4.47452
2295,4.50025,4.48218,4.48103,4.48392
2296,4.47006,4.47061,4.47061,4.47032
2297,4.46862,4.46679,4.46719,4.46835
2298,4.45899,4.45732,4.45753,4.45656
2299,4.45789,4.45789,4.45965,4.45671
2300,4.47247,4.46624,4.46504,4.46709
2301,4.47411,4.4756,4.47525,4.4761
2302,4.45704,4.4554,4.45519,4.4553
2303,4.4952,4.46515,4.46553,4.46522
2304,4.47055,4.46582,4.46499,4.46699
2305,4.46542,4.46456,4.46353,4.46381
2306,4.47888,4.47634,4.47561,4.47621
2307,4.46022,4.45883,4.45842,4.45656
2308,4.46674,4.46605,4.46713,4.4648
2309,4.47617,4.4793,4.47814,4.47702
2310,4.46288,4.46343,4.46299,4.46144
2311,4.48441,4.47274,4.47203,4.47403
2312,4.45516,4.45458,4.45366,4.45346
2313,4.4658,4.46533,4.4663,4.46366
2314,4.47536,4.47381,4.47486,4.47308
2315,4.48579,4.48808,4.48772,4.48693
2316,4.48431,4.46811,4.46841,4.46792
2317,4.47821,4.47591,4.4762,4.47753
2318,4.46957,4.46867,4.46784,4.46933
2319,4.47215,4.47101,4.4702,4.46874
2320,4.46802,4.47004,4.47046,4.47179
2321,4.46538,4.46674,4.46469,4.46566
2322,4.47102,4.46968,4.47134,4.47247
2323,4.45854,4.4585,4.45893,4.4577
2324,4.48729,4.47007,4.4682,4.46717
2325,4.4826,4.48351,4.48378,4.48273
2326,4.46444,4.46259,4.46256,4.46334
2327,4.4611,4.45888,4.45929,4.4607
2328,4.46318,4.46214,4.46226,4.46229
2329,4.45795,4.4579,4.4583,4.45878
2330,4.4689,4.47002,4.47118,4.46868
2331,4.47328,4.47043,4.47021,4.46894
2332,4.47509,4.4648,4.46289,4.46619
2333,4.47739,4.46797,4.46823,4.46698
2334,4.47002,4.47105,4.47025,4.47003
2335,4.48897,4.48709,4.48686,4.48788
2336,4.46089,4.46171,4.46197,4.45946
2337,4.4634,4.46361,4.46287,4.46363
2338,4.45513,4.45417,4.45328,4.45297
2339,4.47233,4.47028,4.47022,4.47061
2340,4.46864,4.46974,4.46997,4.47138
2341,4.48089,4.46751,4.46709,4.46656
2342,4.45764,4.45895,4.45889,4.45865
2343,4.47429,4.47185,4.4713,4.47285
2344,4.46788,4.46708,4.46503,4.46516
2345,4.47058,4.46896,4.47043,4.46948
2346,4.46871,4.466,4.46758,4.46859
2347,4.46106,4.46229,4.46249,4.46222
2348,4.47035,4.46736,4.46756,4.4684
2349,4.45775,4.46054,4.45838,4.45806
2350,4.47096,4.46762,4.4673,4.46736
2351,4.48042,4.47796,4.47792,4.47829
2352,4.461,4.46087,4.46113,4.4612
2353,4.47566,4.47182,4.47234,4.47119
2354,4.46504,4.46478,4.46562,4.46525
2355,4.46554,4.46734,4.46634,4.46483
2356,4.45431,4.45614,4.45521,4.45392
2357,4.4678,4.46615,4.46686,4.46558
2358,4.45487,4.4538,4.45478,4.45298
2359,4.47174,4.46949,4.47122,4.46831
2360,4.4688,4.46924,4.47126,4.46967
2361,4.4898,4.4867,4.48708,4.48724
2362,4.47899,4.47933,4.47866,4.4782
2363,4.45851,4.45848,4.45582,4.45692
2364,4.47254,4.47112,4.46984,4.46984
2365,4.46367,4.4625,4.46342,4.4621
2366,4.46609,4.46753,4.46841,4.46712
2367,4.46514,4.46568,4.46601,4.46195
2368,4.46801,4.46667,4.46876,4.46751
2369,4.47129,4.46979,4.46997,4.47003
2370,4.46599,4.46682,4.46668,4.46344
2371,4.48164,4.47696,4.47471,4.47844
2372,4.47509,4.47453,4.47291,4.47159
2373,4.45976,4.45666,4.45791,4.45803
2374,4.46607,4.46636,4.46676,4.46542
2375,4.46466,4.46191,4.46172,4.46488
2376,4.46771,4.46845,4.46801,4.46569
2377,4.4654,4.46329,4.46309,4.46142
2378,4.45799,4.45728,4.45785,4.45454
2379,4.46903,4.47048,4.47016,4.4716
2380,4.45669,4.45743,4.45814,4.45717
2381,4.47378,4.47817,4.47455,4.47841
2382,4.47246,4.4728,4.47217,4.47158
2383,4.47864,4.48223,4.48113,4.48167
2384,4.4646,4.46722,4.46408,4.46382
2385,4.46475,4.46803,4.4654,4.46729
2386,4.45111,4.45,4.45051,4.4472
2387,4.46678,4.46176,4.46292,4.46025
2388,4.47042,4.46982,4.46998,4.46667
2389,4.4618,4.46449,4.4642,4.46565
2390,4.46015,4.46206,4.46143,4.45958
2391,4.4714,4.47127,4.47119,4.47383
2392,4.46674,4.46579,4.46556,4.46287
2393,4.46433,4.46375,4.46356,4.4625
2394,4.47223,4.47011,4.46909,4.46834
2395,4.4794,4.47968,4.47947,4.4788
2396,4.47241,4.47074,4.47241,4.47081
2397,4.47063,4.47104,4.47091,4.46778
2398,4.47681,4.47858,4.47718,4.47566
2399,4.46248,4.45677,4.45714,4.45258
2400,4.46766,4.46447,4.4637,4.4587
2401,4.47841,4.48068,4.47969,4.47556
2402,4.47291,4.46981,4.4691,4.46992
2403,4.46497,4.46763,4.46746,4.46774
2404,4.46961,4.46612,4.46675,4.46664
2405,4.4631,4.46076,4.4611,4.45936
2406,4.46526,4.4638,4.46472,4.4647
2407,4.46359,4.46428,4.46548,4.46625
2408,4.45441,4.45367,4.45363,4.44806
2409,4.4718,4.47129,4.47096,4.4693
2410,4.47519,4.47577,4.475,4.47202
2411,4.4862,4.48471,4.48492,4.47907
2412,4.46519,4.4647,4.46512,4.46454
2413,4.468,4.46691,4.46705,4.45864
2414,4.47135,4.47226,4.47261,4.47048
2415,4.46254,4.4616,4.46282,4.45651
2416,4.47626,4.47217,4.47216,4.46764
2417,4.46356,4.46237,4.46327,4.46041
2418,4.46419,4.4656,4.46489,4.46322
2419,4.46125,4.46232,4.46194,4.4559
2420,4.45483,4.45931,4.45776,4.45246
2421,4.4755,4.47383,4.4738,4.4779
2422,4.46539,4.46367,4.46337,4.46071
2423,4.47579,4.47404,4.47596,4.47151
2424,4.46047,4.45834,4.46036,4.45255
2425,4.46009,4.45721,4.45805,4.45507
2426,4.45773,4.45758,4.45785,4.4521
2427,4.46657,4.46485,4.46381,4.46431
2428,4.4693,4.47035,4.46844,4.47112
2429,4.47781,4.47627,4.4754,4.47493
2430,4.4676,4.46737,4.46701,4.46363
2431,4.47649,4.47588,4.47303,4.46871
2432,4.46804,4.46993,4.46996,4.46729
2433,4.47508,4.47409,4.4736,4.48018
2434,4.46416,4.46508,4.46435,4.46224
2435,4.46327,4.46044,4.46055,4.45588
2436,4.49306,4.49157,4.48999,4.4833
2437,4.46731,4.46777,4.46596,4.46248
2438,4.4681,4.46764,4.4678,4.46428
2439,4.46648,4.46617,4.46577,4.47005
2440,4.45987,4.46331,4.46121,4.45727
2441,4.44992,4.45123,4.44997,4.44531
2442,4.45734,4.45631,4.45663,4.4487
2443,4.46566,4.46774,4.4664,4.46782
2444,4.46319,4.46298,4.46365,4.46719
2445,4.47163,4.47055,4.47031,4.47202
2446,4.47478,4.47808,4.47653,4.46978
2447,4.45758,4.45846,4.456,4.4609
2448,4.46711,4.46538,4.46427,4.47414
2449,4.46598,4.4684,4.46803,4.47024
2450,4.47511,4.47045,4.46994,4.46905
2451,4.47599,4.47767,4.47586,4.46921
2452,4.46271,4.45973,4.45965,4.45784
2453,4.45539,4.45603,4.45454,4.45177
2454,4.46104,4.45991,4.45963,4.4574
2455,4.4572,4.45582,4.45584,4.4519
2456,4.47686,4.47704,4.47625,4.47767
2457,4.4717,4.47149,4.47227,4.46832
2458,4.46644,4.46685,4.46609,4.46392
2459,4.46589,4.46568,4.46536,4.46419
2460,4.47148,4.47041,4.47159,4.4688
2461,4.46353,4.46337,4.46354,4.46629
2462,4.47535,4.47655,4.47558,4.47813
2463,4.46452,4.46352,4.46288,4.46121
2464,4.46277,4.46097,4.4605,4.45695
2465,4.44713,4.44655,4.44741,4.44432
2466,4.46277,4.46175,4.46131,4.46014
2467,4.46085,4.46026,4.45971,4.45593
2468,4.47955,4.48317,4.48115,4.47409
2469,4.49693,4.49884,4.49663,4.49948
2470,4.46242,4.46252,4.46285,4.46073
2471,4.47417,4.47365,4.47275,4.46864
2472,4.46612,4.46499,4.46499,4.45879
2473,4.46588,4.46409,4.46416,4.45961
2474,4.47275,4.47178,4.47133,4.46504
2475,4.49536,4.49497,4.49382,4.49217
2476,4.46875,4.46823,4.46781,4.46001
2477,4.4675,4.46609,4.46612,4.46672
2478,4.44904,4.44768,4.44754,4.43642
2479,4.45985,4.46085,4.4599,4.45792
2480,4.46417,4.46328,4.46276,4.46314
2481,4.45901,4.45949,4.45984,4.46009
2482,4.46349,4.46186,4.46155,4.45933
2483,4.46807,4.46745,4.46689,4.46736
2484,4.46113,4.45961,4.45922,4.45682
2485,4.47267,4.47212,4.47193,4.46992
2486,4.48412,4.48357,4.48303,4.48895
2487,4.46027,4.46263,4.46133,4.46135
2488,4.49028,4.48992,4.49113,4.48444
2489,4.46405,4.46647,4.46587,4.46187
2490,4.4621,4.46104,4.46007,4.4586
2491,4.45864,4.45836,4.45835,4.45549
2492,4.47028,4.47159,4.47131,4.46899
2493,4.46141,4.46204,4.46101,4.45608
2494,4.48131,4.48181,4.48158,4.47771
2495,4.47385,4.47204,4.47323,4.47154
2496,4.45648,4.45749,4.45777,4.46297
2497,4.4794,4.4774,4.47932,4.47603
2498,4.46833,4.46725,4.46697,4.45984
2499,4.47078,4.46946,4.47033,4.46437
2500,4.46137,4.46104,4.46085,4.45962
2501,4.46805,4.4673,4.46579,4.46319
2502,4.47509,4.47613,4.47505,4.46978
2503,4.4735,4.47419,4.4739,4.46671
2504,4.47552,4.4751,4.47464,4.47114
2505,4.46968,4.46925,4.46864,4.46027
2506,4.45211,4.45138,4.45172,4.44824
2507,4.4639,4.46429,4.46322,4.46062
2508,4.46419,4.4635,4.46382,4.45663
2509,4.46704,4.46756,4.46861,4.46664
2510,4.46489,4.46626,4.46482,4.45916
2511,4.46098,4.46117,4.46109,4.45702
2512,4.48002,4.48061,4.48012,4.47359
2513,4.45647,4.45665,4.45671,4.45551
2514,4.47405,4.47316,4.47323,4.47338
2515,4.48112,4.48007,4.48035,4.4799
2516,4.45681,4.45417,4.45458,4.45102
2517,4.47668,4.47625,4.47578,4.47326
2518,4.47845,4.47817,4.47688,4.47395
2519,4.46983,4.46915,4.46964,4.46286
2520,4.474,4.47484,4.47381,4.46928
2521,4.4733,4.46946,4.46958,4.4586
2522,4.47466,4.47355,4.47359,4.47189
2523,4.45624,4.45472,4.45491,4.44799
2524,4.47213,4.47238,4.47208,4.46829
2525,4.4823,4.48399,4.48261,4.47649
2526,4.4591,4.45929,4.46015,4.45788
2527,4.46253,4.46322,4.46232,4.45958
2528,4.46932,4.46853,4.46788,4.46847
2529,4.46925,4.46837,4.46827,4.46258
2530,4.46607,4.46586,4.46552,4.46086
2531,4.4597,4.46026,4.46011,4.46291
2532,4.46686,4.46594,4.46619,4.46187
2533,4.47179,4.47086,4.47022,4.47286
2534,4.4692,4.46779,4.46849,4.46959
2535,4.46487,4.46496,4.46561,4.47091
2536,4.47538,4.47615,4.47558,4.47355
2537,4.46386,4.46429,4.4632,4.45354
2538,4.46442,4.46348,4.46286,4.46072
2539,4.46558,4.46714,4.46581,4.46178
2540,4.47457,4.47234,4.4719,4.47074
2541,4.46288,4.46222,4.46106,4.45398
2542,4.46328,4.46291,4.46314,4.45478
2543,4.44824,4.4509,4.44998,4.44177
2544,4.47787,4.47699,4.47617,4.4721
2545,4.46449,4.46495,4.46396,4.45606
2546,4.46177,4.46159,4.46131,4.45229
2547,4.47199,4.47243,4.4718,4.46595
2548,4.45973,4.47165,4.45913,4.45495
2549,4.45872,4.45925,4.46003,4.45435
2550,4.45793,4.4581,4.45905,4.46096
2551,4.45711,4.45914,4.45581,4.45491
2552,4.46651,4.47529,4.46594,4.45908
2553,4.45296,4.45258,4.4517,4.45069
2554,4.46766,4.46843,4.47034,4.46677
2555,4.45386,4.45401,4.45224,4.45503
2556,4.46157,4.46048,4.46113,4.44852
2557,4.4716,4.47123,4.47184,4.47203
2558,4.45124,4.46351,4.45215,4.45274
2559,4.47015,4.47142,4.47026,4.47341
2560,4.48182,4.48345,4.4828,4.48684
2561,4.46603,4.46735,4.46634,4.46194
2562,4.47611,4.4769,4.47506,4.47319
2563,4.47902,4.50361,4.4785,4.46965
2564,4.46511,4.46315,4.46486,4.46314
2565,4.47526,4.47446,4.47587,4.47482
2566,4.45928,4.46,4.46076,4.45631
2567,4.47527,4.47323,4.47397,4.46789
2568,4.46384,4.46674,4.46432,4.46651
2569,4.46733,4.46949,4.46831,4.46747
2570,4.47062,4.47172,4.47043,4.4641
2571,4.46666,4.46793,4.46658,4.46273
2572,4.45938,4.46018,4.46101,4.46095
2573,4.47124,4.47002,4.47005,4.47149
2574,4.45901,4.56082,4.46006,4.45315
2575,4.48294,4.72022,4.48318,4.48067
2576,4.45292,4.59187,4.45379,4.44806
2577,4.46684,4.49573,4.46758,4.46335
2578,4.45864,4.45782,4.45764,4.45538
2579,4.46675,4.46894,4.46601,4.45631
2580,4.45229,4.47374,4.45466,4.44962
2581,4.4683,4.47019,4.46825,4.46902
2582,4.47457,4.47722,4.47467,4.4706
2583,4.44488,4.46463,4.44402,4.4349
2584,4.48074,4.52395,4.48112,4.48384
2585,4.48297,4.50164,4.4826,4.47907
2586,4.47242,4.48054,4.47236,4.46737
2587,4.4685,4.46707,4.46702,4.46437
2588,4.47313,4.47457,4.47133,4.4667
2589,4.4677,4.46465,4.46281,4.45629
2590,4.46579,4.48303,4.4659,4.46529
2591,4.4667,4.46704,4.46567,4.45864
2592,4.46531,4.47008,4.46591,4.46001
2593,4.45593,4.46208,4.45669,4.44998
2594,4.47144,4.47495,4.47062,4.46797
2595,4.4783,4.48026,4.47873,4.47245
2596,4.46502,4.4659,4.46472,4.46542
2597,4.45033,4.47051,4.45084,4.45673
2598,4.4613,4.4646,4.46079,4.45683
2599,4.46519,4.46402,4.463,4.4595
2600,4.46509,4.46886,4.46565,4.45919
2601,4.45971,4.45807,4.45738,4.45427
2602,4.49043,4.49127,4.49025,4.4848
2603,4.47348,4.47208,4.47244,4.46948
2604,4.48,4.47946,4.4813,4.48093
2605,4.45843,4.46579,4.45685,4.44979
2606,4.46021,4.46145,4.45946,4.45789
2607,4.48499,4.49329,4.48428,4.48308
2608,4.47437,4.47795,4.475,4.47202
2609,4.45871,4.4618,4.45896,4.45348
2610,4.44569,4.44323,4.44504,4.44057
2611,4.47199,4.47244,4.47211,4.47415
2612,4.48999,4.49168,4.48927,4.47912
2613,4.46454,4.46658,4.4633,4.46618
2614,4.46073,4.46006,4.46165,4.46523
2615,4.45455,4.45782,4.45525,4.45077
2616,4.47074,4.46724,4.47249,4.47415
2617,4.47502,4.4771,4.47797,4.47549
2618,4.48592,4.49129,4.4872,4.48078
2619,4.46967,4.4712,4.46659,4.46893
2620,4.48077,4.47985,4.48077,4.47688
2621,4.46918,4.47118,4.46856,4.4609
2622,4.46819,4.46794,4.46837,4.47053
2623,4.47078,4.46842,4.46948,4.4618
2624,4.46554,4.46773,4.46397,4.46098
2625,4.44953,4.44864,4.44882,4.44182
2626,4.46083,4.46083,4.46361,4.45716
2627,4.46684,4.46364,4.46519,4.46123
2628,4.46136,4.46124,4.4614,4.46436
2629,4.47833,4.47621,4.47727,4.47384
2630,4.45571,4.45525,4.45555,4.45567
2631,4.46776,4.46751,4.46673,4.46401
2632,4.4806,4.48125,4.48028,4.4817
2633,4.47846,4.4776,4.47889,4.45584
2634,4.46765,4.46928,4.46925,4.45798
2635,4.45458,4.45656,4.45372,4.45546
2636,4.46895,4.46949,4.47049,4.46962
2637,4.46489,4.46538,4.46459,4.45635
2638,4.46036,4.45896,4.46019,4.4596
2639,4.47591,4.49324,4.47435,4.46342
2640,4.46487,4.4834,4.46272,4.46255
2641,4.47298,4.47561,4.47267,4.47399
2642,4.46819,4.46933,4.46696,4.46591
2643,4.47433,4.49279,4.47344,4.46159
2644,4.46705,4.46344,4.4639,4.46334
2645,4.47393,4.47641,4.47517,4.46981
2646,4.45591,4.45408,4.45553,4.4535
2647,4.46992,4.46929,4.47242,4.4762
2648,4.47073,4.47346,4.47239,4.4748
2649,4.46237,4.46135,4.46137,4.45646
2650,4.47177,4.47164,4.47126,4.46742
2651,4.47052,4.47647,4.47136,4.46711
2652,4.46398,4.46329,4.46453,4.47044
2653,4.45997,4.47546,4.4609,4.45429
2654,4.46865,4.47171,4.46824,4.47462
2655,4.46467,4.46787,4.46488,4.46322
2656,4.45477,4.45271,4.45359,4.44692
2657,4.46551,4.47853,4.46542,4.46197
2658,4.46502,4.50754,4.46341,4.45744
2659,4.46558,4.46821,4.4659,4.46105
2660,4.46619,4.46709,4.46605,4.46205
2661,4.4482,4.45228,4.44752,4.45252
2662,4.46097,4.46537,4.46256,4.45966
2663,4.46263,4.4629,4.46171,4.4593
2664,4.47087,4.46887,4.46928,4.47036
2665,4.47448,4.47732,4.4734,4.4738
2666,4.47015,4.47256,4.46973,4.46574
2667,4.45465,4.4546,4.4531,4.44888
2668,4.46486,4.46452,4.46425,4.45814
2669,4.46136,4.46217,4.46076,4.45367
2670,4.46328,4.46476,4.46313,4.46226
2671,4.46334,4.49632,4.46448,4.46294
2672,4.46232,4.46888,4.4642,4.4635
2673,4.47631,4.4752,4.47454,4.47091
2674,4.47209,4.48892,4.47106,4.47093
2675,4.46924,4.46889,4.46898,4.46982
2676,4.46745,4.47418,4.46822,4.46973
2677,4.47395,4.4703,4.47141,4.46581
2678,4.47341,4.47442,4.47409,4.47456
2679,4.47807,4.48374,4.47965,4.47943
2680,4.46971,4.46753,4.47078,4.46643
2681,4.4618,4.46368,4.46159,4.46066
2682,4.47252,4.4732,4.47229,4.47124
2683,4.47126,4.47064,4.47241,4.47015
2684,4.4677,4.47136,4.46752,4.46888
2685,4.48564,4.48392,4.48406,4.48557
2686,4.47234,4.46968,4.47091,4.46724
2687,4.4626,4.46338,4.4631,4.45827
2688,4.46318,4.46207,4.46362,4.45843
2689,4.47213,4.47626,4.47416,4.47274
2690,4.46393,4.46556,4.46416,4.46248
2691,4.4697,4.46765,4.46955,4.46447
2692,4.4663,4.46881,4.46611,4.4646
2693,4.46738,4.4606,4.46526,4.46496
2694,4.46185,4.46244,4.46102,4.45871
2695,4.46476,4.46154,4.46414,4.45467
2696,4.46388,4.45997,4.46253,4.4597
2697,4.46742,4.47188,4.46796,4.46467
2698,4.46783,4.46545,4.46723,4.46625
2699,4.46015,4.46202,4.45978,4.45901
2700,4.46946,4.4759,4.47017,4.46399
2701,4.47107,4.47367,4.47203,4.46938
2702,4.46359,4.46657,4.46534,4.46104
2703,4.47538,4.4775,4.47597,4.47766
2704,4.46161,4.46045,4.46085,4.46214
2705,4.47423,4.47864,4.47472,4.46033
2706,4.45686,4.45319,4.45561,4.4516
2707,4.46463,4.46545,4.46334,4.45274
2708,4.46899,4.47083,4.46788,4.46074
2709,4.46696,4.47251,4.46779,4.46152
2710,4.46063,4.46492,4.46213,4.46056
2711,4.45979,4.46373,4.46158,4.4583
2712,4.47275,4.47633,4.47368,4.47324
2713,4.47992,4.4795,4.47879,4.47918
2714,4.47384,4.47298,4.47313,4.46838
2715,4.47692,4.47764,4.47506,4.47728
2716,4.46918,4.469,4.46736,4.45886
2717,4.46923,4.46784,4.46961,4.4696
2718,4.46769,4.46852,4.46821,4.46725
2719,4.45986,4.45985,4.45871,4.45274
2720,4.46528,4.46668,4.46641,4.4587
2721,4.47309,4.47457,4.47363,4.46893
2722,4.47773,4.47817,4.47683,4.47147
2723,4.47443,4.47127,4.47488,4.4734
2724,4.46678,4.46631,4.46701,4.46358
2725,4.45971,4.45869,4.45934,4.45683
2726,4.46336,4.46388,4.46211,4.45886
2727,4.46597,4.46439,4.46624,4.45974
2728,4.46703,4.4665,4.46625,4.45427
2729,4.45907,4.46206,4.46072,4.45575
2730,4.46032,4.46058,4.45987,4.45594
2731,4.47145,4.46979,4.46959,4.46508
2732,4.47186,4.4708,4.46977,4.46927
2733,4.47003,4.4674,4.4679,4.47051
2734,4.46505,4.46437,4.46219,4.45677
2735,4.46637,4.46999,4.46669,4.46788
2736,4.46813,4.46987,4.46743,4.462
2737,4.4585,4.46374,4.45766,4.4537
2738,4.47044,4.46838,4.46957,4.45942
2739,4.4621,4.46133,4.46173,4.45459
2740,4.47542,4.47478,4.47461,4.46763
2741,4.47352,4.4748,4.47428,4.47061
2742,4.46483,4.46531,4.46368,4.45869
2743,4.45984,4.46082,4.45985,4.46266
2744,4.46501,4.46823,4.46489,4.46498
2745,4.47634,4.47879,4.47611,4.47855
2746,4.46384,4.46432,4.46532,4.45732
2747,4.47188,4.47014,4.47357,4.46335
2748,4.46534,4.46554,4.46509,4.4599
2749,4.45545,4.45992,4.45487,4.44948
2750,4.45312,4.45408,4.45301,4.45454
2751,4.46318,4.46368,4.46253,4.46533
2752,4.46557,4.46852,4.4657,4.46248
2753,4.46631,4.46456,4.4648,4.4558
2754,4.46856,4.46702,4.46649,4.47117
2755,4.4808,4.48156,4.48009,4.48317
2756,4.47263,4.47463,4.47276,4.4587
2757,4.47159,4.4712,4.4727,4.4747
2758,4.45505,4.45559,4.45592,4.45237
2759,4.46304,4.462,4.46287,4.45782
2760,4.4648,4.46843,4.46612,4.46614
2761,4.46331,4.4632,4.46356,4.45479
2762,4.4718,4.47222,4.47069,4.46147
2763,4.46133,4.4588,4.46151,4.46482
2764,4.46426,4.46945,4.46468,4.45917
2765,4.47303,4.47316,4.47329,4.46786
2766,4.46771,4.46732,4.4668,4.46922
2767,4.47489,4.47516,4.47412,4.46849
2768,4.46194,4.46108,4.46078,4.4519
2769,4.4625,4.46211,4.46261,4.45424
2770,4.46258,4.46317,4.46266,4.46624
2771,4.46513,4.4645,4.4634,4.46412
2772,4.4765,4.47683,4.47578,4.46564
2773,4.46498,4.46624,4.46481,4.46298
2774,4.46321,4.46351,4.46464,4.45934
2775,4.45717,4.45754,4.45768,4.4537
2776,4.46255,4.46217,4.46186,4.46174
2777,4.45707,4.45802,4.45616,4.45193
2778,4.4728,4.47109,4.47312,4.46804
2779,4.4594,4.45937,4.45937,4.45359
2780,4.46648,4.4621,4.46567,4.46379
2781,4.46556,4.46415,4.46674,4.46184
2782,4.46849,4.46779,4.46756,4.45884
2783,4.4736,4.47447,4.47351,4.46589
2784,4.46141,4.46176,4.46105,4.45372
2785,4.46432,4.46264,4.46381,4.46161
2786,4.4626,4.46236,4.46268,4.45646
2787,4.46925,4.47117,4.46954,4.46602
2788,4.46167,4.46072,4.46232,4.45068
2789,4.46668,4.46703,4.46791,4.4821
2790,4.46286,4.46086,4.46177,4.4601
2791,4.45927,4.4597,4.45911,4.45501
2792,4.46724,4.46699,4.46717,4.46827
2793,4.47594,4.47888,4.47727,4.47125
2794,4.47316,4.47194,4.47147,4.46839
2795,4.46548,4.46695,4.4677,4.46353
2796,4.46714,4.46625,4.46537,4.45898
2797,4.45323,4.45261,4.45315,4.45881
2798,4.45888,4.45829,4.45815,4.46378
2799,4.45851,4.45747,4.45845,4.45429
2800,4.46445,4.4619,4.46286,4.46086
2801,4.48743,4.4865,4.48561,4.48103
2802,4.47342,4.4738,4.4745,4.47189
2803,4.47715,4.47446,4.47506,4.46747
2804,4.44471,4.44252,4.44382,4.43973
2805,4.47702,4.47632,4.47523,4.48669
2806,4.45784,4.45853,4.4585,4.45309
2807,4.44985,4.44984,4.44863,4.44664
2808,4.46781,4.46853,4.46712,4.47574
2809,4.47173,4.4717,4.47116,4.47285
2810,4.47342,4.47678,4.47256,4.46887
2811,4.46661,4.46596,4.46583,4.46381
2812,4.46465,4.4681,4.46542,4.46035
2813,4.46438,4.46534,4.46539,4.46044
2814,4.44537,4.44495,4.44696,4.44005
2815,4.46154,4.46219,4.46065,4.45414
2816,4.45438,4.45346,4.45394,4.44323
2817,4.46617,4.46466,4.46604,4.46569
2818,4.46414,4.46514,4.46314,4.46101
2819,4.48411,4.48616,4.48335,4.47897
2820,4.46769,4.46828,4.46863,4.46236
2821,4.46943,4.4723,4.47007,4.46337
2822,4.47551,4.47568,4.47586,4.47405
2823,4.44931,4.44991,4.44994,4.44311
2824,4.46913,4.46628,4.46873,4.45924
2825,4.48025,4.47938,4.47792,4.47554
2826,4.4593,4.46072,4.46094,4.45641
2827,4.47288,4.4696,4.47026,4.47498
2828,4.45624,4.45408,4.45654,4.44905
2829,4.46128,4.46094,4.46032,4.45734
2830,4.46262,4.46593,4.46379,4.46084
2831,4.4793,4.48227,4.47921,4.47164
2832,4.46294,4.46358,4.46418,4.46722
2833,4.45731,4.45737,4.45698,4.44816
2834,4.46397,4.46496,4.46552,4.45955
2835,4.4649,4.46744,4.46491,4.46128
2836,4.47044,4.4734,4.46999,4.47057
2837,4.47707,4.47703,4.4766,4.47406
2838,4.47689,4.47796,4.47678,4.47819
2839,4.46279,4.46373,4.4635,4.45705
2840,4.46071,4.46431,4.46118,4.45804
2841,4.46572,4.46778,4.46513,4.46083
2842,4.4596,4.46156,4.46013,4.45616
2843,4.4656,4.46558,4.46563,4.46473
2844,4.48023,4.47973,4.47975,4.47463
2845,4.45619,4.45535,4.45681,4.45185
2846,4.47301,4.47152,4.47251,4.46672
2847,4.48183,4.48217,4.48195,4.47479
2848,4.47275,4.47318,4.4733,4.47477
2849,4.46104,4.46167,4.46093,4.46142
2850,4.47537,4.47595,4.4758,4.47641
2851,4.46683,4.46953,4.4686,4.46524
2852,4.46292,4.46114,4.46056,4.46068
2853,4.46343,4.45893,4.46154,4.45599
2854,4.4723,4.47315,4.47379,4.47039
2855,4.46821,4.46951,4.46926,4.46259
2856,4.4753,4.47795,4.47513,4.46888
2857,4.46731,4.46783,4.46675,4.46226
2858,4.45314,4.45282,4.45238,4.4492
2859,4.46878,4.46897,4.46809,4.46665
2860,4.47821,4.47923,4.47672,4.4684
2861,4.47312,4.4717,4.47227,4.47219
2862,4.47176,4.47325,4.47232,4.47474
2863,4.47335,4.4737,4.4733,4.47217
2864,4.47129,4.47124,4.47264,4.46602
2865,4.47535,4.47348,4.47368,4.47435
2866,4.46738,4.4668,4.4683,4.46614
2867,4.46614,4.46543,4.46544,4.46446
2868,4.46355,4.46611,4.46323,4.46222
2869,4.47658,4.4772,4.4768,4.47126
2870,4.47142,4.47238,4.47091,4.47134
2871,4.46221,4.46566,4.46194,4.46137
2872,4.46415,4.46651,4.46565,4.45985
2873,4.46626,4.46474,4.46496,4.4631
2874,4.46569,4.46767,4.46666,4.4627
2875,4.46652,4.4679,4.46602,4.4558
2876,4.46155,4.46018,4.45944,4.45713
2877,4.4655,4.46771,4.46553,4.45706
2878,4.45687,4.45512,4.45688,4.45685
2879,4.46335,4.46289,4.46307,4.47031
2880,4.45927,4.45814,4.45779,4.45392
2881,4.47412,4.47658,4.47204,4.47057
2882,4.46749,4.47048,4.46904,4.46493
2883,4.46122,4.46072,4.46049,4.4546
2884,4.45644,4.45468,4.45524,4.45144
2885,4.46513,4.46391,4.4623,4.46155
2886,4.47581,4.48115,4.47632,4.47217
2887,4.45782,4.4606,4.45796,4.45513
2888,4.47035,4.47126,4.47018,4.46907
2889,4.46438,4.46116,4.46411,4.45661
2890,4.46292,4.46443,4.46448,4.46288
2891,4.46345,4.46474,4.46397,4.46558
2892,4.46372,4.46456,4.46327,4.45954
2893,4.45995,4.45899,4.4583,4.45648
2894,4.47879,4.47712,4.47676,4.4729
2895,4.48249,4.48341,4.48272,4.47465
2896,4.47212,4.47319,4.47174,4.46965
2897,4.47149,4.47211,4.47255,4.47072
2898,4.46162,4.46163,4.46184,4.46202
2899,4.46117,4.46352,4.46081,4.45403
2900,4.47462,4.47356,4.47416,4.47214
2901,4.46406,4.46189,4.46287,4.46041
2902,4.46804,4.46825,4.46883,4.46181
2903,4.46566,4.46489,4.46503,4.46023
2904,4.46675,4.46645,4.46691,4.46612
2905,4.47538,4.47447,4.47518,4.47109
2906,4.47541,4.47743,4.47496,4.48311
2907,4.46493,4.46779,4.46548,4.46581
2908,4.46072,4.46475,4.4608,4.45894
2909,4.45568,4.45716,4.45533,4.45312
2910,4.47513,4.47906,4.47573,4.4693
2911,4.47687,4.47481,4.47541,4.47178
2912,4.47203,4.4712,4.47043,4.46935
2913,4.46089,4.48278,4.46072,4.45549
2914,4.47256,4.47075,4.47068,4.46483
2915,4.46166,4.46005,4.4613,4.45207
2916,4.46089,4.46299,4.46137,4.45233
2917,4.46498,4.46275,4.46319,4.46239
2918,4.44886,4.44861,4.44816,4.45077
2919,4.46583,4.46547,4.46492,4.46278
2920,4.47973,4.47987,4.478,4.47407
2921,4.45993,4.45969,4.45904,4.45772
2922,4.46471,4.46571,4.46307,4.46078
2923,4.47912,4.48332,4.47965,4.47465
2924,4.46686,4.46663,4.46635,4.46099
2925,4.46705,4.46773,4.46746,4.46169
2926,4.46473,4.4635,4.46311,4.46227
2927,4.45606,4.45555,4.45714,4.46034
2928,4.45969,4.45999,4.45924,4.45476
2929,4.46298,4.46152,4.4624,4.44956
2930,4.47475,4.47686,4.47503,4.47453
2931,4.46545,4.46491,4.46519,4.45535
2932,4.46771,4.46842,4.46721,4.46953
2933,4.45503,4.45511,4.45639,4.45898
2934,4.47669,4.47935,4.4775,4.47766
2935,4.47175,4.4746,4.47331,4.47182
2936,4.47582,4.47763,4.47709,4.47785
2937,4.47803,4.47873,4.47767,4.47184
2938,4.47192,4.47065,4.47087,4.46998
2939,4.46107,4.46254,4.46192,4.45616
2940,4.45786,4.47356,4.4583,4.45388
2941,4.4772,4.48011,4.47838,4.46483
2942,4.47562,4.47648,4.47596,4.47473
2943,4.47038,4.47159,4.47094,4.46602
2944,4.47147,4.47075,4.4708,4.47045
2945,4.48078,4.47955,4.47964,4.47597
2946,4.46377,4.46545,4.46375,4.45672
2947,4.47219,4.47127,4.47126,4.46435
2948,4.46574,4.46511,4.46385,4.46151
2949,4.4661,4.46697,4.4666,4.46333
2950,4.45967,4.4601,4.45998,4.45022
2951,4.4817,4.49754,4.48074,4.47539
2952,4.47592,4.47622,4.47455,4.47862
2953,4.46239,4.47743,4.46183,4.45592
2954,4.45781,4.47526,4.45948,4.45073
2955,4.46516,4.46578,4.46504,4.4601
2956,4.46469,4.46353,4.46309,4.46455
2957,4.46205,4.46403,4.46168,4.459
2958,4.47079,4.47174,4.47131,4.46561
2959,4.45233,4.45272,4.45245,4.44508
2960,4.46648,4.46843,4.46496,4.46036
2961,4.46733,4.46838,4.46524,4.4614
2962,4.46073,4.4615,4.45977,4.44955
2963,4.46681,4.46834,4.46659,4.46815
2964,4.48267,4.48098,4.48025,4.47827
2965,4.46403,4.46784,4.46367,4.45967
2966,4.47083,4.47309,4.46859,4.46692
2967,4.48222,4.48304,4.48112,4.47621
2968,4.47628,4.47387,4.47525,4.47047
2969,4.46422,4.46461,4.46619,4.46771
2970,4.47726,4.47927,4.47662,4.4765
2971,4.47036,4.47129,4.47014,4.46562
2972,4.47562,4.47461,4.47488,4.46311
2973,4.46796,4.46464,4.4666,4.45895
2974,4.46216,4.46149,4.46163,4.47094
2975,4.47192,4.47228,4.47253,4.46373
2976,4.46826,4.4669,4.46796,4.46654
2977,4.46168,4.46299,4.46105,4.45118
2978,4.46921,4.47102,4.4669,4.46767
2979,4.45786,4.45959,4.45904,4.45538
2980,4.47214,4.47507,4.4732,4.466
2981,4.47056,4.47325,4.46984,4.46891
2982,4.45798,4.45801,4.45766,4.45916
2983,4.46913,4.46774,4.46637,4.45983
2984,4.47991,4.47909,4.4791,4.47069
2985,4.47372,4.47485,4.47434,4.46393
2986,4.47333,4.47264,4.47368,4.4726
2987,4.47321,4.47435,4.47332,4.47
2988,4.48189,4.48414,4.483,4.48634
2989,4.46821,4.46853,4.46801,4.46861
2990,4.45964,4.46548,4.45884,4.45812
2991,4.4671,4.46803,4.46669,4.4569
2992,4.45492,4.45422,4.45431,4.44937
2993,4.4659,4.46728,4.4653,4.46523
2994,4.47794,4.48185,4.47926,4.47719
2995,4.47433,4.47565,4.47347,4.47206
2996,4.45919,4.46136,4.46002,4.45648
2997,4.47314,4.47278,4.4721,4.46489
2998,4.46409,4.46614,4.46247,4.46203
2999,4.4508,4.45171,4.45208,4.4509
3000,4.47316,4.47357,4.47397,4.46312
